{
  "$type": "DecorationMaster.ItemSettings, DecorationMaster",
  "scene_name": "Abyss_12",
  "mod_version": 0.5,
  "items": {
    "$type": "System.Collections.Generic.List`1[[DecorationMaster.Item, DecorationMaster]], mscorlib",
    "$values": [
      {
        "$type": "DecorationMaster.ItemDef+DefaultItem, DecorationMaster",
        "sceneName": "Abyss_12",
        "pname": "IMG_RespawnPoint",
        "position": {
          "$type": "DecorationMaster.V2, DecorationMaster",
          "x": 156.825577,
          "y": 14.5500917
        }
      },
      {
        "$type": "DecorationMaster.ItemDef+DefatulResizeItem, DecorationMaster",
        "size": 2.0,
        "angle": 180,
        "sceneName": "Abyss_12",
        "pname": "white_thorn",
        "position": {
          "$type": "DecorationMaster.V2, DecorationMaster",
          "x": 156.240692,
          "y": 17.8944321
        }
      },
      {
        "$type": "DecorationMaster.ItemDef+DefatulResizeItem, DecorationMaster",
        "size": 2.0,
        "angle": 180,
        "sceneName": "Abyss_12",
        "pname": "white_thorn",
        "position": {
          "$type": "DecorationMaster.V2, DecorationMaster",
          "x": 163.999817,
          "y": 18.5543022
        }
      },
      {
        "$type": "DecorationMaster.ItemDef+DefatulResizeItem, DecorationMaster",
        "size": 2.0,
        "angle": 180,
        "sceneName": "Abyss_12",
        "pname": "white_thorn",
        "position": {
          "$type": "DecorationMaster.V2, DecorationMaster",
          "x": 169.73407,
          "y": 19.01921
        }
      },
      {
        "$type": "DecorationMaster.ItemDef+DefatulResizeItem, DecorationMaster",
        "size": 1.0,
        "angle": 210,
        "sceneName": "Abyss_12",
        "pname": "white_thorn",
        "position": {
          "$type": "DecorationMaster.V2, DecorationMaster",
          "x": 151.802414,
          "y": 15.8548326
        }
      },
      {
        "$type": "DecorationMaster.ItemDef+DefaultItem, DecorationMaster",
        "sceneName": "Abyss_12",
        "pname": "IMG_RespawnPoint",
        "position": {
          "$type": "DecorationMaster.V2, DecorationMaster",
          "x": 106.830032,
          "y": 16.33474
        }
      },
      {
        "$type": "DecorationMaster.ItemDef+DefaultItem, DecorationMaster",
        "sceneName": "Abyss_12",
        "pname": "IMG_scream",
        "position": {
          "$type": "DecorationMaster.V2, DecorationMaster",
          "x": 47.3298836,
          "y": 13.9647884
        }
      },
      {
        "$type": "DecorationMaster.MyBehaviour.Bench+BenchItem, DecorationMaster",
        "bench_name": "D_bench1_730843_00414185",
        "sceneName": "Abyss_12",
        "pname": "HK_bench",
        "position": {
          "$type": "DecorationMaster.V2, DecorationMaster",
          "x": 47.56983,
          "y": 8.43088
        }
      },
      {
        "$type": "DecorationMaster.MyBehaviour.Bench+BenchItem, DecorationMaster",
        "bench_name": "D_bench1_853576_00414195",
        "sceneName": "Abyss_12",
        "pname": "HK_bench",
        "position": {
          "$type": "DecorationMaster.V2, DecorationMaster",
          "x": 44.9153557,
          "y": 5.641431
        }
      },
      {
        "$type": "DecorationMaster.MyBehaviour.Bench+BenchItem, DecorationMaster",
        "bench_name": "D_bench1_327310_00414201",
        "sceneName": "Abyss_12",
        "pname": "HK_bench",
        "position": {
          "$type": "DecorationMaster.V2, DecorationMaster",
          "x": 50.11933,
          "y": 5.5664444
        }
      },
      {
        "$type": "DecorationMaster.MyBehaviour.Bench+BenchItem, DecorationMaster",
        "bench_name": "D_bench1_343300_00414203",
        "sceneName": "Abyss_12",
        "pname": "HK_bench",
        "position": {
          "$type": "DecorationMaster.V2, DecorationMaster",
          "x": 42.90575,
          "y": 5.641431
        }
      },
      {
        "$type": "DecorationMaster.MyBehaviour.Bench+BenchItem, DecorationMaster",
        "bench_name": "D_bench1_870362_00414221",
        "sceneName": "Abyss_12",
        "pname": "HK_bench",
        "position": {
          "$type": "DecorationMaster.V2, DecorationMaster",
          "x": 52.0839462,
          "y": 5.536453
        }
      }
    ]
  }
}