{
  "$type": "DecorationMaster.ItemSettings, DecorationMaster",
  "scene_name": "Abyss_15",
  "mod_version": 0.5,
  "items": {
    "$type": "System.Collections.Generic.List`1[[DecorationMaster.Item, DecorationMaster]], mscorlib",
    "$values": [
      {
        "$type": "DecorationMaster.MyBehaviour.ModifyGameItem+DisableCollider+PreventMisOPItem, DecorationMaster",
        "placed": false,
        "sceneName": "Abyss_15",
        "pname": "disable_col",
        "position": {
          "$type": "DecorationMaster.V2, DecorationMaster",
          "x": 91.91979,
          "y": 109.901314
        }
      },
      {
        "$type": "DecorationMaster.MyBehaviour.ModifyGameItem+DisableCollider+PreventMisOPItem, DecorationMaster",
        "placed": false,
        "sceneName": "Abyss_15",
        "pname": "disable_col",
        "position": {
          "$type": "DecorationMaster.V2, DecorationMaster",
          "x": 96.65885,
          "y": 109.946312
        }
      },
      {
        "$type": "DecorationMaster.MyBehaviour.ModifyGameItem+DisableCollider+PreventMisOPItem, DecorationMaster",
        "placed": false,
        "sceneName": "Abyss_15",
        "pname": "disable_col",
        "position": {
          "$type": "DecorationMaster.V2, DecorationMaster",
          "x": 93.76825,
          "y": 95.86902
        }
      },
      {
        "$type": "DecorationMaster.MyBehaviour.ModifyGameItem+DisableCollider+PreventMisOPItem, DecorationMaster",
        "placed": false,
        "sceneName": "Abyss_15",
        "pname": "disable_col",
        "position": {
          "$type": "DecorationMaster.V2, DecorationMaster",
          "x": 97.45401,
          "y": 95.84835
        }
      },
      {
        "$type": "DecorationMaster.MyBehaviour.ModifyGameItem+DisableCollider+PreventMisOPItem, DecorationMaster",
        "placed": false,
        "sceneName": "Abyss_15",
        "pname": "disable_col",
        "position": {
          "$type": "DecorationMaster.V2, DecorationMaster",
          "x": 127.965073,
          "y": 96.94328
        }
      },
      {
        "$type": "DecorationMaster.MyBehaviour.ModifyGameItem+DisableCollider+PreventMisOPItem, DecorationMaster",
        "placed": false,
        "sceneName": "Abyss_15",
        "pname": "disable_col",
        "position": {
          "$type": "DecorationMaster.V2, DecorationMaster",
          "x": 128.025055,
          "y": 94.99367
        }
      },
      {
        "$type": "DecorationMaster.MyBehaviour.ModifyGameItem+DisableCollider+PreventMisOPItem, DecorationMaster",
        "placed": false,
        "sceneName": "Abyss_15",
        "pname": "disable_col",
        "position": {
          "$type": "DecorationMaster.V2, DecorationMaster",
          "x": 159.866852,
          "y": 97.29833
        }
      },
      {
        "$type": "DecorationMaster.MyBehaviour.ModifyGameItem+DisableCollider+PreventMisOPItem, DecorationMaster",
        "placed": false,
        "sceneName": "Abyss_15",
        "pname": "disable_col",
        "position": {
          "$type": "DecorationMaster.V2, DecorationMaster",
          "x": 159.885681,
          "y": 94.98668
        }
      },
      {
        "$type": "DecorationMaster.MyBehaviour.ModifyGameItem+DisableCollider+PreventMisOPItem, DecorationMaster",
        "placed": false,
        "sceneName": "Abyss_15",
        "pname": "disable_col",
        "position": {
          "$type": "DecorationMaster.V2, DecorationMaster",
          "x": 64.07456,
          "y": 107.878784
        }
      },
      {
        "$type": "DecorationMaster.ItemDef+DefatulResizeItem, DecorationMaster",
        "size": 2.0,
        "angle": 0,
        "sceneName": "Abyss_15",
        "pname": "edge",
        "position": {
          "$type": "DecorationMaster.V2, DecorationMaster",
          "x": 41.8412666,
          "y": 111.228165
        }
      },
      {
        "$type": "DecorationMaster.ItemDef+DefatulResizeItem, DecorationMaster",
        "size": 2.0,
        "angle": 0,
        "sceneName": "Abyss_15",
        "pname": "edge",
        "position": {
          "$type": "DecorationMaster.V2, DecorationMaster",
          "x": 62.1516724,
          "y": 111.226578
        }
      },
      {
        "$type": "DecorationMaster.ItemDef+DefatulResizeItem, DecorationMaster",
        "size": 2.0,
        "angle": 0,
        "sceneName": "Abyss_15",
        "pname": "edge",
        "position": {
          "$type": "DecorationMaster.V2, DecorationMaster",
          "x": 82.23993,
          "y": 111.224976
        }
      },
      {
        "$type": "DecorationMaster.ItemDef+DefatulResizeItem, DecorationMaster",
        "size": 2.0,
        "angle": 0,
        "sceneName": "Abyss_15",
        "pname": "edge",
        "position": {
          "$type": "DecorationMaster.V2, DecorationMaster",
          "x": 102.539169,
          "y": 111.224976
        }
      },
      {
        "$type": "DecorationMaster.ItemDef+DefatulResizeItem, DecorationMaster",
        "size": 2.0,
        "angle": 0,
        "sceneName": "Abyss_15",
        "pname": "edge",
        "position": {
          "$type": "DecorationMaster.V2, DecorationMaster",
          "x": 122.818222,
          "y": 111.223366
        }
      },
      {
        "$type": "DecorationMaster.ItemDef+DefatulResizeItem, DecorationMaster",
        "size": 2.0,
        "angle": 0,
        "sceneName": "Abyss_15",
        "pname": "edge",
        "position": {
          "$type": "DecorationMaster.V2, DecorationMaster",
          "x": 142.9515,
          "y": 111.221786
        }
      },
      {
        "$type": "DecorationMaster.ItemDef+DefatulResizeItem, DecorationMaster",
        "size": 2.0,
        "angle": 0,
        "sceneName": "Abyss_15",
        "pname": "edge",
        "position": {
          "$type": "DecorationMaster.V2, DecorationMaster",
          "x": 163.231873,
          "y": 111.220184
        }
      },
      {
        "$type": "DecorationMaster.ItemDef+DefatulResizeItem, DecorationMaster",
        "size": 2.0,
        "angle": 90,
        "sceneName": "Abyss_15",
        "pname": "edge",
        "position": {
          "$type": "DecorationMaster.V2, DecorationMaster",
          "x": 165.133881,
          "y": 75.2444839
        }
      },
      {
        "$type": "DecorationMaster.ItemDef+DefatulResizeItem, DecorationMaster",
        "size": 2.0,
        "angle": 90,
        "sceneName": "Abyss_15",
        "pname": "edge",
        "position": {
          "$type": "DecorationMaster.V2, DecorationMaster",
          "x": 165.117218,
          "y": 95.9221344
        }
      },
      {
        "$type": "DecorationMaster.ItemDef+DefatulResizeItem, DecorationMaster",
        "size": 1.0,
        "angle": 90,
        "sceneName": "Abyss_15",
        "pname": "edge",
        "position": {
          "$type": "DecorationMaster.V2, DecorationMaster",
          "x": 165.108368,
          "y": 110.96032
        }
      },
      {
        "$type": "DecorationMaster.MyBehaviour.Bench+BenchItem, DecorationMaster",
        "bench_name": "D_bench1_318861_99201806",
        "sceneName": "Abyss_15",
        "pname": "HK_bench",
        "position": {
          "$type": "DecorationMaster.V2, DecorationMaster",
          "x": 14.5885935,
          "y": 4.83568
        }
      },
      {
        "$type": "DecorationMaster.ItemDef+LoreTablet1, DecorationMaster",
        "Text": "“圣巢最深处”",
        "size": 0.560671151,
        "angle": 0,
        "sceneName": "Abyss_15",
        "pname": "HK_lore_tablet_1",
        "position": {
          "$type": "DecorationMaster.V2, DecorationMaster",
          "x": 17.1195068,
          "y": 5.255598
        }
      },
      {
        "$type": "DecorationMaster.MyBehaviour.Bench+BenchItem, DecorationMaster",
        "bench_name": "D_bench1_571784_99202193",
        "sceneName": "Abyss_15",
        "pname": "HK_bench",
        "position": {
          "$type": "DecorationMaster.V2, DecorationMaster",
          "x": 145.4393,
          "y": 11.1707726
        }
      },
      {
        "$type": "DecorationMaster.MyBehaviour.Bench+BenchItem, DecorationMaster",
        "bench_name": "D_bench1_643464_99202216",
        "sceneName": "Abyss_15",
        "pname": "HK_bench",
        "position": {
          "$type": "DecorationMaster.V2, DecorationMaster",
          "x": 145.4993,
          "y": 12.7454634
        }
      },
      {
        "$type": "DecorationMaster.MyBehaviour.ModifyGameItem+DisableCollider+PreventMisOPItem, DecorationMaster",
        "placed": false,
        "sceneName": "Abyss_15",
        "pname": "disable_col",
        "position": {
          "$type": "DecorationMaster.V2, DecorationMaster",
          "x": 63.773407,
          "y": 95.7187347
        }
      },
      {
        "$type": "DecorationMaster.ItemDef+DefatulResizeItem, DecorationMaster",
        "size": 0.2,
        "angle": 0,
        "sceneName": "Abyss_15",
        "pname": "edge",
        "position": {
          "$type": "DecorationMaster.V2, DecorationMaster",
          "x": 32.80343,
          "y": 72.9984055
        }
      },
      {
        "$type": "DecorationMaster.ItemDef+DefatulResizeItem, DecorationMaster",
        "size": 2.0,
        "angle": 0,
        "sceneName": "Abyss_15",
        "pname": "edge",
        "position": {
          "$type": "DecorationMaster.V2, DecorationMaster",
          "x": 42.149025,
          "y": 80.9984
        }
      },
      {
        "$type": "DecorationMaster.ItemDef+DefatulResizeItem, DecorationMaster",
        "size": 1.54,
        "angle": 0,
        "sceneName": "Abyss_15",
        "pname": "edge",
        "position": {
          "$type": "DecorationMaster.V2, DecorationMaster",
          "x": 37.9619637,
          "y": 84.19117
        }
      },
      {
        "$type": "DecorationMaster.ItemDef+DefatulResizeItem, DecorationMaster",
        "size": 2.0,
        "angle": 270,
        "sceneName": "Abyss_15",
        "pname": "zote_wall",
        "position": {
          "$type": "DecorationMaster.V2, DecorationMaster",
          "x": 44.28586,
          "y": 72.06859
        }
      },
      {
        "$type": "DecorationMaster.ItemDef+DefatulResizeItem, DecorationMaster",
        "size": 0.459999979,
        "angle": 0,
        "sceneName": "Abyss_15",
        "pname": "edge",
        "position": {
          "$type": "DecorationMaster.V2, DecorationMaster",
          "x": 39.4276352,
          "y": 72.9984055
        }
      },
      {
        "$type": "DecorationMaster.ItemDef+DefatulResizeItem, DecorationMaster",
        "size": 1.0,
        "angle": 0,
        "sceneName": "Abyss_15",
        "pname": "edge",
        "position": {
          "$type": "DecorationMaster.V2, DecorationMaster",
          "x": 36.95116,
          "y": 63.99248
        }
      },
      {
        "$type": "DecorationMaster.MyBehaviour.DefaultBehaviour+SharedItem, DecorationMaster",
        "size": 2.0,
        "angle": 348,
        "sceneName": "Abyss_15",
        "pname": "HK_platform_small",
        "position": {
          "$type": "DecorationMaster.V2, DecorationMaster",
          "x": 41.1414,
          "y": 63.5549164
        }
      },
      {
        "$type": "DecorationMaster.MyBehaviour.DefaultBehaviour+SharedItem, DecorationMaster",
        "size": 0.459999979,
        "angle": 55,
        "sceneName": "Abyss_15",
        "pname": "HK_platform_small",
        "position": {
          "$type": "DecorationMaster.V2, DecorationMaster",
          "x": 39.853,
          "y": 64.17836
        }
      },
      {
        "$type": "DecorationMaster.ItemDef+DefatulResizeItem, DecorationMaster",
        "size": 0.82,
        "angle": 90,
        "sceneName": "Abyss_15",
        "pname": "edge",
        "position": {
          "$type": "DecorationMaster.V2, DecorationMaster",
          "x": 39.942482,
          "y": 68.8395538
        }
      },
      {
        "$type": "DecorationMaster.MyBehaviour.DefaultBehaviour+SharedItem, DecorationMaster",
        "size": 0.548087239,
        "angle": 180,
        "sceneName": "Abyss_15",
        "pname": "HK_quake_floor",
        "position": {
          "$type": "DecorationMaster.V2, DecorationMaster",
          "x": 37.0084229,
          "y": 64.5775146
        }
      },
      {
        "$type": "DecorationMaster.MyBehaviour.ModifyGameItem+DisableCollider+PreventMisOPItem, DecorationMaster",
        "placed": false,
        "sceneName": "Abyss_15",
        "pname": "disable_col",
        "position": {
          "$type": "DecorationMaster.V2, DecorationMaster",
          "x": 129.351685,
          "y": 64.05017
        }
      },
      {
        "$type": "DecorationMaster.MyBehaviour.ModifyGameItem+DisableCollider+PreventMisOPItem, DecorationMaster",
        "placed": false,
        "sceneName": "Abyss_15",
        "pname": "disable_col",
        "position": {
          "$type": "DecorationMaster.V2, DecorationMaster",
          "x": 127.14415,
          "y": 63.99764
        }
      },
      {
        "$type": "DecorationMaster.MyBehaviour.ModifyGameItem+DisableCollider+PreventMisOPItem, DecorationMaster",
        "placed": false,
        "sceneName": "Abyss_15",
        "pname": "disable_col",
        "position": {
          "$type": "DecorationMaster.V2, DecorationMaster",
          "x": 95.8834152,
          "y": 63.77362
        }
      },
      {
        "$type": "DecorationMaster.MyBehaviour.ModifyGameItem+DisableCollider+PreventMisOPItem, DecorationMaster",
        "placed": false,
        "sceneName": "Abyss_15",
        "pname": "disable_col",
        "position": {
          "$type": "DecorationMaster.V2, DecorationMaster",
          "x": 160.218445,
          "y": 63.54843
        }
      },
      {
        "$type": "DecorationMaster.ItemDef+DefatulResizeItem, DecorationMaster",
        "size": 2.0,
        "angle": 90,
        "sceneName": "Abyss_15",
        "pname": "edge",
        "position": {
          "$type": "DecorationMaster.V2, DecorationMaster",
          "x": 165.1373,
          "y": 54.93948
        }
      },
      {
        "$type": "DecorationMaster.ItemDef+DefatulResizeItem, DecorationMaster",
        "size": 1.55956364,
        "angle": 90,
        "sceneName": "Abyss_15",
        "pname": "edge",
        "position": {
          "$type": "DecorationMaster.V2, DecorationMaster",
          "x": 165.135422,
          "y": 37.09351
        }
      },
      {
        "$type": "DecorationMaster.ItemDef+DefatulResizeItem, DecorationMaster",
        "size": 0.5054027,
        "angle": 90,
        "sceneName": "Abyss_15",
        "pname": "edge",
        "position": {
          "$type": "DecorationMaster.V2, DecorationMaster",
          "x": 101.435722,
          "y": 39.1901779
        }
      },
      {
        "$type": "DecorationMaster.ItemDef+DefatulResizeItem, DecorationMaster",
        "size": 0.597315431,
        "angle": 90,
        "sceneName": "Abyss_15",
        "pname": "edge",
        "position": {
          "$type": "DecorationMaster.V2, DecorationMaster",
          "x": 87.0141754,
          "y": 33.58809
        }
      },
      {
        "$type": "DecorationMaster.ItemDef+DefatulResizeItem, DecorationMaster",
        "size": 0.597315431,
        "angle": 90,
        "sceneName": "Abyss_15",
        "pname": "edge",
        "position": {
          "$type": "DecorationMaster.V2, DecorationMaster",
          "x": 83.00743,
          "y": 33.5880966
        }
      },
      {
        "$type": "DecorationMaster.ItemDef+DefatulResizeItem, DecorationMaster",
        "size": 1.0,
        "angle": 0,
        "sceneName": "Abyss_15",
        "pname": "edge",
        "position": {
          "$type": "DecorationMaster.V2, DecorationMaster",
          "x": 92.04551,
          "y": 36.56486
        }
      },
      {
        "$type": "DecorationMaster.ItemDef+DefatulResizeItem, DecorationMaster",
        "size": 1.0,
        "angle": 0,
        "sceneName": "Abyss_15",
        "pname": "edge",
        "position": {
          "$type": "DecorationMaster.V2, DecorationMaster",
          "x": 97.71259,
          "y": 36.56486
        }
      },
      {
        "$type": "DecorationMaster.MyBehaviour.OtherBehaviour+BackColorFill+PartResizeColor, DecorationMaster",
        "size_x": 2.0,
        "size_y": 1.0,
        "angle": 0,
        "Order": 0,
        "A": 0.0,
        "R": 0.0,
        "G": 0.0,
        "B": 0.0,
        "sceneName": "Abyss_15",
        "pname": "back_colorfull_fill",
        "position": {
          "$type": "DecorationMaster.V2, DecorationMaster",
          "x": 93.5875,
          "y": 34.1608162
        }
      },
      {
        "$type": "DecorationMaster.MyBehaviour.OtherBehaviour+BackColorFill+PartResizeColor, DecorationMaster",
        "size_x": 2.0,
        "size_y": 1.0,
        "angle": 0,
        "Order": 0,
        "A": 0.0,
        "R": 0.0,
        "G": 0.0,
        "B": 0.0,
        "sceneName": "Abyss_15",
        "pname": "back_colorfull_fill",
        "position": {
          "$type": "DecorationMaster.V2, DecorationMaster",
          "x": 101.435982,
          "y": 33.52037
        }
      },
      {
        "$type": "DecorationMaster.MyBehaviour.OtherBehaviour+BackColorFill+PartResizeColor, DecorationMaster",
        "size_x": 2.0,
        "size_y": 1.0,
        "angle": 0,
        "Order": 0,
        "A": 0.0,
        "R": 0.0,
        "G": 0.0,
        "B": 0.0,
        "sceneName": "Abyss_15",
        "pname": "back_colorfull_fill",
        "position": {
          "$type": "DecorationMaster.V2, DecorationMaster",
          "x": 76.77379,
          "y": 34.39744
        }
      },
      {
        "$type": "DecorationMaster.MyBehaviour.OtherBehaviour+BackColorFill+PartResizeColor, DecorationMaster",
        "size_x": 2.0,
        "size_y": 2.0,
        "angle": 0,
        "Order": 0,
        "A": 0.0,
        "R": 0.0,
        "G": 0.0,
        "B": 0.0,
        "sceneName": "Abyss_15",
        "pname": "back_colorfull_fill",
        "position": {
          "$type": "DecorationMaster.V2, DecorationMaster",
          "x": 68.928154,
          "y": 35.9276276
        }
      },
      {
        "$type": "DecorationMaster.MyBehaviour.OtherBehaviour+BackColorFill+PartResizeColor, DecorationMaster",
        "size_x": 2.0,
        "size_y": 2.0,
        "angle": 0,
        "Order": 0,
        "A": 0.0,
        "R": 0.0,
        "G": 0.0,
        "B": 0.0,
        "sceneName": "Abyss_15",
        "pname": "back_colorfull_fill",
        "position": {
          "$type": "DecorationMaster.V2, DecorationMaster",
          "x": 72.52057,
          "y": 39.63946
        }
      },
      {
        "$type": "DecorationMaster.MyBehaviour.OtherBehaviour+BackColorFill+PartResizeColor, DecorationMaster",
        "size_x": 2.0,
        "size_y": 2.0,
        "angle": 0,
        "Order": 0,
        "A": 0.0,
        "R": 0.0,
        "G": 0.0,
        "B": 0.0,
        "sceneName": "Abyss_15",
        "pname": "back_colorfull_fill",
        "position": {
          "$type": "DecorationMaster.V2, DecorationMaster",
          "x": 105.8425,
          "y": 38.5278778
        }
      },
      {
        "$type": "DecorationMaster.MyBehaviour.OtherBehaviour+BackColorFill+PartResizeColor, DecorationMaster",
        "size_x": 2.0,
        "size_y": 0.82,
        "angle": 0,
        "Order": 0,
        "A": 0.0,
        "R": 0.0,
        "G": 0.0,
        "B": 0.0,
        "sceneName": "Abyss_15",
        "pname": "back_colorfull_fill",
        "position": {
          "$type": "DecorationMaster.V2, DecorationMaster",
          "x": 79.15914,
          "y": 43.4669876
        }
      },
      {
        "$type": "DecorationMaster.MyBehaviour.OtherBehaviour+BackColorFill+PartResizeColor, DecorationMaster",
        "size_x": 1.0,
        "size_y": 1.0,
        "angle": 0,
        "Order": 0,
        "A": 0.0,
        "R": 0.0,
        "G": 0.0,
        "B": 0.0,
        "sceneName": "Abyss_15",
        "pname": "back_colorfull_fill",
        "position": {
          "$type": "DecorationMaster.V2, DecorationMaster",
          "x": 76.08315,
          "y": 42.32978
        }
      },
      {
        "$type": "DecorationMaster.MyBehaviour.DefaultBehaviour+SharedItem, DecorationMaster",
        "size": 1.0,
        "angle": 90,
        "sceneName": "Abyss_15",
        "pname": "HK_platform_small",
        "position": {
          "$type": "DecorationMaster.V2, DecorationMaster",
          "x": 97.61477,
          "y": 37.5278664
        }
      },
      {
        "$type": "DecorationMaster.MyBehaviour.DefaultBehaviour+SharedItem, DecorationMaster",
        "size": 1.0,
        "angle": 270,
        "sceneName": "Abyss_15",
        "pname": "HK_platform_small",
        "position": {
          "$type": "DecorationMaster.V2, DecorationMaster",
          "x": 97.73475,
          "y": 37.5278664
        }
      },
      {
        "$type": "DecorationMaster.MyBehaviour.DefaultBehaviour+SharedItem, DecorationMaster",
        "size": 1.0,
        "angle": 0,
        "sceneName": "Abyss_15",
        "pname": "HK_zote_head",
        "position": {
          "$type": "DecorationMaster.V2, DecorationMaster",
          "x": 97.6550751,
          "y": 39.3275146
        }
      },
      {
        "$type": "DecorationMaster.ItemDef+DefatulResizeItem, DecorationMaster",
        "size": 0.2,
        "angle": 0,
        "sceneName": "Abyss_15",
        "pname": "HK_shadow_gate",
        "position": {
          "$type": "DecorationMaster.V2, DecorationMaster",
          "x": 98.36039,
          "y": 33.2339134
        }
      },
      {
        "$type": "DecorationMaster.ItemDef+DefatulResizeItem, DecorationMaster",
        "size": 0.459999979,
        "angle": 350,
        "sceneName": "Abyss_15",
        "pname": "edge",
        "position": {
          "$type": "DecorationMaster.V2, DecorationMaster",
          "x": 34.7072678,
          "y": 7.448313
        }
      },
      {
        "$type": "DecorationMaster.MyBehaviour.DefaultBehaviour+SharedItem, DecorationMaster",
        "size": 1.0,
        "angle": 0,
        "sceneName": "Abyss_15",
        "pname": "HK_spike",
        "position": {
          "$type": "DecorationMaster.V2, DecorationMaster",
          "x": 73.9204254,
          "y": 3.39596462
        }
      },
      {
        "$type": "DecorationMaster.MyBehaviour.DefaultBehaviour+SharedItem, DecorationMaster",
        "size": 1.0,
        "angle": 0,
        "sceneName": "Abyss_15",
        "pname": "HK_spike",
        "position": {
          "$type": "DecorationMaster.V2, DecorationMaster",
          "x": 75.78006,
          "y": 3.38096666
        }
      },
      {
        "$type": "DecorationMaster.MyBehaviour.DefaultBehaviour+SharedItem, DecorationMaster",
        "size": 1.0,
        "angle": 0,
        "sceneName": "Abyss_15",
        "pname": "HK_spike",
        "position": {
          "$type": "DecorationMaster.V2, DecorationMaster",
          "x": 77.6996841,
          "y": 3.38096666
        }
      },
      {
        "$type": "DecorationMaster.MyBehaviour.DefaultBehaviour+SharedItem, DecorationMaster",
        "size": 1.0,
        "angle": 0,
        "sceneName": "Abyss_15",
        "pname": "HK_spike",
        "position": {
          "$type": "DecorationMaster.V2, DecorationMaster",
          "x": 79.52933,
          "y": 3.38096666
        }
      },
      {
        "$type": "DecorationMaster.MyBehaviour.DefaultBehaviour+SharedItem, DecorationMaster",
        "size": 2.0,
        "angle": 0,
        "sceneName": "Abyss_15",
        "pname": "HK_spike",
        "position": {
          "$type": "DecorationMaster.V2, DecorationMaster",
          "x": 52.6549721,
          "y": 20.8934231
        }
      },
      {
        "$type": "DecorationMaster.MyBehaviour.DefaultBehaviour+SharedItem, DecorationMaster",
        "size": 1.0,
        "angle": 0,
        "sceneName": "Abyss_15",
        "pname": "HK_spike",
        "position": {
          "$type": "DecorationMaster.V2, DecorationMaster",
          "x": 45.0986366,
          "y": 19.6786613
        }
      },
      {
        "$type": "DecorationMaster.MyBehaviour.DefaultBehaviour+SharedItem, DecorationMaster",
        "size": 1.0,
        "angle": 0,
        "sceneName": "Abyss_15",
        "pname": "HK_spike",
        "position": {
          "$type": "DecorationMaster.V2, DecorationMaster",
          "x": 43.2390022,
          "y": 19.6786613
        }
      },
      {
        "$type": "DecorationMaster.MyBehaviour.DefaultBehaviour+SharedItem, DecorationMaster",
        "size": 1.0,
        "angle": 0,
        "sceneName": "Abyss_15",
        "pname": "HK_spike",
        "position": {
          "$type": "DecorationMaster.V2, DecorationMaster",
          "x": 41.37937,
          "y": 19.6636639
        }
      },
      {
        "$type": "DecorationMaster.MyBehaviour.DefaultBehaviour+SharedItem, DecorationMaster",
        "size": 1.0,
        "angle": 0,
        "sceneName": "Abyss_15",
        "pname": "HK_spike",
        "position": {
          "$type": "DecorationMaster.V2, DecorationMaster",
          "x": 39.5797234,
          "y": 19.63367
        }
      },
      {
        "$type": "DecorationMaster.MyBehaviour.DefaultBehaviour+SharedItem, DecorationMaster",
        "size": 1.0,
        "angle": 0,
        "sceneName": "Abyss_15",
        "pname": "HK_spike",
        "position": {
          "$type": "DecorationMaster.V2, DecorationMaster",
          "x": 30.0927086,
          "y": 17.4141026
        }
      },
      {
        "$type": "DecorationMaster.MyBehaviour.DefaultBehaviour+SharedItem, DecorationMaster",
        "size": 1.0,
        "angle": 0,
        "sceneName": "Abyss_15",
        "pname": "HK_spike",
        "position": {
          "$type": "DecorationMaster.V2, DecorationMaster",
          "x": 28.2180767,
          "y": 17.3991089
        }
      },
      {
        "$type": "DecorationMaster.MyBehaviour.DefaultBehaviour+SharedItem, DecorationMaster",
        "size": 1.0,
        "angle": 0,
        "sceneName": "Abyss_15",
        "pname": "HK_spike",
        "position": {
          "$type": "DecorationMaster.V2, DecorationMaster",
          "x": 26.3434448,
          "y": 17.3991089
        }
      },
      {
        "$type": "DecorationMaster.MyBehaviour.DefaultBehaviour+SharedItem, DecorationMaster",
        "size": 1.0,
        "angle": 275,
        "sceneName": "Abyss_15",
        "pname": "HK_spike",
        "position": {
          "$type": "DecorationMaster.V2, DecorationMaster",
          "x": 25.3386421,
          "y": 18.8088284
        }
      },
      {
        "$type": "DecorationMaster.MyBehaviour.DefaultBehaviour+SharedItem, DecorationMaster",
        "size": 1.0,
        "angle": 270,
        "sceneName": "Abyss_15",
        "pname": "HK_spike",
        "position": {
          "$type": "DecorationMaster.V2, DecorationMaster",
          "x": 25.2336655,
          "y": 20.6534653
        }
      },
      {
        "$type": "DecorationMaster.MyBehaviour.DefaultBehaviour+SharedItem, DecorationMaster",
        "size": 1.54,
        "angle": 270,
        "sceneName": "Abyss_15",
        "pname": "HK_spike",
        "position": {
          "$type": "DecorationMaster.V2, DecorationMaster",
          "x": 28.05004,
          "y": 24.9276276
        }
      },
      {
        "$type": "DecorationMaster.MyBehaviour.DefaultBehaviour+SharedItem, DecorationMaster",
        "size": 2.0,
        "angle": 240,
        "sceneName": "Abyss_15",
        "pname": "HK_spike",
        "position": {
          "$type": "DecorationMaster.V2, DecorationMaster",
          "x": 7.55139256,
          "y": 38.46272
        }
      },
      {
        "$type": "DecorationMaster.ItemDef+DefaultItem, DecorationMaster",
        "sceneName": "Abyss_15",
        "pname": "IMG_RespawnPoint",
        "position": {
          "$type": "DecorationMaster.V2, DecorationMaster",
          "x": 12.7935028,
          "y": 37.4605064
        }
      },
      {
        "$type": "DecorationMaster.MyBehaviour.DefaultBehaviour+SharedItem, DecorationMaster",
        "size": 2.0,
        "angle": 180,
        "sceneName": "Abyss_15",
        "pname": "HK_spike",
        "position": {
          "$type": "DecorationMaster.V2, DecorationMaster",
          "x": 52.778038,
          "y": 26.38234
        }
      },
      {
        "$type": "DecorationMaster.MyBehaviour.OtherBehaviour+BackColorFill+PartResizeColor, DecorationMaster",
        "size_x": 2.0,
        "size_y": 2.0,
        "angle": 0,
        "Order": 0,
        "A": 0.0,
        "R": 0.0,
        "G": 0.0,
        "B": 0.0,
        "sceneName": "Abyss_15",
        "pname": "back_colorfull_fill",
        "position": {
          "$type": "DecorationMaster.V2, DecorationMaster",
          "x": 91.71584,
          "y": 32.6940269
        }
      },
      {
        "$type": "DecorationMaster.ItemDef+DefatulResizeItem, DecorationMaster",
        "size": 0.723154366,
        "angle": 0,
        "sceneName": "Abyss_15",
        "pname": "edge",
        "position": {
          "$type": "DecorationMaster.V2, DecorationMaster",
          "x": 79.32821,
          "y": 36.5575066
        }
      },
      {
        "$type": "DecorationMaster.ItemDef+DefatulResizeItem, DecorationMaster",
        "size": 0.5355033,
        "angle": 355,
        "sceneName": "Abyss_15",
        "pname": "edge",
        "position": {
          "$type": "DecorationMaster.V2, DecorationMaster",
          "x": 10.3412571,
          "y": 16.40635
        }
      },
      {
        "$type": "DecorationMaster.ItemDef+DefatulResizeItem, DecorationMaster",
        "size": 0.2,
        "angle": 220,
        "sceneName": "Abyss_15",
        "pname": "HK_shadow_gate",
        "position": {
          "$type": "DecorationMaster.V2, DecorationMaster",
          "x": 37.5546761,
          "y": 78.3957443
        }
      },
      {
        "$type": "DecorationMaster.MyBehaviour.DefaultBehaviour+SharedItem, DecorationMaster",
        "size": 1.0,
        "angle": 0,
        "sceneName": "Abyss_15",
        "pname": "HK_platform_small",
        "position": {
          "$type": "DecorationMaster.V2, DecorationMaster",
          "x": 70.73508,
          "y": 65.07819
        }
      },
      {
        "$type": "DecorationMaster.MyBehaviour.DefaultBehaviour+SharedItem, DecorationMaster",
        "size": 1.0,
        "angle": 0,
        "sceneName": "Abyss_15",
        "pname": "HK_platform_small",
        "position": {
          "$type": "DecorationMaster.V2, DecorationMaster",
          "x": 79.3950958,
          "y": 67.47084
        }
      },
      {
        "$type": "DecorationMaster.MyBehaviour.DefaultBehaviour+SharedItem, DecorationMaster",
        "size": 1.0,
        "angle": 0,
        "sceneName": "Abyss_15",
        "pname": "HK_platform_small",
        "position": {
          "$type": "DecorationMaster.V2, DecorationMaster",
          "x": 86.67109,
          "y": 70.16345
        }
      },
      {
        "$type": "DecorationMaster.MyBehaviour.DefaultBehaviour+SharedItem, DecorationMaster",
        "size": 1.0,
        "angle": 0,
        "sceneName": "Abyss_15",
        "pname": "HK_platform_small",
        "position": {
          "$type": "DecorationMaster.V2, DecorationMaster",
          "x": 93.84997,
          "y": 71.91122
        }
      },
      {
        "$type": "DecorationMaster.MyBehaviour.DefaultBehaviour+SharedItem, DecorationMaster",
        "size": 1.0,
        "angle": 0,
        "sceneName": "Abyss_15",
        "pname": "HK_platform_small",
        "position": {
          "$type": "DecorationMaster.V2, DecorationMaster",
          "x": 100.990051,
          "y": 73.98893
        }
      },
      {
        "$type": "DecorationMaster.ItemDef+DefatulResizeItem, DecorationMaster",
        "size": 1.54,
        "angle": 0,
        "sceneName": "Abyss_15",
        "pname": "jarcol_floor",
        "position": {
          "$type": "DecorationMaster.V2, DecorationMaster",
          "x": 114.6687,
          "y": 78.67614
        }
      },
      {
        "$type": "DecorationMaster.MyBehaviour.DefaultBehaviour+SharedItem, DecorationMaster",
        "size": 1.0,
        "angle": 0,
        "sceneName": "Abyss_15",
        "pname": "HK_infinte_soul",
        "position": {
          "$type": "DecorationMaster.V2, DecorationMaster",
          "x": 114.9473,
          "y": 83.32826
        }
      },
      {
        "$type": "DecorationMaster.ItemDef+DefaultItem, DecorationMaster",
        "sceneName": "Abyss_15",
        "pname": "IMG_RespawnPoint",
        "position": {
          "$type": "DecorationMaster.V2, DecorationMaster",
          "x": 43.1134262,
          "y": 74.57316
        }
      },
      {
        "$type": "DecorationMaster.MyBehaviour.OtherBehaviour+BackColorFill+PartResizeColor, DecorationMaster",
        "size_x": 1.54,
        "size_y": 1.0,
        "angle": 0,
        "Order": 0,
        "A": 0.0,
        "R": 0.0,
        "G": 0.0,
        "B": 0.0,
        "sceneName": "Abyss_15",
        "pname": "back_colorfull_fill",
        "position": {
          "$type": "DecorationMaster.V2, DecorationMaster",
          "x": 34.8515434,
          "y": 78.59887
        }
      },
      {
        "$type": "DecorationMaster.ItemDef+DefatulResizeItem, DecorationMaster",
        "size": 0.384496629,
        "angle": 240,
        "sceneName": "Abyss_15",
        "pname": "edge",
        "position": {
          "$type": "DecorationMaster.V2, DecorationMaster",
          "x": 40.7451363,
          "y": 71.32585
        }
      },
      {
        "$type": "DecorationMaster.ItemDef+LoreTablet1, DecorationMaster",
        "Text": "......废物应该在最深处......",
        "size": 0.3352685,
        "angle": 0,
        "sceneName": "Abyss_15",
        "pname": "HK_lore_tablet_1",
        "position": {
          "$type": "DecorationMaster.V2, DecorationMaster",
          "x": 32.91916,
          "y": 73.91322
        }
      },
      {
        "$type": "DecorationMaster.MyBehaviour.DefaultBehaviour+SharedItem, DecorationMaster",
        "size": 0.279999971,
        "angle": 0,
        "sceneName": "Abyss_15",
        "pname": "HK_quake_floor",
        "position": {
          "$type": "DecorationMaster.V2, DecorationMaster",
          "x": 47.0790138,
          "y": 73.55225
        }
      },
      {
        "$type": "DecorationMaster.MyBehaviour.DefaultBehaviour+SharedItem, DecorationMaster",
        "size": 0.459999979,
        "angle": 0,
        "sceneName": "Abyss_15",
        "pname": "HK_quake_floor",
        "position": {
          "$type": "DecorationMaster.V2, DecorationMaster",
          "x": 19.2506886,
          "y": 38.6126938
        }
      },
      {
        "$type": "DecorationMaster.MyBehaviour.DefaultBehaviour+SharedItem, DecorationMaster",
        "size": 2.0,
        "angle": 270,
        "sceneName": "Abyss_15",
        "pname": "HK_platform_small",
        "position": {
          "$type": "DecorationMaster.V2, DecorationMaster",
          "x": 20.11531,
          "y": 36.4980927
        }
      },
      {
        "$type": "DecorationMaster.MyBehaviour.DefaultBehaviour+SharedItem, DecorationMaster",
        "size": 2.0,
        "angle": 90,
        "sceneName": "Abyss_15",
        "pname": "HK_platform_small",
        "position": {
          "$type": "DecorationMaster.V2, DecorationMaster",
          "x": 20.1453037,
          "y": 36.4831047
        }
      },
      {
        "$type": "DecorationMaster.MyBehaviour.DefaultBehaviour+SharedItem, DecorationMaster",
        "size": 1.18000007,
        "angle": 270,
        "sceneName": "Abyss_15",
        "pname": "HK_spike",
        "position": {
          "$type": "DecorationMaster.V2, DecorationMaster",
          "x": 21.9422913,
          "y": 60.94322
        }
      },
      {
        "$type": "DecorationMaster.MyBehaviour.DefaultBehaviour+SharedItem, DecorationMaster",
        "size": 1.18000007,
        "angle": 270,
        "sceneName": "Abyss_15",
        "pname": "HK_spike",
        "position": {
          "$type": "DecorationMaster.V2, DecorationMaster",
          "x": 21.9422913,
          "y": 63.3577423
        }
      },
      {
        "$type": "DecorationMaster.ItemDef+DefatulResizeItem, DecorationMaster",
        "size": 0.2,
        "angle": 140,
        "sceneName": "Abyss_15",
        "pname": "edge",
        "position": {
          "$type": "DecorationMaster.V2, DecorationMaster",
          "x": 21.43086,
          "y": 60.55329
        }
      },
      {
        "$type": "DecorationMaster.MyBehaviour.DefaultBehaviour+SharedItem, DecorationMaster",
        "size": 1.54,
        "angle": 0,
        "sceneName": "Abyss_15",
        "pname": "HK_spike",
        "position": {
          "$type": "DecorationMaster.V2, DecorationMaster",
          "x": 16.0930424,
          "y": 66.098
        }
      },
      {
        "$type": "DecorationMaster.MyBehaviour.DefaultBehaviour+SharedItem, DecorationMaster",
        "size": 1.0,
        "angle": 90,
        "sceneName": "Abyss_15",
        "pname": "HK_spike",
        "position": {
          "$type": "DecorationMaster.V2, DecorationMaster",
          "x": 12.2904587,
          "y": 70.60729
        }
      },
      {
        "$type": "DecorationMaster.MyBehaviour.DefaultBehaviour+SharedItem, DecorationMaster",
        "size": 1.0,
        "angle": 180,
        "sceneName": "Abyss_15",
        "pname": "HK_spike",
        "position": {
          "$type": "DecorationMaster.V2, DecorationMaster",
          "x": 19.7183628,
          "y": 77.10278
        }
      },
      {
        "$type": "DecorationMaster.MyBehaviour.DefaultBehaviour+SharedItem, DecorationMaster",
        "size": 2.0,
        "angle": 0,
        "sceneName": "Abyss_15",
        "pname": "HK_platform_small",
        "position": {
          "$type": "DecorationMaster.V2, DecorationMaster",
          "x": 17.9091911,
          "y": 81.52329
        }
      },
      {
        "$type": "DecorationMaster.MyBehaviour.DefaultBehaviour+SharedItem, DecorationMaster",
        "size": 1.0,
        "angle": 90,
        "sceneName": "Abyss_15",
        "pname": "HK_spike",
        "position": {
          "$type": "DecorationMaster.V2, DecorationMaster",
          "x": 38.11522,
          "y": 43.75306
        }
      },
      {
        "$type": "DecorationMaster.MyBehaviour.DefaultBehaviour+SharedItem, DecorationMaster",
        "size": 1.0,
        "angle": 90,
        "sceneName": "Abyss_15",
        "pname": "HK_spike",
        "position": {
          "$type": "DecorationMaster.V2, DecorationMaster",
          "x": 38.10713,
          "y": 45.7926521
        }
      },
      {
        "$type": "DecorationMaster.MyBehaviour.DefaultBehaviour+SharedItem, DecorationMaster",
        "size": 1.0,
        "angle": 270,
        "sceneName": "Abyss_15",
        "pname": "HK_spike",
        "position": {
          "$type": "DecorationMaster.V2, DecorationMaster",
          "x": 31.85455,
          "y": 57.96242
        }
      },
      {
        "$type": "DecorationMaster.MyBehaviour.DefaultBehaviour+SharedItem, DecorationMaster",
        "size": 1.0,
        "angle": 0,
        "sceneName": "Abyss_15",
        "pname": "HK_spike",
        "position": {
          "$type": "DecorationMaster.V2, DecorationMaster",
          "x": 34.09646,
          "y": 53.8532372
        }
      },
      {
        "$type": "DecorationMaster.MyBehaviour.DefaultBehaviour+SharedItem, DecorationMaster",
        "size": 1.0,
        "angle": 0,
        "sceneName": "Abyss_15",
        "pname": "HK_spike",
        "position": {
          "$type": "DecorationMaster.V2, DecorationMaster",
          "x": 19.7967262,
          "y": 74.52811
        }
      },
      {
        "$type": "DecorationMaster.ItemDef+DefaultItem, DecorationMaster",
        "sceneName": "Abyss_15",
        "pname": "IMG_RespawnPoint",
        "position": {
          "$type": "DecorationMaster.V2, DecorationMaster",
          "x": 22.6311684,
          "y": 76.25278
        }
      },
      {
        "$type": "DecorationMaster.MyBehaviour.DefaultBehaviour+SharedItem, DecorationMaster",
        "size": 1.0,
        "angle": 270,
        "sceneName": "Abyss_15",
        "pname": "HK_spike",
        "position": {
          "$type": "DecorationMaster.V2, DecorationMaster",
          "x": 69.72841,
          "y": 14.9192028
        }
      },
      {
        "$type": "DecorationMaster.MyBehaviour.DefaultBehaviour+SharedItem, DecorationMaster",
        "size": 1.0,
        "angle": 90,
        "sceneName": "Abyss_15",
        "pname": "HK_spike",
        "position": {
          "$type": "DecorationMaster.V2, DecorationMaster",
          "x": 72.3229,
          "y": 19.44831
        }
      },
      {
        "$type": "DecorationMaster.ItemDef+DefatulResizeItem, DecorationMaster",
        "size": 1.0,
        "angle": 355,
        "sceneName": "Abyss_15",
        "pname": "edge",
        "position": {
          "$type": "DecorationMaster.V2, DecorationMaster",
          "x": 76.26624,
          "y": 3.39911127
        }
      },
      {
        "$type": "DecorationMaster.ItemDef+DefatulResizeItem, DecorationMaster",
        "size": 1.0,
        "angle": 358,
        "sceneName": "Abyss_15",
        "pname": "edge",
        "position": {
          "$type": "DecorationMaster.V2, DecorationMaster",
          "x": 42.1403236,
          "y": 19.3187313
        }
      },
      {
        "$type": "DecorationMaster.MyBehaviour.DefaultBehaviour+SharedItem, DecorationMaster",
        "size": 1.0,
        "angle": 20,
        "sceneName": "Abyss_15",
        "pname": "HK_platform_small",
        "position": {
          "$type": "DecorationMaster.V2, DecorationMaster",
          "x": 30.3269119,
          "y": 17.0091877
        }
      },
      {
        "$type": "DecorationMaster.MyBehaviour.DefaultBehaviour+SharedItem, DecorationMaster",
        "size": 1.28067124,
        "angle": 340,
        "sceneName": "Abyss_15",
        "pname": "HK_platform_small",
        "position": {
          "$type": "DecorationMaster.V2, DecorationMaster",
          "x": 26.0077629,
          "y": 17.03918
        }
      },
      {
        "$type": "DecorationMaster.ItemDef+DefaultItem, DecorationMaster",
        "sceneName": "Abyss_15",
        "pname": "IMG_RespawnPoint",
        "position": {
          "$type": "DecorationMaster.V2, DecorationMaster",
          "x": 31.916357,
          "y": 23.08299
        }
      },
      {
        "$type": "DecorationMaster.ItemDef+DefaultItem, DecorationMaster",
        "sceneName": "Abyss_15",
        "pname": "IMG_RespawnPoint",
        "position": {
          "$type": "DecorationMaster.V2, DecorationMaster",
          "x": 30.760416,
          "y": 43.84304
        }
      },
      {
        "$type": "DecorationMaster.ItemDef+DefaultItem, DecorationMaster",
        "sceneName": "Abyss_15",
        "pname": "IMG_RespawnPoint",
        "position": {
          "$type": "DecorationMaster.V2, DecorationMaster",
          "x": 31.8270569,
          "y": 54.7530556
        }
      },
      {
        "$type": "DecorationMaster.ItemDef+DefaultItem, DecorationMaster",
        "sceneName": "Abyss_15",
        "pname": "IMG_RespawnPoint",
        "position": {
          "$type": "DecorationMaster.V2, DecorationMaster",
          "x": 24.9239635,
          "y": 61.7830467
        }
      },
      {
        "$type": "DecorationMaster.MyBehaviour.DefaultBehaviour+SharedItem, DecorationMaster",
        "size": 1.0,
        "angle": 0,
        "sceneName": "Abyss_15",
        "pname": "HK_spike",
        "position": {
          "$type": "DecorationMaster.V2, DecorationMaster",
          "x": 34.5997,
          "y": 72.0386353
        }
      },
      {
        "$type": "DecorationMaster.MyBehaviour.DefaultBehaviour+SharedItem, DecorationMaster",
        "size": 1.0,
        "angle": 0,
        "sceneName": "Abyss_15",
        "pname": "HK_spike",
        "position": {
          "$type": "DecorationMaster.V2, DecorationMaster",
          "x": 36.3971977,
          "y": 72.0386353
        }
      },
      {
        "$type": "DecorationMaster.ItemDef+DefatulResizeItem, DecorationMaster",
        "size": 0.46,
        "angle": 175,
        "sceneName": "Abyss_15",
        "pname": "edge",
        "position": {
          "$type": "DecorationMaster.V2, DecorationMaster",
          "x": 35.5445366,
          "y": 71.57775
        }
      },
      {
        "$type": "DecorationMaster.ItemDef+DefatulResizeItem, DecorationMaster",
        "size": 0.28,
        "angle": 85,
        "sceneName": "Abyss_15",
        "pname": "edge",
        "position": {
          "$type": "DecorationMaster.V2, DecorationMaster",
          "x": 37.3189926,
          "y": 71.25513
        }
      },
      {
        "$type": "DecorationMaster.ItemDef+DefatulResizeItem, DecorationMaster",
        "size": 0.2,
        "angle": 95,
        "sceneName": "Abyss_15",
        "pname": "edge",
        "position": {
          "$type": "DecorationMaster.V2, DecorationMaster",
          "x": 33.83922,
          "y": 71.9003754
        }
      },
      {
        "$type": "DecorationMaster.MyBehaviour.DefaultBehaviour+SharedItem, DecorationMaster",
        "size": 1.0,
        "angle": 150,
        "sceneName": "Abyss_15",
        "pname": "HK_spike",
        "position": {
          "$type": "DecorationMaster.V2, DecorationMaster",
          "x": 10.4158268,
          "y": 79.32294
        }
      },
      {
        "$type": "DecorationMaster.MyBehaviour.DefaultBehaviour+SharedItem, DecorationMaster",
        "size": 1.0,
        "angle": 150,
        "sceneName": "Abyss_15",
        "pname": "HK_spike",
        "position": {
          "$type": "DecorationMaster.V2, DecorationMaster",
          "x": 8.961113,
          "y": 81.0026
        }
      },
      {
        "$type": "DecorationMaster.MyBehaviour.DefaultBehaviour+SharedItem, DecorationMaster",
        "size": 1.0,
        "angle": 160,
        "sceneName": "Abyss_15",
        "pname": "HK_spike",
        "position": {
          "$type": "DecorationMaster.V2, DecorationMaster",
          "x": 13.1902809,
          "y": 78.06319
        }
      },
      {
        "$type": "DecorationMaster.MyBehaviour.DefaultBehaviour+SharedItem, DecorationMaster",
        "size": 1.0,
        "angle": 90,
        "sceneName": "Abyss_15",
        "pname": "HK_spike",
        "position": {
          "$type": "DecorationMaster.V2, DecorationMaster",
          "x": 7.371427,
          "y": 83.80705
        }
      },
      {
        "$type": "DecorationMaster.MyBehaviour.DefaultBehaviour+SharedItem, DecorationMaster",
        "size": 1.0,
        "angle": 270,
        "sceneName": "Abyss_15",
        "pname": "HK_spike",
        "position": {
          "$type": "DecorationMaster.V2, DecorationMaster",
          "x": 4.551982,
          "y": 83.71707
        }
      },
      {
        "$type": "DecorationMaster.MyBehaviour.DefaultBehaviour+SharedItem, DecorationMaster",
        "size": 1.0,
        "angle": 90,
        "sceneName": "Abyss_15",
        "pname": "HK_spike",
        "position": {
          "$type": "DecorationMaster.V2, DecorationMaster",
          "x": 7.23645353,
          "y": 93.0937653
        }
      },
      {
        "$type": "DecorationMaster.MyBehaviour.DefaultBehaviour+SharedItem, DecorationMaster",
        "size": 1.0,
        "angle": 270,
        "sceneName": "Abyss_15",
        "pname": "HK_spike",
        "position": {
          "$type": "DecorationMaster.V2, DecorationMaster",
          "x": 4.53698444,
          "y": 92.9738
        }
      },
      {
        "$type": "DecorationMaster.ItemDef+AuidoItem, DecorationMaster",
        "Note": 10,
        "sceneName": "Abyss_15",
        "pname": "note_platform",
        "position": {
          "$type": "DecorationMaster.V2, DecorationMaster",
          "x": 14.5136414,
          "y": 4.115825
        }
      },
      {
        "$type": "DecorationMaster.ItemDef+DefaultItem, DecorationMaster",
        "sceneName": "Abyss_15",
        "pname": "zote_detection",
        "position": {
          "$type": "DecorationMaster.V2, DecorationMaster",
          "x": 14.86995,
          "y": 3.98084879
        }
      },
      {
        "$type": "DecorationMaster.ItemDef+DefatulResizeItem, DecorationMaster",
        "size": 0.2,
        "angle": 180,
        "sceneName": "Abyss_15",
        "pname": "HK_shadow_gate",
        "position": {
          "$type": "DecorationMaster.V2, DecorationMaster",
          "x": 47.2026253,
          "y": 86.9656143
        }
      },
      {
        "$type": "DecorationMaster.ItemDef+DefatulResizeItem, DecorationMaster",
        "size": 0.2,
        "angle": 190,
        "sceneName": "Abyss_15",
        "pname": "HK_shadow_gate",
        "position": {
          "$type": "DecorationMaster.V2, DecorationMaster",
          "x": 44.56398,
          "y": 86.78565
        }
      },
      {
        "$type": "DecorationMaster.ItemDef+DefatulResizeItem, DecorationMaster",
        "size": 0.2,
        "angle": 200,
        "sceneName": "Abyss_15",
        "pname": "HK_shadow_gate",
        "position": {
          "$type": "DecorationMaster.V2, DecorationMaster",
          "x": 42.1944466,
          "y": 85.4959
        }
      },
      {
        "$type": "DecorationMaster.MyBehaviour.DefaultBehaviour+SharedItem, DecorationMaster",
        "size": 1.0,
        "angle": 90,
        "sceneName": "Abyss_15",
        "pname": "HK_spike",
        "position": {
          "$type": "DecorationMaster.V2, DecorationMaster",
          "x": 80.0337753,
          "y": 3.77403736
        }
      },
      {
        "$type": "DecorationMaster.MyBehaviour.Bench+BenchItem, DecorationMaster",
        "bench_name": "D_bench1_358522_08720163",
        "sceneName": "Abyss_15",
        "pname": "HK_bench",
        "position": {
          "$type": "DecorationMaster.V2, DecorationMaster",
          "x": 112.026169,
          "y": 80.23887
        }
      },
      {
        "$type": "DecorationMaster.ItemDef+DefaultItem, DecorationMaster",
        "sceneName": "Abyss_15",
        "pname": "binoculars",
        "position": {
          "$type": "DecorationMaster.V2, DecorationMaster",
          "x": 116.999313,
          "y": 80.68876
        }
      }
    ]
  }
}