{
  "$type": "DecorationMaster.ItemSettings, DecorationMaster",
  "scene_name": "Crossroads_42",
  "mod_version": 0.4,
  "items": {
    "$type": "System.Collections.Generic.List`1[[DecorationMaster.Item, DecorationMaster]], mscorlib",
    "$values": [
      {
        "$type": "DecorationMaster.ItemDef+DefaultItem, DecorationMaster",
        "sceneName": "Crossroads_42",
        "pname": "IMG_RespawnPoint",
        "position": {
          "$type": "DecorationMaster.V2, DecorationMaster",
          "x": 8.301243,
          "y": 13.2431583
        }
      },
      {
        "$type": "DecorationMaster.ItemDef+DefaultItem, DecorationMaster",
        "sceneName": "Crossroads_42",
        "pname": "IMG_RespawnPoint",
        "position": {
          "$type": "DecorationMaster.V2, DecorationMaster",
          "x": 24.1373634,
          "y": 11.449379
        }
      },
      {
        "$type": "DecorationMaster.ItemDef+LeverGateItem, DecorationMaster",
        "Number": 1,
        "size": 2.0,
        "angle": 0,
        "sceneName": "Crossroads_42",
        "pname": "HK_gate",
        "position": {
          "$type": "DecorationMaster.V2, DecorationMaster",
          "x": 71.1397552,
          "y": 5.90047359
        }
      },
      {
        "$type": "DecorationMaster.ItemDef+DefatulResizeItem, DecorationMaster",
        "size": 1.0,
        "angle": 90,
        "sceneName": "Crossroads_42",
        "pname": "jarcol_floor",
        "position": {
          "$type": "DecorationMaster.V2, DecorationMaster",
          "x": 70.874176,
          "y": 16.719841
        }
      },
      {
        "$type": "DecorationMaster.ItemDef+LeverGateItem, DecorationMaster",
        "Number": 2,
        "size": 1.0,
        "angle": 0,
        "sceneName": "Crossroads_42",
        "pname": "HK_lever",
        "position": {
          "$type": "DecorationMaster.V2, DecorationMaster",
          "x": 74.66143,
          "y": 16.07497
        }
      },
      {
        "$type": "DecorationMaster.ItemDef+LeverGateItem, DecorationMaster",
        "Number": 1,
        "size": 1.0,
        "angle": 0,
        "sceneName": "Crossroads_42",
        "pname": "HK_lever",
        "position": {
          "$type": "DecorationMaster.V2, DecorationMaster",
          "x": 68.69088,
          "y": 18.1962738
        }
      },
      {
        "$type": "DecorationMaster.ItemDef+DefaultItem, DecorationMaster",
        "sceneName": "Crossroads_42",
        "pname": "binoculars",
        "position": {
          "$type": "DecorationMaster.V2, DecorationMaster",
          "x": 8.121077,
          "y": 15.7139206
        }
      },
      {
        "$type": "DecorationMaster.ItemDef+LeverGateItem, DecorationMaster",
        "Number": 3,
        "size": 1.3599999,
        "angle": 0,
        "sceneName": "Crossroads_42",
        "pname": "HK_gate",
        "position": {
          "$type": "DecorationMaster.V2, DecorationMaster",
          "x": 21.7126884,
          "y": 14.5118637
        }
      },
      {
        "$type": "DecorationMaster.ItemDef+LeverGateItem, DecorationMaster",
        "Number": 3,
        "size": 1.0,
        "angle": 0,
        "sceneName": "Crossroads_42",
        "pname": "HK_lever",
        "position": {
          "$type": "DecorationMaster.V2, DecorationMaster",
          "x": 51.8345032,
          "y": 4.04084063
        }
      },
      {
        "$type": "DecorationMaster.MyBehaviour.DefaultBehaviour+SharedItem, DecorationMaster",
        "size": 1.0,
        "angle": 0,
        "sceneName": "Crossroads_42",
        "pname": "HK_soul_totem",
        "position": {
          "$type": "DecorationMaster.V2, DecorationMaster",
          "x": 52.77897,
          "y": 12.019268
        }
      },
      {
        "$type": "DecorationMaster.MyBehaviour.DefaultBehaviour+SharedItem, DecorationMaster",
        "size": 1.0,
        "angle": 0,
        "sceneName": "Crossroads_42",
        "pname": "HK_spike",
        "position": {
          "$type": "DecorationMaster.V2, DecorationMaster",
          "x": 41.0837059,
          "y": 2.43615341
        }
      },
      {
        "$type": "DecorationMaster.MyBehaviour.DefaultBehaviour+SharedItem, DecorationMaster",
        "size": 1.0,
        "angle": 0,
        "sceneName": "Crossroads_42",
        "pname": "HK_spike",
        "position": {
          "$type": "DecorationMaster.V2, DecorationMaster",
          "x": 44.78798,
          "y": 2.39116383
        }
      },
      {
        "$type": "DecorationMaster.MyBehaviour.DefaultBehaviour+SharedItem, DecorationMaster",
        "size": 1.0,
        "angle": 0,
        "sceneName": "Crossroads_42",
        "pname": "HK_spike",
        "position": {
          "$type": "DecorationMaster.V2, DecorationMaster",
          "x": 43.0033264,
          "y": 2.43615341
        }
      },
      {
        "$type": "DecorationMaster.MyBehaviour.DefaultBehaviour+SharedItem, DecorationMaster",
        "size": 1.0,
        "angle": 0,
        "sceneName": "Crossroads_42",
        "pname": "HK_spike",
        "position": {
          "$type": "DecorationMaster.V2, DecorationMaster",
          "x": 35.4695129,
          "y": 9.184825
        }
      },
      {
        "$type": "DecorationMaster.MyBehaviour.DefaultBehaviour+SharedItem, DecorationMaster",
        "size": 1.0,
        "angle": 0,
        "sceneName": "Crossroads_42",
        "pname": "HK_spike",
        "position": {
          "$type": "DecorationMaster.V2, DecorationMaster",
          "x": 27.3742,
          "y": 6.5303483
        }
      },
      {
        "$type": "DecorationMaster.MyBehaviour.DefaultBehaviour+SharedItem, DecorationMaster",
        "size": 1.0,
        "angle": 0,
        "sceneName": "Crossroads_42",
        "pname": "HK_spike",
        "position": {
          "$type": "DecorationMaster.V2, DecorationMaster",
          "x": 29.38539,
          "y": 6.455363
        }
      },
      {
        "$type": "DecorationMaster.ItemDef+DefatulResizeItem, DecorationMaster",
        "size": 1.0,
        "angle": 0,
        "sceneName": "Crossroads_42",
        "pname": "white_spike",
        "position": {
          "$type": "DecorationMaster.V2, DecorationMaster",
          "x": 27.0684471,
          "y": 6.86028337
        }
      },
      {
        "$type": "DecorationMaster.ItemDef+DefatulResizeItem, DecorationMaster",
        "size": 1.0,
        "angle": 0,
        "sceneName": "Crossroads_42",
        "pname": "white_spike",
        "position": {
          "$type": "DecorationMaster.V2, DecorationMaster",
          "x": 29.7798538,
          "y": 6.875281
        }
      },
      {
        "$type": "DecorationMaster.ItemDef+DefatulResizeItem, DecorationMaster",
        "size": 2.0,
        "angle": 180,
        "sceneName": "Crossroads_42",
        "pname": "white_spike",
        "position": {
          "$type": "DecorationMaster.V2, DecorationMaster",
          "x": 28.3191338,
          "y": 4.05583572
        }
      },
      {
        "$type": "DecorationMaster.ItemDef+SawItem, DecorationMaster",
        "span": 8,
        "speed": 3,
        "pitch": 1.0,
        "volume": 1.0,
        "Center": {
          "$type": "DecorationMaster.V2, DecorationMaster",
          "x": 32.378685,
          "y": 14.5268908
        },
        "offset": 0,
        "size": 1.0,
        "angle": 90,
        "sceneName": "Crossroads_42",
        "pname": "HK_saw",
        "position": {
          "$type": "DecorationMaster.V2, DecorationMaster",
          "x": 32.378685,
          "y": 14.5268908
        }
      },
      {
        "$type": "DecorationMaster.ItemDef+SawItem, DecorationMaster",
        "span": 3,
        "speed": 0,
        "pitch": 1.0,
        "volume": 1.0,
        "Center": {
          "$type": "DecorationMaster.V2, DecorationMaster",
          "x": 31.8504581,
          "y": 20.5590916
        },
        "offset": 0,
        "size": 1.54,
        "angle": 0,
        "sceneName": "Crossroads_42",
        "pname": "HK_saw",
        "position": {
          "$type": "DecorationMaster.V2, DecorationMaster",
          "x": 31.8504581,
          "y": 20.5590916
        }
      },
      {
        "$type": "DecorationMaster.ItemDef+SawItem, DecorationMaster",
        "span": 3,
        "speed": 0,
        "pitch": 1.0,
        "volume": 1.0,
        "Center": {
          "$type": "DecorationMaster.V2, DecorationMaster",
          "x": 46.8564377,
          "y": 16.95979
        },
        "offset": 0,
        "size": 1.0,
        "angle": 0,
        "sceneName": "Crossroads_42",
        "pname": "HK_saw",
        "position": {
          "$type": "DecorationMaster.V2, DecorationMaster",
          "x": 46.8564377,
          "y": 16.95979
        }
      },
      {
        "$type": "DecorationMaster.ItemDef+SawItem, DecorationMaster",
        "span": 3,
        "speed": 0,
        "pitch": 1.0,
        "volume": 1.0,
        "Center": {
          "$type": "DecorationMaster.V2, DecorationMaster",
          "x": 42.8346634,
          "y": 13.90978
        },
        "offset": 0,
        "size": 1.0,
        "angle": 0,
        "sceneName": "Crossroads_42",
        "pname": "HK_saw",
        "position": {
          "$type": "DecorationMaster.V2, DecorationMaster",
          "x": 42.8346634,
          "y": 13.90978
        }
      },
      {
        "$type": "DecorationMaster.MyBehaviour.DelayResizableBehaviour+DelayResizeItem, DecorationMaster",
        "time_offset": 0.0,
        "size": 1.0,
        "angle": 0,
        "sceneName": "Crossroads_42",
        "pname": "HK_trap_spike",
        "position": {
          "$type": "DecorationMaster.V2, DecorationMaster",
          "x": 44.8434525,
          "y": 16.3992882
        }
      },
      {
        "$type": "DecorationMaster.MyBehaviour.DefaultBehaviour+SharedItem, DecorationMaster",
        "size": 1.0,
        "angle": 0,
        "sceneName": "Crossroads_42",
        "pname": "HK_flip_platform",
        "position": {
          "$type": "DecorationMaster.V2, DecorationMaster",
          "x": 41.3766556,
          "y": 11.5852375
        }
      },
      {
        "$type": "DecorationMaster.MyBehaviour.DefaultBehaviour+SharedItem, DecorationMaster",
        "size": 1.3599999,
        "angle": 0,
        "sceneName": "Crossroads_42",
        "pname": "HK_flip_platform",
        "position": {
          "$type": "DecorationMaster.V2, DecorationMaster",
          "x": 44.9337,
          "y": 13.48072
        }
      },
      {
        "$type": "DecorationMaster.ItemDef+DefaultItem, DecorationMaster",
        "sceneName": "Crossroads_42",
        "pname": "IMG_RespawnPoint",
        "position": {
          "$type": "DecorationMaster.V2, DecorationMaster",
          "x": 49.6915665,
          "y": 18.5024471
        }
      },
      {
        "$type": "DecorationMaster.ItemDef+DefaultItem, DecorationMaster",
        "sceneName": "Crossroads_42",
        "pname": "IMG_RespawnPoint",
        "position": {
          "$type": "DecorationMaster.V2, DecorationMaster",
          "x": 58.632988,
          "y": 18.3084068
        }
      },
      {
        "$type": "DecorationMaster.ItemDef+SawItem, DecorationMaster",
        "span": 4,
        "speed": 4,
        "pitch": 1.0,
        "volume": 1.0,
        "Center": {
          "$type": "DecorationMaster.V2, DecorationMaster",
          "x": 53.9696655,
          "y": 19.1898651
        },
        "offset": 0,
        "size": 0.64,
        "angle": 90,
        "sceneName": "Crossroads_42",
        "pname": "HK_saw",
        "position": {
          "$type": "DecorationMaster.V2, DecorationMaster",
          "x": 53.9696655,
          "y": 19.1898651
        }
      },
      {
        "$type": "DecorationMaster.ItemDef+DefatulResizeItem, DecorationMaster",
        "size": 1.0,
        "angle": 0,
        "sceneName": "Crossroads_42",
        "pname": "white_spike",
        "position": {
          "$type": "DecorationMaster.V2, DecorationMaster",
          "x": 54.0043869,
          "y": 17.7070179
        }
      },
      {
        "$type": "DecorationMaster.ItemDef+DefaultItem, DecorationMaster",
        "sceneName": "Crossroads_42",
        "pname": "IMG_RespawnPoint",
        "position": {
          "$type": "DecorationMaster.V2, DecorationMaster",
          "x": 54.2370338,
          "y": 11.3402653
        }
      },
      {
        "$type": "DecorationMaster.ItemDef+DefatulResizeItem, DecorationMaster",
        "size": 1.0,
        "angle": 0,
        "sceneName": "Crossroads_42",
        "pname": "white_thorn",
        "position": {
          "$type": "DecorationMaster.V2, DecorationMaster",
          "x": 65.17495,
          "y": 3.37336922
        }
      },
      {
        "$type": "DecorationMaster.MyBehaviour.DefaultBehaviour+SharedItem, DecorationMaster",
        "size": 1.0,
        "angle": 0,
        "sceneName": "Crossroads_42",
        "pname": "HK_flip_platform",
        "position": {
          "$type": "DecorationMaster.V2, DecorationMaster",
          "x": 78.51565,
          "y": 2.67610741
        }
      },
      {
        "$type": "DecorationMaster.MyBehaviour.DefaultBehaviour+SharedItem, DecorationMaster",
        "size": 1.0,
        "angle": 0,
        "sceneName": "Crossroads_42",
        "pname": "HK_flip_platform",
        "position": {
          "$type": "DecorationMaster.V2, DecorationMaster",
          "x": 72.636795,
          "y": 2.6611104
        }
      },
      {
        "$type": "DecorationMaster.MyBehaviour.DefaultBehaviour+SharedItem, DecorationMaster",
        "size": 1.0,
        "angle": 0,
        "sceneName": "Crossroads_42",
        "pname": "HK_flip_platform",
        "position": {
          "$type": "DecorationMaster.V2, DecorationMaster",
          "x": 84.70592,
          "y": 2.706102
        }
      },
      {
        "$type": "DecorationMaster.ItemDef+DefaultItem, DecorationMaster",
        "sceneName": "Crossroads_42",
        "pname": "IMG_RespawnPoint",
        "position": {
          "$type": "DecorationMaster.V2, DecorationMaster",
          "x": 100.703522,
          "y": 8.336127
        }
      },
      {
        "$type": "DecorationMaster.ItemDef+DefatulResizeItem, DecorationMaster",
        "size": 1.0,
        "angle": 270,
        "sceneName": "Crossroads_42",
        "pname": "white_spike",
        "position": {
          "$type": "DecorationMaster.V2, DecorationMaster",
          "x": 88.56133,
          "y": 11.5131073
        }
      },
      {
        "$type": "DecorationMaster.ItemDef+DefatulResizeItem, DecorationMaster",
        "size": 1.0,
        "angle": 0,
        "sceneName": "Crossroads_42",
        "pname": "white_spike",
        "position": {
          "$type": "DecorationMaster.V2, DecorationMaster",
          "x": 87.41792,
          "y": 13.5929575
        }
      },
      {
        "$type": "DecorationMaster.ItemDef+DefatulResizeItem, DecorationMaster",
        "size": 1.0,
        "angle": 0,
        "sceneName": "Crossroads_42",
        "pname": "white_spike",
        "position": {
          "$type": "DecorationMaster.V2, DecorationMaster",
          "x": 86.17308,
          "y": 13.5782042
        }
      },
      {
        "$type": "DecorationMaster.ItemDef+DefatulResizeItem, DecorationMaster",
        "size": 1.0,
        "angle": 0,
        "sceneName": "Crossroads_42",
        "pname": "white_spike",
        "position": {
          "$type": "DecorationMaster.V2, DecorationMaster",
          "x": 84.94817,
          "y": 13.5312157
        }
      },
      {
        "$type": "DecorationMaster.MyBehaviour.DelayResizableBehaviour+DelayResizeItem, DecorationMaster",
        "time_offset": 0.0,
        "size": 1.0,
        "angle": 0,
        "sceneName": "Crossroads_42",
        "pname": "HK_trap_spike",
        "position": {
          "$type": "DecorationMaster.V2, DecorationMaster",
          "x": 82.979805,
          "y": 17.4996853
        }
      },
      {
        "$type": "DecorationMaster.MyBehaviour.DelayResizableBehaviour+DelayResizeItem, DecorationMaster",
        "time_offset": 0.5313199,
        "size": 1.0,
        "angle": 0,
        "sceneName": "Crossroads_42",
        "pname": "HK_trap_spike",
        "position": {
          "$type": "DecorationMaster.V2, DecorationMaster",
          "x": 79.91821,
          "y": 17.4846878
        }
      },
      {
        "$type": "DecorationMaster.MyBehaviour.DelayResizableBehaviour+DelayResizeItem, DecorationMaster",
        "time_offset": 1.00671148,
        "size": 1.0,
        "angle": 0,
        "sceneName": "Crossroads_42",
        "pname": "HK_trap_spike",
        "position": {
          "$type": "DecorationMaster.V2, DecorationMaster",
          "x": 76.8421,
          "y": 17.52968
        }
      },
      {
        "$type": "DecorationMaster.ItemDef+DefaultItem, DecorationMaster",
        "sceneName": "Crossroads_42",
        "pname": "IMG_RespawnPoint",
        "position": {
          "$type": "DecorationMaster.V2, DecorationMaster",
          "x": 73.6177444,
          "y": 16.299921
        }
      },
      {
        "$type": "DecorationMaster.MyBehaviour.DefaultBehaviour+SharedItem, DecorationMaster",
        "size": 1.0,
        "angle": 180,
        "sceneName": "Crossroads_42",
        "pname": "HK_soul_totem",
        "position": {
          "$type": "DecorationMaster.V2, DecorationMaster",
          "x": 75.82738,
          "y": 19.4043083
        }
      },
      {
        "$type": "DecorationMaster.ItemDef+LeverGateItem, DecorationMaster",
        "Number": 4,
        "size": 2.0,
        "angle": 0,
        "sceneName": "Crossroads_42",
        "pname": "HK_gate",
        "position": {
          "$type": "DecorationMaster.V2, DecorationMaster",
          "x": 41.9213753,
          "y": 5.81049061
        }
      },
      {
        "$type": "DecorationMaster.ItemDef+LeverGateItem, DecorationMaster",
        "Number": 5,
        "size": 1.0,
        "angle": 0,
        "sceneName": "Crossroads_42",
        "pname": "HK_lever",
        "position": {
          "$type": "DecorationMaster.V2, DecorationMaster",
          "x": 68.71744,
          "y": 18.1268
        }
      },
      {
        "$type": "DecorationMaster.ItemDef+LeverGateItem, DecorationMaster",
        "Number": 5,
        "size": 2.0,
        "angle": 90,
        "sceneName": "Crossroads_42",
        "pname": "HK_gate",
        "position": {
          "$type": "DecorationMaster.V2, DecorationMaster",
          "x": 62.7152939,
          "y": 16.2221737
        }
      },
      {
        "$type": "DecorationMaster.ItemDef+DefaultItem, DecorationMaster",
        "sceneName": "Crossroads_42",
        "pname": "IMG_RespawnPoint",
        "position": {
          "$type": "DecorationMaster.V2, DecorationMaster",
          "x": 69.19877,
          "y": 4.28079128
        }
      },
      {
        "$type": "DecorationMaster.ItemDef+DefaultItem, DecorationMaster",
        "sceneName": "Crossroads_42",
        "pname": "IMG_RespawnPoint",
        "position": {
          "$type": "DecorationMaster.V2, DecorationMaster",
          "x": 94.69512,
          "y": 16.2773151
        }
      },
      {
        "$type": "DecorationMaster.MyBehaviour.DefaultBehaviour+SharedItem, DecorationMaster",
        "size": 1.0,
        "angle": 0,
        "sceneName": "Crossroads_42",
        "pname": "HK_soul_totem",
        "position": {
          "$type": "DecorationMaster.V2, DecorationMaster",
          "x": 103.458214,
          "y": 16.9630089
        }
      },
      {
        "$type": "DecorationMaster.ItemDef+LeverGateItem, DecorationMaster",
        "Number": 4,
        "size": 1.0,
        "angle": 0,
        "sceneName": "Crossroads_42",
        "pname": "HK_lever",
        "position": {
          "$type": "DecorationMaster.V2, DecorationMaster",
          "x": 51.79897,
          "y": 4.08582973
        }
      },
      {
        "$type": "DecorationMaster.MyBehaviour.DefaultBehaviour+SharedItem, DecorationMaster",
        "size": 1.0,
        "angle": 0,
        "sceneName": "Crossroads_42",
        "pname": "HK_soul_totem",
        "position": {
          "$type": "DecorationMaster.V2, DecorationMaster",
          "x": 56.8206558,
          "y": 5.09973955
        }
      },
      {
        "$type": "DecorationMaster.MyBehaviour.DefaultBehaviour+SharedItem, DecorationMaster",
        "size": 1.0,
        "angle": 90,
        "sceneName": "Crossroads_42",
        "pname": "HK_spike",
        "position": {
          "$type": "DecorationMaster.V2, DecorationMaster",
          "x": 93.69032,
          "y": 13.8520508
        }
      },
      {
        "$type": "DecorationMaster.ItemDef+LeverGateItem, DecorationMaster",
        "Number": 2,
        "size": 1.56627524,
        "angle": 0,
        "sceneName": "Crossroads_42",
        "pname": "HK_gate",
        "position": {
          "$type": "DecorationMaster.V2, DecorationMaster",
          "x": 99.01429,
          "y": 9.499764
        }
      },
      {
        "$type": "DecorationMaster.ItemDef+DefaultItem, DecorationMaster",
        "sceneName": "Crossroads_42",
        "pname": "IMG_RespawnPoint",
        "position": {
          "$type": "DecorationMaster.V2, DecorationMaster",
          "x": 94.81889,
          "y": 8.333138
        }
      },
      {
        "$type": "DecorationMaster.MyBehaviour.Bench+BenchItem, DecorationMaster",
        "bench_name": "D_bench1_285959_37359785",
        "sceneName": "Crossroads_42",
        "pname": "HK_bench",
        "position": {
          "$type": "DecorationMaster.V2, DecorationMaster",
          "x": 6.59280968,
          "y": 12.7642593
        }
      },
      {
        "$type": "DecorationMaster.MyBehaviour.DefaultBehaviour+SharedItem, DecorationMaster",
        "size": 1.0,
        "angle": 0,
        "sceneName": "Crossroads_42",
        "pname": "HK_soul_totem",
        "position": {
          "$type": "DecorationMaster.V2, DecorationMaster",
          "x": 10.0109005,
          "y": 13.9745512
        }
      },
      {
        "$type": "DecorationMaster.ItemDef+DefaultItem, DecorationMaster",
        "sceneName": "Crossroads_42",
        "pname": "binoculars",
        "position": {
          "$type": "DecorationMaster.V2, DecorationMaster",
          "x": 95.23887,
          "y": 10.95659
        }
      },
      {
        "$type": "DecorationMaster.ItemDef+DefaultItem, DecorationMaster",
        "sceneName": "Crossroads_42",
        "pname": "binoculars",
        "position": {
          "$type": "DecorationMaster.V2, DecorationMaster",
          "x": 62.09721,
          "y": 6.14042473
        }
      },
      {
        "$type": "DecorationMaster.ItemDef+DefaultItem, DecorationMaster",
        "sceneName": "Crossroads_42",
        "pname": "binoculars",
        "position": {
          "$type": "DecorationMaster.V2, DecorationMaster",
          "x": 22.1213932,
          "y": 7.355189
        }
      },
      {
        "$type": "DecorationMaster.MyBehaviour.DefaultBehaviour+SharedItem, DecorationMaster",
        "size": 1.0,
        "angle": 0,
        "sceneName": "Crossroads_42",
        "pname": "HK_stomper",
        "position": {
          "$type": "DecorationMaster.V2, DecorationMaster",
          "x": 10.6857681,
          "y": 6.14042473
        }
      },
      {
        "$type": "DecorationMaster.MyBehaviour.DefaultBehaviour+SharedItem, DecorationMaster",
        "size": 1.0,
        "angle": 0,
        "sceneName": "Crossroads_42",
        "pname": "HK_platform_rect",
        "position": {
          "$type": "DecorationMaster.V2, DecorationMaster",
          "x": 12.3804369,
          "y": 1.88126373
        }
      },
      {
        "$type": "DecorationMaster.MyBehaviour.DefaultBehaviour+SharedItem, DecorationMaster",
        "size": 1.0,
        "angle": 0,
        "sceneName": "Crossroads_42",
        "pname": "HK_platform_rect",
        "position": {
          "$type": "DecorationMaster.V2, DecorationMaster",
          "x": 17.6444035,
          "y": 5.435563
        }
      },
      {
        "$type": "DecorationMaster.MyBehaviour.DefaultBehaviour+SharedItem, DecorationMaster",
        "size": 1.0,
        "angle": 0,
        "sceneName": "Crossroads_42",
        "pname": "HK_stomper",
        "position": {
          "$type": "DecorationMaster.V2, DecorationMaster",
          "x": 15.844758,
          "y": 7.220212
        }
      },
      {
        "$type": "DecorationMaster.MyBehaviour.DefaultBehaviour+SharedItem, DecorationMaster",
        "size": 1.0,
        "angle": 180,
        "sceneName": "Crossroads_42",
        "pname": "HK_stomper",
        "position": {
          "$type": "DecorationMaster.V2, DecorationMaster",
          "x": 13.9701271,
          "y": 0.2465868
        }
      },
      {
        "$type": "DecorationMaster.ItemDef+DefaultItem, DecorationMaster",
        "sceneName": "Crossroads_42",
        "pname": "IMG_RespawnPoint",
        "position": {
          "$type": "DecorationMaster.V2, DecorationMaster",
          "x": 3.75713825,
          "y": 3.89087248
        }
      },
      {
        "$type": "DecorationMaster.ItemDef+DefaultItem, DecorationMaster",
        "sceneName": "Crossroads_42",
        "pname": "IMG_RespawnPoint",
        "position": {
          "$type": "DecorationMaster.V2, DecorationMaster",
          "x": 20.8987637,
          "y": 4.26579666
        }
      },
      {
        "$type": "DecorationMaster.ItemDef+LeverGateItem, DecorationMaster",
        "Number": 2,
        "size": 1.0,
        "angle": 0,
        "sceneName": "Crossroads_42",
        "pname": "HK_lever",
        "position": {
          "$type": "DecorationMaster.V2, DecorationMaster",
          "x": 104.278229,
          "y": 4.145821
        }
      },
      {
        "$type": "DecorationMaster.ItemDef+DefaultItem, DecorationMaster",
        "sceneName": "Crossroads_42",
        "pname": "binoculars",
        "position": {
          "$type": "DecorationMaster.V2, DecorationMaster",
          "x": 47.9574928,
          "y": 6.260401
        }
      },
      {
        "$type": "DecorationMaster.ItemDef+DefaultItem, DecorationMaster",
        "sceneName": "Crossroads_42",
        "pname": "IMG_RespawnPoint",
        "position": {
          "$type": "DecorationMaster.V2, DecorationMaster",
          "x": 48.16619,
          "y": 4.7307024
        }
      },
      {
        "$type": "DecorationMaster.ItemDef+LeverGateItem, DecorationMaster",
        "Number": 3,
        "size": 1.0,
        "angle": 0,
        "sceneName": "Crossroads_42",
        "pname": "HK_lever",
        "position": {
          "$type": "DecorationMaster.V2, DecorationMaster",
          "x": 17.0667019,
          "y": 12.9690247
        }
      }
    ]
  }
}