{
  "$type": "DecorationMaster.ItemSettings, DecorationMaster",
  "scene_name": "Crossroads_48",
  "mod_version": 0.4,
  "items": {
    "$type": "System.Collections.Generic.List`1[[DecorationMaster.Item, DecorationMaster]], mscorlib",
    "$values": [
      {
        "$type": "DecorationMaster.ItemDef+DefatulResizeItem, DecorationMaster",
        "size": 1.0,
        "angle": 30,
        "sceneName": "Crossroads_48",
        "pname": "jarcol_floor",
        "position": {
          "$type": "DecorationMaster.V2, DecorationMaster",
          "x": 34.9608841,
          "y": 4.160814
        }
      },
      {
        "$type": "DecorationMaster.MyBehaviour.DefaultBehaviour+SharedItem, DecorationMaster",
        "size": 1.0,
        "angle": 0,
        "sceneName": "Crossroads_48",
        "pname": "HK_soul_totem",
        "position": {
          "$type": "DecorationMaster.V2, DecorationMaster",
          "x": 49.79353,
          "y": 4.1008296
        }
      },
      {
        "$type": "DecorationMaster.ItemDef+DefatulResizeItem, DecorationMaster",
        "size": 1.0,
        "angle": 270,
        "sceneName": "Crossroads_48",
        "pname": "jarcol_floor",
        "position": {
          "$type": "DecorationMaster.V2, DecorationMaster",
          "x": 39.75794,
          "y": 1.866271
        }
      },
      {
        "$type": "DecorationMaster.ItemDef+DefatulResizeItem, DecorationMaster",
        "size": 2.0,
        "angle": 180,
        "sceneName": "Crossroads_48",
        "pname": "white_spike",
        "position": {
          "$type": "DecorationMaster.V2, DecorationMaster",
          "x": 44.469574,
          "y": 8.8249
        }
      },
      {
        "$type": "DecorationMaster.ItemDef+DefatulResizeItem, DecorationMaster",
        "size": 2.0,
        "angle": 180,
        "sceneName": "Crossroads_48",
        "pname": "white_spike",
        "position": {
          "$type": "DecorationMaster.V2, DecorationMaster",
          "x": 40.24041,
          "y": 11.41939
        }
      },
      {
        "$type": "DecorationMaster.ItemDef+DefatulResizeItem, DecorationMaster",
        "size": 2.0,
        "angle": 180,
        "sceneName": "Crossroads_48",
        "pname": "white_spike",
        "position": {
          "$type": "DecorationMaster.V2, DecorationMaster",
          "x": 36.3194275,
          "y": 11.2844152
        }
      },
      {
        "$type": "DecorationMaster.ItemDef+DefatulResizeItem, DecorationMaster",
        "size": 2.0,
        "angle": 180,
        "sceneName": "Crossroads_48",
        "pname": "white_spike",
        "position": {
          "$type": "DecorationMaster.V2, DecorationMaster",
          "x": 31.94029,
          "y": 11.41939
        }
      },
      {
        "$type": "DecorationMaster.ItemDef+DefatulResizeItem, DecorationMaster",
        "size": 2.0,
        "angle": 180,
        "sceneName": "Crossroads_48",
        "pname": "white_spike",
        "position": {
          "$type": "DecorationMaster.V2, DecorationMaster",
          "x": 27.7711143,
          "y": 11.3594007
        }
      },
      {
        "$type": "DecorationMaster.ItemDef+DefaultItem, DecorationMaster",
        "sceneName": "Crossroads_48",
        "pname": "binoculars",
        "position": {
          "$type": "DecorationMaster.V2, DecorationMaster",
          "x": 48.0988655,
          "y": 7.68512726
        }
      },
      {
        "$type": "DecorationMaster.ItemDef+DefatulResizeItem, DecorationMaster",
        "size": 2.0,
        "angle": 200,
        "sceneName": "Crossroads_48",
        "pname": "white_spike",
        "position": {
          "$type": "DecorationMaster.V2, DecorationMaster",
          "x": 24.2058086,
          "y": 2.52614212
        }
      },
      {
        "$type": "DecorationMaster.ItemDef+DefaultItem, DecorationMaster",
        "sceneName": "Crossroads_48",
        "pname": "IMG_RespawnPoint",
        "position": {
          "$type": "DecorationMaster.V2, DecorationMaster",
          "x": 18.8124,
          "y": 4.35577965
        }
      },
      {
        "$type": "DecorationMaster.ItemDef+DefatulResizeItem, DecorationMaster",
        "size": 0.2,
        "angle": 20,
        "sceneName": "Crossroads_48",
        "pname": "white_spike",
        "position": {
          "$type": "DecorationMaster.V2, DecorationMaster",
          "x": 22.6795387,
          "y": 3.38830185
        }
      },
      {
        "$type": "DecorationMaster.ItemDef+DefatulResizeItem, DecorationMaster",
        "size": 0.2,
        "angle": 20,
        "sceneName": "Crossroads_48",
        "pname": "white_spike",
        "position": {
          "$type": "DecorationMaster.V2, DecorationMaster",
          "x": 24.81558,
          "y": 4.163926
        }
      },
      {
        "$type": "DecorationMaster.ItemDef+DefatulResizeItem, DecorationMaster",
        "size": 0.2,
        "angle": 20,
        "sceneName": "Crossroads_48",
        "pname": "white_spike",
        "position": {
          "$type": "DecorationMaster.V2, DecorationMaster",
          "x": 24.5878181,
          "y": 4.05927849
        }
      },
      {
        "$type": "DecorationMaster.ItemDef+DefatulResizeItem, DecorationMaster",
        "size": 0.2,
        "angle": 20,
        "sceneName": "Crossroads_48",
        "pname": "white_spike",
        "position": {
          "$type": "DecorationMaster.V2, DecorationMaster",
          "x": 24.36621,
          "y": 3.96694231
        }
      },
      {
        "$type": "DecorationMaster.ItemDef+DefatulResizeItem, DecorationMaster",
        "size": 0.2,
        "angle": 20,
        "sceneName": "Crossroads_48",
        "pname": "white_spike",
        "position": {
          "$type": "DecorationMaster.V2, DecorationMaster",
          "x": 24.1569157,
          "y": 3.86229467
        }
      },
      {
        "$type": "DecorationMaster.ItemDef+DefatulResizeItem, DecorationMaster",
        "size": 0.2,
        "angle": 20,
        "sceneName": "Crossroads_48",
        "pname": "white_spike",
        "position": {
          "$type": "DecorationMaster.V2, DecorationMaster",
          "x": 23.9229984,
          "y": 3.7699585
        }
      },
      {
        "$type": "DecorationMaster.ItemDef+DefatulResizeItem, DecorationMaster",
        "size": 0.2,
        "angle": 20,
        "sceneName": "Crossroads_48",
        "pname": "white_spike",
        "position": {
          "$type": "DecorationMaster.V2, DecorationMaster",
          "x": 23.6890812,
          "y": 3.689934
        }
      },
      {
        "$type": "DecorationMaster.ItemDef+DefatulResizeItem, DecorationMaster",
        "size": 0.2,
        "angle": 20,
        "sceneName": "Crossroads_48",
        "pname": "white_spike",
        "position": {
          "$type": "DecorationMaster.V2, DecorationMaster",
          "x": 23.48594,
          "y": 3.59759736
        }
      },
      {
        "$type": "DecorationMaster.ItemDef+DefatulResizeItem, DecorationMaster",
        "size": 0.2,
        "angle": 20,
        "sceneName": "Crossroads_48",
        "pname": "white_spike",
        "position": {
          "$type": "DecorationMaster.V2, DecorationMaster",
          "x": 23.2643318,
          "y": 3.529884
        }
      },
      {
        "$type": "DecorationMaster.ItemDef+DefatulResizeItem, DecorationMaster",
        "size": 0.2,
        "angle": 20,
        "sceneName": "Crossroads_48",
        "pname": "white_spike",
        "position": {
          "$type": "DecorationMaster.V2, DecorationMaster",
          "x": 23.0488815,
          "y": 3.44370365
        }
      },
      {
        "$type": "DecorationMaster.ItemDef+DefatulResizeItem, DecorationMaster",
        "size": 0.2,
        "angle": 20,
        "sceneName": "Crossroads_48",
        "pname": "white_spike",
        "position": {
          "$type": "DecorationMaster.V2, DecorationMaster",
          "x": 22.8703651,
          "y": 3.412925
        }
      },
      {
        "$type": "DecorationMaster.MyBehaviour.DefaultBehaviour+SharedItem, DecorationMaster",
        "size": 0.64,
        "angle": 0,
        "sceneName": "Crossroads_48",
        "pname": "HK_soul_totem",
        "position": {
          "$type": "DecorationMaster.V2, DecorationMaster",
          "x": 49.82354,
          "y": 6.26040745
        }
      },
      {
        "$type": "DecorationMaster.MyBehaviour.Bench+BenchItem, DecorationMaster",
        "bench_name": "D_bench1_126314_77363212",
        "sceneName": "Crossroads_48",
        "pname": "HK_bench",
        "position": {
          "$type": "DecorationMaster.V2, DecorationMaster",
          "x": -1.40698433,
          "y": 4.581711
        }
      },
      {
        "$type": "DecorationMaster.MyBehaviour.Bench+BenchItem, DecorationMaster",
        "bench_name": "D_bench1_453497_77363218",
        "sceneName": "Crossroads_48",
        "pname": "HK_bench",
        "position": {
          "$type": "DecorationMaster.V2, DecorationMaster",
          "x": -1.40698433,
          "y": 4.83182049
        }
      },
      {
        "$type": "DecorationMaster.MyBehaviour.Bench+BenchItem, DecorationMaster",
        "bench_name": "D_bench1_876297_77363219",
        "sceneName": "Crossroads_48",
        "pname": "HK_bench",
        "position": {
          "$type": "DecorationMaster.V2, DecorationMaster",
          "x": -1.40698433,
          "y": 4.581711
        }
      },
      {
        "$type": "DecorationMaster.MyBehaviour.Bench+BenchItem, DecorationMaster",
        "bench_name": "D_bench1_26554_77363219",
        "sceneName": "Crossroads_48",
        "pname": "HK_bench",
        "position": {
          "$type": "DecorationMaster.V2, DecorationMaster",
          "x": -1.40698433,
          "y": 4.681755
        }
      },
      {
        "$type": "DecorationMaster.MyBehaviour.Bench+BenchItem, DecorationMaster",
        "bench_name": "D_bench1_288194_77363220",
        "sceneName": "Crossroads_48",
        "pname": "HK_bench",
        "position": {
          "$type": "DecorationMaster.V2, DecorationMaster",
          "x": -1.40698433,
          "y": 4.61506
        }
      },
      {
        "$type": "DecorationMaster.MyBehaviour.DefaultBehaviour+SharedItem, DecorationMaster",
        "size": 1.0,
        "angle": 0,
        "sceneName": "Crossroads_48",
        "pname": "HK_platform_small",
        "position": {
          "$type": "DecorationMaster.V2, DecorationMaster",
          "x": -0.282232285,
          "y": 2.32833767
        }
      },
      {
        "$type": "DecorationMaster.MyBehaviour.DefaultBehaviour+SharedItem, DecorationMaster",
        "size": 2.0,
        "angle": 180,
        "sceneName": "Crossroads_48",
        "pname": "HK_platform_small",
        "position": {
          "$type": "DecorationMaster.V2, DecorationMaster",
          "x": -1.182055,
          "y": 5.312749
        }
      }
    ]
  }
}