{
  "$type": "DecorationMaster.ItemSettings, DecorationMaster",
  "scene_name": "Crossroads_30",
  "mod_version": 0.4,
  "items": {
    "$type": "System.Collections.Generic.List`1[[DecorationMaster.Item, DecorationMaster]], mscorlib",
    "$values": [
      {
        "$type": "DecorationMaster.MyBehaviour.Bench+BenchItem, DecorationMaster",
        "bench_name": "D_bench1_1636246496",
        "sceneName": "Crossroads_30",
        "pname": "HK_bench",
        "position": {
          "$type": "DecorationMaster.V2, DecorationMaster",
          "x": 12.1854782,
          "y": 4.680903
        }
      },
      {
        "$type": "DecorationMaster.MyBehaviour.OtherBehaviour+BackColorFill+PartResizeColor, DecorationMaster",
        "size_x": 0.2,
        "size_y": 1.0,
        "angle": 0,
        "Order": 0,
        "A": 0.0,
        "R": 1.0,
        "G": 1.0,
        "B": 1.0,
        "sceneName": "Crossroads_30",
        "pname": "back_colorfull_fill",
        "position": {
          "$type": "DecorationMaster.V2, DecorationMaster",
          "x": 27.6692619,
          "y": 2.70129633
        }
      },
      {
        "$type": "DecorationMaster.MyBehaviour.OtherBehaviour+BackColorFill+PartResizeColor, DecorationMaster",
        "size_x": 0.2,
        "size_y": 1.0,
        "angle": 0,
        "Order": 0,
        "A": 0.0,
        "R": 1.0,
        "G": 1.0,
        "B": 1.0,
        "sceneName": "Crossroads_30",
        "pname": "back_colorfull_fill",
        "position": {
          "$type": "DecorationMaster.V2, DecorationMaster",
          "x": 18.94098,
          "y": 2.64130688
        }
      },
      {
        "$type": "DecorationMaster.MyBehaviour.Bench+BenchItem, DecorationMaster",
        "bench_name": "D_bench1_944085_91068705",
        "sceneName": "Crossroads_30",
        "pname": "HK_bench",
        "position": {
          "$type": "DecorationMaster.V2, DecorationMaster",
          "x": 21.3555126,
          "y": 3.97604322
        }
      }
    ]
  }
}