{
  "scene_name": "Crossroads_38",
  "mod_version": 0.4,
  "items": [
    {
      "$type": "DecorationMaster.ItemDef+DefaultItem, DecorationMaster",
      "sceneName": "Crossroads_38",
      "pname": "IMG_RespawnPoint",
      "position": {
        "x": 65.49301,
        "y": 3.2159996
      }
    },
    {
      "$type": "DecorationMaster.MyBehaviour.Bench+BenchItem, DecorationMaster",
      "bench_name": "D_bench1_1636230561",
      "sceneName": "Crossroads_38",
      "pname": "HK_bench",
      "position": {
        "x": 21.6505,
        "y": 2.721099
      }
    },
    {
      "$type": "DecorationMaster.ItemDef+SawItem, DecorationMaster",
      "span": 3,
      "speed": 0,
      "pitch": 1.0,
      "volume": 0.3,
      "Center": {
        "x": 65.95791,
        "y": 8.569946
      },
      "offset": 0,
      "size": 1.0,
      "angle": 0,
      "sceneName": "Crossroads_38",
      "pname": "HK_saw",
      "position": {
        "x": 65.95791,
        "y": 8.569946
      }
    },
    {
      "$type": "DecorationMaster.ItemDef+SawItem, DecorationMaster",
      "span": 3,
      "speed": 0,
      "pitch": 1.0,
      "volume": 0.0,
      "Center": {
        "x": 64.5032,
        "y": 12.1692371
      },
      "offset": 0,
      "size": 1.0,
      "angle": 0,
      "sceneName": "Crossroads_38",
      "pname": "HK_saw",
      "position": {
        "x": 64.5032,
        "y": 12.1692371
      }
    },
    {
      "$type": "DecorationMaster.MyBehaviour.DefaultBehaviour+SharedItem, DecorationMaster",
      "size": 0.2,
      "angle": 0,
      "sceneName": "Crossroads_38",
      "pname": "HK_infinte_soul",
      "position": {
        "x": 22.5905132,
        "y": 0.681501865
      }
    },
    {
      "$type": "DecorationMaster.MyBehaviour.DefaultBehaviour+SharedItem, DecorationMaster",
      "size": 0.2,
      "angle": 0,
      "sceneName": "Crossroads_38",
      "pname": "HK_infinte_soul",
      "position": {
        "x": 20.7908688,
        "y": 1.1014204
      }
    }
  ]
}