{
  "$type": "DecorationMaster.ItemSettings, DecorationMaster",
  "scene_name": "Deepnest_42",
  "mod_version": 0.5,
  "items": {
    "$type": "System.Collections.Generic.List`1[[DecorationMaster.Item, DecorationMaster]], mscorlib",
    "$values": [
      {
        "$type": "DecorationMaster.MyBehaviour.DefaultBehaviour+SharedItem, DecorationMaster",
        "size": 1.0,
        "angle": 0,
        "sceneName": "Deepnest_42",
        "pname": "HK_soul_totem",
        "position": {
          "$type": "DecorationMaster.V2, DecorationMaster",
          "x": 33.67836,
          "y": 3.980857
        }
      },
      {
        "$type": "DecorationMaster.ItemDef+LeverGateItem, DecorationMaster",
        "Number": 1,
        "size": 1.54,
        "angle": 90,
        "sceneName": "Deepnest_42",
        "pname": "HK_gate",
        "position": {
          "$type": "DecorationMaster.V2, DecorationMaster",
          "x": 22.0406513,
          "y": 11.5263262
        }
      },
      {
        "$type": "DecorationMaster.ItemDef+LeverGateItem, DecorationMaster",
        "Number": 1,
        "size": 1.0,
        "angle": 90,
        "sceneName": "Deepnest_42",
        "pname": "HK_lever",
        "position": {
          "$type": "DecorationMaster.V2, DecorationMaster",
          "x": 31.8428211,
          "y": 17.8291321
        }
      },
      {
        "$type": "DecorationMaster.MyBehaviour.DelayResizableBehaviour+DelayResizeItem, DecorationMaster",
        "time_offset": 0.0,
        "size": 1.0,
        "angle": 0,
        "sceneName": "Deepnest_42",
        "pname": "HK_trap_spike",
        "position": {
          "$type": "DecorationMaster.V2, DecorationMaster",
          "x": 18.6786251,
          "y": 3.51594257
        }
      },
      {
        "$type": "DecorationMaster.MyBehaviour.DelayResizableBehaviour+DelayResizeItem, DecorationMaster",
        "time_offset": 0.0,
        "size": 2.0,
        "angle": 0,
        "sceneName": "Deepnest_42",
        "pname": "HK_trap_spike",
        "position": {
          "$type": "DecorationMaster.V2, DecorationMaster",
          "x": 15.904171,
          "y": 5.105629
        }
      },
      {
        "$type": "DecorationMaster.ItemDef+DefaultItem, DecorationMaster",
        "sceneName": "Deepnest_42",
        "pname": "IMG_RespawnPoint",
        "position": {
          "$type": "DecorationMaster.V2, DecorationMaster",
          "x": 10.4308243,
          "y": 9.47071552
        }
      },
      {
        "$type": "DecorationMaster.MyBehaviour.DefaultBehaviour+SharedItem, DecorationMaster",
        "size": 1.0,
        "angle": 271,
        "sceneName": "Deepnest_42",
        "pname": "HK_stomper",
        "position": {
          "$type": "DecorationMaster.V2, DecorationMaster",
          "x": 16.2543545,
          "y": 14.2786837
        }
      },
      {
        "$type": "DecorationMaster.MyBehaviour.DelayResizableBehaviour+DelayResizeItem, DecorationMaster",
        "time_offset": 0.0,
        "size": 1.0,
        "angle": 270,
        "sceneName": "Deepnest_42",
        "pname": "HK_trap_spike",
        "position": {
          "$type": "DecorationMaster.V2, DecorationMaster",
          "x": 11.345644,
          "y": 16.7794685
        }
      },
      {
        "$type": "DecorationMaster.MyBehaviour.DefaultBehaviour+SharedItem, DecorationMaster",
        "size": 1.0,
        "angle": 90,
        "sceneName": "Deepnest_42",
        "pname": "HK_spike",
        "position": {
          "$type": "DecorationMaster.V2, DecorationMaster",
          "x": 15.3348589,
          "y": 8.075045
        }
      },
      {
        "$type": "DecorationMaster.ItemDef+DefatulResizeItem, DecorationMaster",
        "size": 1.0,
        "angle": 0,
        "sceneName": "Deepnest_42",
        "pname": "white_thorn",
        "position": {
          "$type": "DecorationMaster.V2, DecorationMaster",
          "x": 18.021946,
          "y": 20.2049465
        }
      },
      {
        "$type": "DecorationMaster.ItemDef+DefatulResizeItem, DecorationMaster",
        "size": 1.0,
        "angle": 270,
        "sceneName": "Deepnest_42",
        "pname": "white_thorn",
        "position": {
          "$type": "DecorationMaster.V2, DecorationMaster",
          "x": 20.09396,
          "y": 18.255331
        }
      },
      {
        "$type": "DecorationMaster.ItemDef+DefaultItem, DecorationMaster",
        "sceneName": "Deepnest_42",
        "pname": "HK_fly",
        "position": {
          "$type": "DecorationMaster.V2, DecorationMaster",
          "x": 22.2305546,
          "y": 16.6048965
        }
      },
      {
        "$type": "DecorationMaster.MyBehaviour.DefaultBehaviour+SharedItem, DecorationMaster",
        "size": 1.0,
        "angle": 0,
        "sceneName": "Deepnest_42",
        "pname": "HK_garden_plat_s",
        "position": {
          "$type": "DecorationMaster.V2, DecorationMaster",
          "x": 22.1405621,
          "y": 15.0901966
        }
      },
      {
        "$type": "DecorationMaster.MyBehaviour.DefaultBehaviour+SharedItem, DecorationMaster",
        "size": 1.0,
        "angle": 0,
        "sceneName": "Deepnest_42",
        "pname": "HK_soul_totem",
        "position": {
          "$type": "DecorationMaster.V2, DecorationMaster",
          "x": 31.4288139,
          "y": 13.864316
        }
      },
      {
        "$type": "DecorationMaster.MyBehaviour.DefaultBehaviour+SharedItem, DecorationMaster",
        "size": 0.5519127,
        "angle": 0,
        "sceneName": "Deepnest_42",
        "pname": "HK_soul_totem",
        "position": {
          "$type": "DecorationMaster.V2, DecorationMaster",
          "x": 33.7233467,
          "y": 5.840485
        }
      },
      {
        "$type": "DecorationMaster.ItemDef+SawItem, DecorationMaster",
        "span": 2,
        "speed": 7,
        "pitch": 1.0,
        "volume": 0.0,
        "Center": {
          "$type": "DecorationMaster.V2, DecorationMaster",
          "x": 36.0932274,
          "y": 24.4515
        },
        "offset": 0,
        "size": 2.0,
        "angle": 0,
        "sceneName": "Deepnest_42",
        "pname": "HK_saw",
        "position": {
          "$type": "DecorationMaster.V2, DecorationMaster",
          "x": 36.0932274,
          "y": 24.4515
        }
      },
      {
        "$type": "DecorationMaster.ItemDef+DefaultItem, DecorationMaster",
        "sceneName": "Deepnest_42",
        "pname": "IMG_RespawnPoint",
        "position": {
          "$type": "DecorationMaster.V2, DecorationMaster",
          "x": 28.9093018,
          "y": 30.2724762
        }
      },
      {
        "$type": "DecorationMaster.ItemDef+DefatulResizeItem, DecorationMaster",
        "size": 2.0,
        "angle": 170,
        "sceneName": "Deepnest_42",
        "pname": "white_thorn",
        "position": {
          "$type": "DecorationMaster.V2, DecorationMaster",
          "x": 27.9644966,
          "y": 33.57281
        }
      },
      {
        "$type": "DecorationMaster.ItemDef+DefatulResizeItem, DecorationMaster",
        "size": 1.54,
        "angle": 350,
        "sceneName": "Deepnest_42",
        "pname": "white_thorn",
        "position": {
          "$type": "DecorationMaster.V2, DecorationMaster",
          "x": 29.6930866,
          "y": 35.2015724
        }
      },
      {
        "$type": "DecorationMaster.ItemDef+DefatulResizeItem, DecorationMaster",
        "size": 1.54,
        "angle": 170,
        "sceneName": "Deepnest_42",
        "pname": "white_thorn",
        "position": {
          "$type": "DecorationMaster.V2, DecorationMaster",
          "x": 20.9105072,
          "y": 34.53489
        }
      },
      {
        "$type": "DecorationMaster.ItemDef+DefatulResizeItem, DecorationMaster",
        "size": 1.18000007,
        "angle": 350,
        "sceneName": "Deepnest_42",
        "pname": "white_thorn",
        "position": {
          "$type": "DecorationMaster.V2, DecorationMaster",
          "x": 20.3228779,
          "y": 36.3045731
        }
      },
      {
        "$type": "DecorationMaster.MyBehaviour.DefaultBehaviour+SharedItem, DecorationMaster",
        "size": 0.82,
        "angle": 0,
        "sceneName": "Deepnest_42",
        "pname": "HK_soul_totem",
        "position": {
          "$type": "DecorationMaster.V2, DecorationMaster",
          "x": 19.9374714,
          "y": 31.6851044
        }
      },
      {
        "$type": "DecorationMaster.ItemDef+DefaultItem, DecorationMaster",
        "sceneName": "Deepnest_42",
        "pname": "IMG_RespawnPoint",
        "position": {
          "$type": "DecorationMaster.V2, DecorationMaster",
          "x": 18.8224964,
          "y": 31.9254189
        }
      },
      {
        "$type": "DecorationMaster.ItemDef+DefatulResizeItem, DecorationMaster",
        "size": 1.0,
        "angle": 0,
        "sceneName": "Deepnest_42",
        "pname": "white_thorn",
        "position": {
          "$type": "DecorationMaster.V2, DecorationMaster",
          "x": 22.5928478,
          "y": 28.1544228
        }
      },
      {
        "$type": "DecorationMaster.ItemDef+DefatulResizeItem, DecorationMaster",
        "size": 2.0,
        "angle": 220,
        "sceneName": "Deepnest_42",
        "pname": "white_thorn",
        "position": {
          "$type": "DecorationMaster.V2, DecorationMaster",
          "x": 15.5345,
          "y": 44.6731949
        }
      },
      {
        "$type": "DecorationMaster.ItemDef+DefatulResizeItem, DecorationMaster",
        "size": 2.0,
        "angle": 180,
        "sceneName": "Deepnest_42",
        "pname": "white_thorn",
        "position": {
          "$type": "DecorationMaster.V2, DecorationMaster",
          "x": 20.1032028,
          "y": 47.4492531
        }
      },
      {
        "$type": "DecorationMaster.ItemDef+DefatulResizeItem, DecorationMaster",
        "size": 2.0,
        "angle": 180,
        "sceneName": "Deepnest_42",
        "pname": "white_thorn",
        "position": {
          "$type": "DecorationMaster.V2, DecorationMaster",
          "x": 25.24504,
          "y": 48.1315575
        }
      },
      {
        "$type": "DecorationMaster.MyBehaviour.DelayResizableBehaviour+DelayResizeItem, DecorationMaster",
        "time_offset": 0.0,
        "size": 1.0,
        "angle": 0,
        "sceneName": "Deepnest_42",
        "pname": "HK_trap_spike",
        "position": {
          "$type": "DecorationMaster.V2, DecorationMaster",
          "x": 25.9248924,
          "y": 43.5531731
        }
      },
      {
        "$type": "DecorationMaster.MyBehaviour.DefaultBehaviour+SharedItem, DecorationMaster",
        "size": 1.3599999,
        "angle": 0,
        "sceneName": "Deepnest_42",
        "pname": "HK_flip_platform",
        "position": {
          "$type": "DecorationMaster.V2, DecorationMaster",
          "x": 25.0400639,
          "y": 40.4068222
        }
      },
      {
        "$type": "DecorationMaster.MyBehaviour.DefaultBehaviour+SharedItem, DecorationMaster",
        "size": 0.82,
        "angle": 0,
        "sceneName": "Deepnest_42",
        "pname": "HK_soul_totem",
        "position": {
          "$type": "DecorationMaster.V2, DecorationMaster",
          "x": 29.4750443,
          "y": 34.4166
        }
      },
      {
        "$type": "DecorationMaster.ItemDef+DefatulResizeItem, DecorationMaster",
        "size": 2.0,
        "angle": 90,
        "sceneName": "Deepnest_42",
        "pname": "white_thorn",
        "position": {
          "$type": "DecorationMaster.V2, DecorationMaster",
          "x": 35.4030342,
          "y": 45.94801
        }
      },
      {
        "$type": "DecorationMaster.ItemDef+LeverGateItem, DecorationMaster",
        "Number": 2,
        "size": 0.82,
        "angle": 0,
        "sceneName": "Deepnest_42",
        "pname": "HK_gate",
        "position": {
          "$type": "DecorationMaster.V2, DecorationMaster",
          "x": 33.4642258,
          "y": 71.21875
        }
      },
      {
        "$type": "DecorationMaster.ItemDef+LeverGateItem, DecorationMaster",
        "Number": 2,
        "size": 1.0,
        "angle": 270,
        "sceneName": "Deepnest_42",
        "pname": "HK_lever",
        "position": {
          "$type": "DecorationMaster.V2, DecorationMaster",
          "x": 25.16005,
          "y": 75.06325
        }
      },
      {
        "$type": "DecorationMaster.ItemDef+DefaultItem, DecorationMaster",
        "sceneName": "Deepnest_42",
        "pname": "IMG_RespawnPoint",
        "position": {
          "$type": "DecorationMaster.V2, DecorationMaster",
          "x": 34.7342262,
          "y": 71.8451157
        }
      },
      {
        "$type": "DecorationMaster.ItemDef+DefaultItem, DecorationMaster",
        "sceneName": "Deepnest_42",
        "pname": "IMG_RespawnPoint",
        "position": {
          "$type": "DecorationMaster.V2, DecorationMaster",
          "x": 31.4588089,
          "y": 46.53814
        }
      },
      {
        "$type": "DecorationMaster.MyBehaviour.OtherBehaviour+BackColorFill+PartResizeColor, DecorationMaster",
        "size_x": 2.0,
        "size_y": 1.54,
        "angle": 0,
        "Order": 0,
        "A": 0.0,
        "R": 0.04893736,
        "G": 0.147091687,
        "B": 0.15408273,
        "sceneName": "Deepnest_42",
        "pname": "back_colorfull_fill",
        "position": {
          "$type": "DecorationMaster.V2, DecorationMaster",
          "x": 26.0448742,
          "y": 54.9172173
        }
      },
      {
        "$type": "DecorationMaster.MyBehaviour.OtherBehaviour+BackColorFill+PartResizeColor, DecorationMaster",
        "size_x": 2.0,
        "size_y": 1.54,
        "angle": 0,
        "Order": 0,
        "A": 0.0,
        "R": 0.04893736,
        "G": 0.147091687,
        "B": 0.15408273,
        "sceneName": "Deepnest_42",
        "pname": "back_colorfull_fill",
        "position": {
          "$type": "DecorationMaster.V2, DecorationMaster",
          "x": 18.0814438,
          "y": 54.51231
        }
      },
      {
        "$type": "DecorationMaster.MyBehaviour.OtherBehaviour+BackColorFill+PartResizeColor, DecorationMaster",
        "size_x": 2.0,
        "size_y": 2.0,
        "angle": 0,
        "Order": 0,
        "A": 0.0,
        "R": 0.04893736,
        "G": 0.147091687,
        "B": 0.15408273,
        "sceneName": "Deepnest_42",
        "pname": "back_colorfull_fill",
        "position": {
          "$type": "DecorationMaster.V2, DecorationMaster",
          "x": 15.1180029,
          "y": 55.70195
        }
      },
      {
        "$type": "DecorationMaster.MyBehaviour.OtherBehaviour+BackColorFill+PartResizeColor, DecorationMaster",
        "size_x": 0.74,
        "size_y": 2.0,
        "angle": 0,
        "Order": 0,
        "A": 0.0,
        "R": 0.04893736,
        "G": 0.147091687,
        "B": 0.15408273,
        "sceneName": "Deepnest_42",
        "pname": "back_colorfull_fill",
        "position": {
          "$type": "DecorationMaster.V2, DecorationMaster",
          "x": 9.794589,
          "y": 55.6917572
        }
      },
      {
        "$type": "DecorationMaster.MyBehaviour.OtherBehaviour+BackColorFill+PartResizeColor, DecorationMaster",
        "size_x": 2.0,
        "size_y": 1.54,
        "angle": 0,
        "Order": 0,
        "A": 0.0,
        "R": 0.04893736,
        "G": 0.147091687,
        "B": 0.15408273,
        "sceneName": "Deepnest_42",
        "pname": "back_colorfull_fill",
        "position": {
          "$type": "DecorationMaster.V2, DecorationMaster",
          "x": 10.100894,
          "y": 61.89101
        }
      },
      {
        "$type": "DecorationMaster.ItemDef+DefatulResizeItem, DecorationMaster",
        "size": 2.0,
        "angle": 155,
        "sceneName": "Deepnest_42",
        "pname": "white_thorn",
        "position": {
          "$type": "DecorationMaster.V2, DecorationMaster",
          "x": 17.08519,
          "y": 57.70036
        }
      },
      {
        "$type": "DecorationMaster.ItemDef+DefatulResizeItem, DecorationMaster",
        "size": 1.54,
        "angle": 180,
        "sceneName": "Deepnest_42",
        "pname": "white_thorn",
        "position": {
          "$type": "DecorationMaster.V2, DecorationMaster",
          "x": 23.09045,
          "y": 56.49301
        }
      },
      {
        "$type": "DecorationMaster.ItemDef+DefaultItem, DecorationMaster",
        "sceneName": "Deepnest_42",
        "pname": "IMG_RespawnPoint",
        "position": {
          "$type": "DecorationMaster.V2, DecorationMaster",
          "x": 15.7974443,
          "y": 67.05444
        }
      },
      {
        "$type": "DecorationMaster.ItemDef+DefatulResizeItem, DecorationMaster",
        "size": 1.54,
        "angle": 110,
        "sceneName": "Deepnest_42",
        "pname": "white_thorn",
        "position": {
          "$type": "DecorationMaster.V2, DecorationMaster",
          "x": 22.6555424,
          "y": 90.57314
        }
      },
      {
        "$type": "DecorationMaster.ItemDef+DefatulResizeItem, DecorationMaster",
        "size": 1.54,
        "angle": 290,
        "sceneName": "Deepnest_42",
        "pname": "white_thorn",
        "position": {
          "$type": "DecorationMaster.V2, DecorationMaster",
          "x": 24.3790436,
          "y": 91.39361
        }
      },
      {
        "$type": "DecorationMaster.MyBehaviour.DefaultBehaviour+SharedItem, DecorationMaster",
        "size": 1.0,
        "angle": 0,
        "sceneName": "Deepnest_42",
        "pname": "HK_soul_totem",
        "position": {
          "$type": "DecorationMaster.V2, DecorationMaster",
          "x": 27.3869953,
          "y": 69.01118
        }
      },
      {
        "$type": "DecorationMaster.ItemDef+DefatulResizeItem, DecorationMaster",
        "size": 1.54,
        "angle": 90,
        "sceneName": "Deepnest_42",
        "pname": "white_thorn",
        "position": {
          "$type": "DecorationMaster.V2, DecorationMaster",
          "x": 32.8227,
          "y": 78.2728653
        }
      },
      {
        "$type": "DecorationMaster.ItemDef+DefatulResizeItem, DecorationMaster",
        "size": 1.54,
        "angle": 90,
        "sceneName": "Deepnest_42",
        "pname": "white_thorn",
        "position": {
          "$type": "DecorationMaster.V2, DecorationMaster",
          "x": 21.30038,
          "y": 67.5280762
        }
      },
      {
        "$type": "DecorationMaster.ItemDef+DefatulResizeItem, DecorationMaster",
        "size": 1.54,
        "angle": 270,
        "sceneName": "Deepnest_42",
        "pname": "white_thorn",
        "position": {
          "$type": "DecorationMaster.V2, DecorationMaster",
          "x": 23.1346531,
          "y": 67.80551
        }
      },
      {
        "$type": "DecorationMaster.MyBehaviour.DefaultBehaviour+SharedItem, DecorationMaster",
        "size": 1.24291921,
        "angle": 0,
        "sceneName": "Deepnest_42",
        "pname": "HK_flip_platform",
        "position": {
          "$type": "DecorationMaster.V2, DecorationMaster",
          "x": 22.1029,
          "y": 75.39655
        }
      },
      {
        "$type": "DecorationMaster.ItemDef+SawItem, DecorationMaster",
        "span": 3,
        "speed": 0,
        "pitch": 1.0,
        "volume": 0.279642075,
        "Center": {
          "$type": "DecorationMaster.V2, DecorationMaster",
          "x": 28.2194462,
          "y": 16.0877647
        },
        "offset": 0,
        "size": 1.0,
        "angle": 0,
        "sceneName": "Deepnest_42",
        "pname": "HK_saw",
        "position": {
          "$type": "DecorationMaster.V2, DecorationMaster",
          "x": 28.2194462,
          "y": 16.0877647
        }
      },
      {
        "$type": "DecorationMaster.MyBehaviour.DefaultBehaviour+SharedItem, DecorationMaster",
        "size": 1.54,
        "angle": 0,
        "sceneName": "Deepnest_42",
        "pname": "HK_platform_small",
        "position": {
          "$type": "DecorationMaster.V2, DecorationMaster",
          "x": 29.1642513,
          "y": 75.07366
        }
      },
      {
        "$type": "DecorationMaster.ItemDef+DefaultItem, DecorationMaster",
        "sceneName": "Deepnest_42",
        "pname": "IMG_RespawnPoint",
        "position": {
          "$type": "DecorationMaster.V2, DecorationMaster",
          "x": 29.0477924,
          "y": 77.87671
        }
      },
      {
        "$type": "DecorationMaster.ItemDef+DefatulResizeItem, DecorationMaster",
        "size": 1.54,
        "angle": 270,
        "sceneName": "Deepnest_42",
        "pname": "white_thorn",
        "position": {
          "$type": "DecorationMaster.V2, DecorationMaster",
          "x": 29.7941265,
          "y": 85.25288
        }
      },
      {
        "$type": "DecorationMaster.ItemDef+DefatulResizeItem, DecorationMaster",
        "size": 1.0,
        "angle": 90,
        "sceneName": "Deepnest_42",
        "pname": "white_spike",
        "position": {
          "$type": "DecorationMaster.V2, DecorationMaster",
          "x": 32.6804657,
          "y": 87.44177
        }
      },
      {
        "$type": "DecorationMaster.MyBehaviour.DelayResizableBehaviour+DelayResizeItem, DecorationMaster",
        "time_offset": 0.0,
        "size": 1.0,
        "angle": 90,
        "sceneName": "Deepnest_42",
        "pname": "HK_trap_spike",
        "position": {
          "$type": "DecorationMaster.V2, DecorationMaster",
          "x": 34.14327,
          "y": 85.5617
        }
      },
      {
        "$type": "DecorationMaster.ItemDef+DefatulResizeItem, DecorationMaster",
        "size": 1.0,
        "angle": 210,
        "sceneName": "Deepnest_42",
        "pname": "white_thorn",
        "position": {
          "$type": "DecorationMaster.V2, DecorationMaster",
          "x": 19.7986221,
          "y": 92.21151
        }
      },
      {
        "$type": "DecorationMaster.ItemDef+DefatulResizeItem, DecorationMaster",
        "size": 1.54,
        "angle": 90,
        "sceneName": "Deepnest_42",
        "pname": "white_thorn",
        "position": {
          "$type": "DecorationMaster.V2, DecorationMaster",
          "x": 32.80853,
          "y": 93.50668
        }
      },
      {
        "$type": "DecorationMaster.ItemDef+DefatulResizeItem, DecorationMaster",
        "size": 1.0,
        "angle": 135,
        "sceneName": "Deepnest_42",
        "pname": "white_thorn",
        "position": {
          "$type": "DecorationMaster.V2, DecorationMaster",
          "x": 30.9939,
          "y": 96.2031555
        }
      },
      {
        "$type": "DecorationMaster.ItemDef+DefaultItem, DecorationMaster",
        "sceneName": "Deepnest_42",
        "pname": "IMG_RespawnPoint",
        "position": {
          "$type": "DecorationMaster.V2, DecorationMaster",
          "x": 28.5793686,
          "y": 91.44622
        }
      },
      {
        "$type": "DecorationMaster.ItemDef+SawItem, DecorationMaster",
        "span": 3,
        "speed": 0,
        "pitch": 1.0,
        "volume": 0.293624163,
        "Center": {
          "$type": "DecorationMaster.V2, DecorationMaster",
          "x": 33.4384155,
          "y": 75.8240356
        },
        "offset": 0,
        "size": 1.48583877,
        "angle": 0,
        "sceneName": "Deepnest_42",
        "pname": "HK_saw",
        "position": {
          "$type": "DecorationMaster.V2, DecorationMaster",
          "x": 33.4384155,
          "y": 75.8240356
        }
      },
      {
        "$type": "DecorationMaster.MyBehaviour.DefaultBehaviour+SharedItem, DecorationMaster",
        "size": 0.64,
        "angle": 0,
        "sceneName": "Deepnest_42",
        "pname": "HK_soul_totem",
        "position": {
          "$type": "DecorationMaster.V2, DecorationMaster",
          "x": 27.45731,
          "y": 71.11489
        }
      },
      {
        "$type": "DecorationMaster.ItemDef+DefatulResizeItem, DecorationMaster",
        "size": 1.0,
        "angle": 220,
        "sceneName": "Deepnest_42",
        "pname": "white_thorn",
        "position": {
          "$type": "DecorationMaster.V2, DecorationMaster",
          "x": 29.9719944,
          "y": 94.69105
        }
      },
      {
        "$type": "DecorationMaster.ItemDef+DefatulResizeItem, DecorationMaster",
        "size": 1.0,
        "angle": 40,
        "sceneName": "Deepnest_42",
        "pname": "white_thorn",
        "position": {
          "$type": "DecorationMaster.V2, DecorationMaster",
          "x": 29.4107437,
          "y": 95.61515
        }
      },
      {
        "$type": "DecorationMaster.MyBehaviour.DefaultBehaviour+SharedItem, DecorationMaster",
        "size": 0.82,
        "angle": 0,
        "sceneName": "Deepnest_42",
        "pname": "HK_soul_totem",
        "position": {
          "$type": "DecorationMaster.V2, DecorationMaster",
          "x": 27.34701,
          "y": 90.69228
        }
      },
      {
        "$type": "DecorationMaster.MyBehaviour.DelayResizableBehaviour+DelayResizeItem, DecorationMaster",
        "time_offset": 0.0,
        "size": 1.0,
        "angle": 0,
        "sceneName": "Deepnest_42",
        "pname": "HK_trap_spike",
        "position": {
          "$type": "DecorationMaster.V2, DecorationMaster",
          "x": 19.7232285,
          "y": 99.2836456
        }
      },
      {
        "$type": "DecorationMaster.MyBehaviour.DelayResizableBehaviour+DelayResizeItem, DecorationMaster",
        "time_offset": 0.0,
        "size": 1.0,
        "angle": 0,
        "sceneName": "Deepnest_42",
        "pname": "HK_trap_spike",
        "position": {
          "$type": "DecorationMaster.V2, DecorationMaster",
          "x": 12.5304146,
          "y": 99.2836456
        }
      },
      {
        "$type": "DecorationMaster.MyBehaviour.DelayResizableBehaviour+DelayResizeItem, DecorationMaster",
        "time_offset": 2.0,
        "size": 1.0,
        "angle": 0,
        "sceneName": "Deepnest_42",
        "pname": "HK_trap_spike",
        "position": {
          "$type": "DecorationMaster.V2, DecorationMaster",
          "x": 16.1147079,
          "y": 99.22366
        }
      },
      {
        "$type": "DecorationMaster.MyBehaviour.DelayResizableBehaviour+DelayResizeItem, DecorationMaster",
        "time_offset": 2.0,
        "size": 1.0,
        "angle": 0,
        "sceneName": "Deepnest_42",
        "pname": "HK_trap_spike",
        "position": {
          "$type": "DecorationMaster.V2, DecorationMaster",
          "x": 9.066097,
          "y": 99.5386
        }
      },
      {
        "$type": "DecorationMaster.ItemDef+DefaultItem, DecorationMaster",
        "sceneName": "Deepnest_42",
        "pname": "IMG_RespawnPoint",
        "position": {
          "$type": "DecorationMaster.V2, DecorationMaster",
          "x": 12.6953773,
          "y": 109.900482
        }
      },
      {
        "$type": "DecorationMaster.MyBehaviour.DefaultBehaviour+SharedItem, DecorationMaster",
        "size": 0.82,
        "angle": 10,
        "sceneName": "Deepnest_42",
        "pname": "HK_soul_totem",
        "position": {
          "$type": "DecorationMaster.V2, DecorationMaster",
          "x": 16.1147041,
          "y": 107.508621
        }
      },
      {
        "$type": "DecorationMaster.ItemDef+DefatulResizeItem, DecorationMaster",
        "size": 1.54,
        "angle": 0,
        "sceneName": "Deepnest_42",
        "pname": "white_thorn",
        "position": {
          "$type": "DecorationMaster.V2, DecorationMaster",
          "x": 19.3598385,
          "y": 113.778587
        }
      },
      {
        "$type": "DecorationMaster.ItemDef+DefatulResizeItem, DecorationMaster",
        "size": 1.54,
        "angle": 180,
        "sceneName": "Deepnest_42",
        "pname": "white_thorn",
        "position": {
          "$type": "DecorationMaster.V2, DecorationMaster",
          "x": 19.3552036,
          "y": 111.894508
        }
      },
      {
        "$type": "DecorationMaster.ItemDef+DefaultItem, DecorationMaster",
        "sceneName": "Deepnest_42",
        "pname": "IMG_recoverDash",
        "position": {
          "$type": "DecorationMaster.V2, DecorationMaster",
          "x": 20.9269886,
          "y": 108.249069
        }
      },
      {
        "$type": "DecorationMaster.MyBehaviour.DefaultBehaviour+SharedItem, DecorationMaster",
        "size": 0.82,
        "angle": 0,
        "sceneName": "Deepnest_42",
        "pname": "HK_soul_totem",
        "position": {
          "$type": "DecorationMaster.V2, DecorationMaster",
          "x": 30.1240578,
          "y": 116.977104
        }
      },
      {
        "$type": "DecorationMaster.ItemDef+DefatulResizeItem, DecorationMaster",
        "size": 1.0,
        "angle": 0,
        "sceneName": "Deepnest_42",
        "pname": "white_spike",
        "position": {
          "$type": "DecorationMaster.V2, DecorationMaster",
          "x": 24.4111652,
          "y": 118.615852
        }
      },
      {
        "$type": "DecorationMaster.ItemDef+DefatulResizeItem, DecorationMaster",
        "size": 1.0,
        "angle": 0,
        "sceneName": "Deepnest_42",
        "pname": "white_spike",
        "position": {
          "$type": "DecorationMaster.V2, DecorationMaster",
          "x": 22.6222973,
          "y": 118.618141
        }
      },
      {
        "$type": "DecorationMaster.ItemDef+DefatulResizeItem, DecorationMaster",
        "size": 1.0,
        "angle": 0,
        "sceneName": "Deepnest_42",
        "pname": "white_spike",
        "position": {
          "$type": "DecorationMaster.V2, DecorationMaster",
          "x": 26.9536285,
          "y": 123.660645
        }
      },
      {
        "$type": "DecorationMaster.ItemDef+DefatulResizeItem, DecorationMaster",
        "size": 1.54,
        "angle": 0,
        "sceneName": "Deepnest_42",
        "pname": "white_thorn",
        "position": {
          "$type": "DecorationMaster.V2, DecorationMaster",
          "x": 13.1292915,
          "y": 113.239128
        }
      },
      {
        "$type": "DecorationMaster.ItemDef+DefatulResizeItem, DecorationMaster",
        "size": 1.54,
        "angle": 0,
        "sceneName": "Deepnest_42",
        "pname": "white_spike",
        "position": {
          "$type": "DecorationMaster.V2, DecorationMaster",
          "x": 18.5679836,
          "y": 125.918961
        }
      },
      {
        "$type": "DecorationMaster.ItemDef+DefaultItem, DecorationMaster",
        "sceneName": "Deepnest_42",
        "pname": "IMG_RespawnPoint",
        "position": {
          "$type": "DecorationMaster.V2, DecorationMaster",
          "x": 7.941314,
          "y": 123.708046
        }
      },
      {
        "$type": "DecorationMaster.ItemDef+DefaultItem, DecorationMaster",
        "sceneName": "Deepnest_42",
        "pname": "IMG_RespawnPoint",
        "position": {
          "$type": "DecorationMaster.V2, DecorationMaster",
          "x": 10.6789665,
          "y": 137.6861
        }
      },
      {
        "$type": "DecorationMaster.ItemDef+DefatulResizeItem, DecorationMaster",
        "size": 1.0,
        "angle": 160,
        "sceneName": "Deepnest_42",
        "pname": "white_thorn",
        "position": {
          "$type": "DecorationMaster.V2, DecorationMaster",
          "x": 24.5301723,
          "y": 110.788437
        }
      },
      {
        "$type": "DecorationMaster.ItemDef+DefatulResizeItem, DecorationMaster",
        "size": 1.0,
        "angle": 340,
        "sceneName": "Deepnest_42",
        "pname": "white_thorn",
        "position": {
          "$type": "DecorationMaster.V2, DecorationMaster",
          "x": 24.9051,
          "y": 111.913216
        }
      },
      {
        "$type": "DecorationMaster.ItemDef+LeverGateItem, DecorationMaster",
        "Number": 3,
        "size": 1.0,
        "angle": 0,
        "sceneName": "Deepnest_42",
        "pname": "HK_gate",
        "position": {
          "$type": "DecorationMaster.V2, DecorationMaster",
          "x": 10.5508,
          "y": 109.84304
        }
      },
      {
        "$type": "DecorationMaster.ItemDef+DefaultItem, DecorationMaster",
        "sceneName": "Deepnest_42",
        "pname": "disable_hazard_spawn",
        "position": {
          "$type": "DecorationMaster.V2, DecorationMaster",
          "x": 22.4541969,
          "y": 103.15258
        }
      },
      {
        "$type": "DecorationMaster.ItemDef+SawItem, DecorationMaster",
        "span": 3,
        "speed": 0,
        "pitch": 1.0,
        "volume": 0.237695754,
        "Center": {
          "$type": "DecorationMaster.V2, DecorationMaster",
          "x": 22.5655556,
          "y": 94.45731
        },
        "offset": 0,
        "size": 1.0,
        "angle": 0,
        "sceneName": "Deepnest_42",
        "pname": "HK_saw",
        "position": {
          "$type": "DecorationMaster.V2, DecorationMaster",
          "x": 22.5655556,
          "y": 94.45731
        }
      },
      {
        "$type": "DecorationMaster.MyBehaviour.DefaultBehaviour+SharedItem, DecorationMaster",
        "size": 0.5770805,
        "angle": 0,
        "sceneName": "Deepnest_42",
        "pname": "HK_soul_totem",
        "position": {
          "$type": "DecorationMaster.V2, DecorationMaster",
          "x": 27.4395962,
          "y": 92.5227
        }
      },
      {
        "$type": "DecorationMaster.ItemDef+LeverGateItem, DecorationMaster",
        "Number": 3,
        "size": 1.0,
        "angle": 270,
        "sceneName": "Deepnest_42",
        "pname": "HK_lever",
        "position": {
          "$type": "DecorationMaster.V2, DecorationMaster",
          "x": 24.1758442,
          "y": 97.4387054
        }
      },
      {
        "$type": "DecorationMaster.ItemDef+DefaultItem, DecorationMaster",
        "sceneName": "Deepnest_42",
        "pname": "binoculars",
        "position": {
          "$type": "DecorationMaster.V2, DecorationMaster",
          "x": 30.9339066,
          "y": 93.4225159
        }
      },
      {
        "$type": "DecorationMaster.MyBehaviour.DefaultBehaviour+SharedItem, DecorationMaster",
        "size": 0.64,
        "angle": 270,
        "sceneName": "Deepnest_42",
        "pname": "HK_soul_totem",
        "position": {
          "$type": "DecorationMaster.V2, DecorationMaster",
          "x": 19.1915436,
          "y": 87.58876
        }
      },
      {
        "$type": "DecorationMaster.MyBehaviour.DefaultBehaviour+SharedItem, DecorationMaster",
        "size": 1.54,
        "angle": 0,
        "sceneName": "Deepnest_42",
        "pname": "HK_flip_platform",
        "position": {
          "$type": "DecorationMaster.V2, DecorationMaster",
          "x": 27.1468029,
          "y": 105.255074
        }
      },
      {
        "$type": "DecorationMaster.ItemDef+DefaultItem, DecorationMaster",
        "sceneName": "Deepnest_42",
        "pname": "IMG_RespawnPoint",
        "position": {
          "$type": "DecorationMaster.V2, DecorationMaster",
          "x": 30.678957,
          "y": 108.130814
        }
      },
      {
        "$type": "DecorationMaster.ItemDef+LoreTablet1, DecorationMaster",
        "Text": "......花园通往深巢的道路已被封上......",
        "size": 0.64,
        "angle": 0,
        "sceneName": "Deepnest_42",
        "pname": "HK_lore_tablet_1",
        "position": {
          "$type": "DecorationMaster.V2, DecorationMaster",
          "x": 29.0742722,
          "y": 112.603081
        }
      }
    ]
  }
}