{
  "$type": "DecorationMaster.ItemSettings, DecorationMaster",
  "scene_name": "Deepnest_East_17",
  "mod_version": 0.5,
  "items": {
    "$type": "System.Collections.Generic.List`1[[DecorationMaster.Item, DecorationMaster]], mscorlib",
    "$values": [
      {
        "$type": "DecorationMaster.ItemDef+DefaultItem, DecorationMaster",
        "sceneName": "Deepnest_East_17",
        "pname": "zote_detection",
        "position": {
          "$type": "DecorationMaster.V2, DecorationMaster",
          "x": 24.79995,
          "y": 286.8015
        }
      },
      {
        "$type": "DecorationMaster.ItemDef+DefaultItem, DecorationMaster",
        "sceneName": "Deepnest_East_17",
        "pname": "binoculars",
        "position": {
          "$type": "DecorationMaster.V2, DecorationMaster",
          "x": 26.7195721,
          "y": 294.659943
        }
      },
      {
        "$type": "DecorationMaster.ItemDef+DefaultItem, DecorationMaster",
        "sceneName": "Deepnest_East_17",
        "pname": "zote_detection",
        "position": {
          "$type": "DecorationMaster.V2, DecorationMaster",
          "x": 24.5899925,
          "y": 285.599976
        }
      },
      {
        "$type": "DecorationMaster.ItemDef+DefaultItem, DecorationMaster",
        "sceneName": "Deepnest_East_17",
        "pname": "zote_detection",
        "position": {
          "$type": "DecorationMaster.V2, DecorationMaster",
          "x": 24.6199875,
          "y": 284.280243
        }
      },
      {
        "$type": "DecorationMaster.ItemDef+DefaultItem, DecorationMaster",
        "sceneName": "Deepnest_East_17",
        "pname": "zote_detection",
        "position": {
          "$type": "DecorationMaster.V2, DecorationMaster",
          "x": 24.545,
          "y": 283.1255
        }
      },
      {
        "$type": "DecorationMaster.ItemDef+DefaultItem, DecorationMaster",
        "sceneName": "Deepnest_East_17",
        "pname": "zote_detection",
        "position": {
          "$type": "DecorationMaster.V2, DecorationMaster",
          "x": 24.5300026,
          "y": 282.0457
        }
      },
      {
        "$type": "DecorationMaster.MyBehaviour.DefaultBehaviour+SharedItem, DecorationMaster",
        "size": 1.0,
        "angle": 0,
        "sceneName": "Deepnest_East_17",
        "pname": "HK_spike",
        "position": {
          "$type": "DecorationMaster.V2, DecorationMaster",
          "x": 25.8041573,
          "y": 275.395416
        }
      },
      {
        "$type": "DecorationMaster.ItemDef+DefaultItem, DecorationMaster",
        "sceneName": "Deepnest_East_17",
        "pname": "IMG_RespawnPoint",
        "position": {
          "$type": "DecorationMaster.V2, DecorationMaster",
          "x": 23.416996,
          "y": 276.775635
        }
      },
      {
        "$type": "DecorationMaster.MyBehaviour.DelayResizableBehaviour+DelayResizeItem, DecorationMaster",
        "time_offset": 0.0,
        "size": 1.0,
        "angle": 0,
        "sceneName": "Deepnest_East_17",
        "pname": "HK_trap_spike",
        "position": {
          "$type": "DecorationMaster.V2, DecorationMaster",
          "x": 22.3261261,
          "y": 273.581329
        }
      },
      {
        "$type": "DecorationMaster.MyBehaviour.DelayResizableBehaviour+DelayResizeItem, DecorationMaster",
        "time_offset": 0.2,
        "size": 1.0,
        "angle": 0,
        "sceneName": "Deepnest_East_17",
        "pname": "HK_trap_spike",
        "position": {
          "$type": "DecorationMaster.V2, DecorationMaster",
          "x": 20.21154,
          "y": 273.401367
        }
      },
      {
        "$type": "DecorationMaster.MyBehaviour.DelayResizableBehaviour+DelayResizeItem, DecorationMaster",
        "time_offset": 0.4,
        "size": 1.0,
        "angle": 0,
        "sceneName": "Deepnest_East_17",
        "pname": "HK_trap_spike",
        "position": {
          "$type": "DecorationMaster.V2, DecorationMaster",
          "x": 18.12695,
          "y": 273.3564
        }
      },
      {
        "$type": "DecorationMaster.MyBehaviour.DelayResizableBehaviour+DelayResizeItem, DecorationMaster",
        "time_offset": 0.6,
        "size": 1.0,
        "angle": 0,
        "sceneName": "Deepnest_East_17",
        "pname": "HK_trap_spike",
        "position": {
          "$type": "DecorationMaster.V2, DecorationMaster",
          "x": 16.25232,
          "y": 273.251373
        }
      },
      {
        "$type": "DecorationMaster.MyBehaviour.DelayResizableBehaviour+DelayResizeItem, DecorationMaster",
        "time_offset": 0.8,
        "size": 1.0,
        "angle": 0,
        "sceneName": "Deepnest_East_17",
        "pname": "HK_trap_spike",
        "position": {
          "$type": "DecorationMaster.V2, DecorationMaster",
          "x": 14.242712,
          "y": 273.251373
        }
      },
      {
        "$type": "DecorationMaster.MyBehaviour.DelayResizableBehaviour+DelayResizeItem, DecorationMaster",
        "time_offset": 0.8,
        "size": 1.0,
        "angle": 0,
        "sceneName": "Deepnest_East_17",
        "pname": "HK_trap_spike",
        "position": {
          "$type": "DecorationMaster.V2, DecorationMaster",
          "x": 12.3530846,
          "y": 273.176453
        }
      },
      {
        "$type": "DecorationMaster.MyBehaviour.DefaultBehaviour+SharedItem, DecorationMaster",
        "size": 1.0,
        "angle": 0,
        "sceneName": "Deepnest_East_17",
        "pname": "HK_zote_head",
        "position": {
          "$type": "DecorationMaster.V2, DecorationMaster",
          "x": 21.4256153,
          "y": 294.579285
        }
      },
      {
        "$type": "DecorationMaster.MyBehaviour.DefaultBehaviour+SharedItem, DecorationMaster",
        "size": 0.46,
        "angle": 0,
        "sceneName": "Deepnest_East_17",
        "pname": "HK_soul_totem",
        "position": {
          "$type": "DecorationMaster.V2, DecorationMaster",
          "x": 5.571781,
          "y": 276.100861
        }
      },
      {
        "$type": "DecorationMaster.ItemDef+DefaultItem, DecorationMaster",
        "sceneName": "Deepnest_East_17",
        "pname": "IMG_RespawnPoint",
        "position": {
          "$type": "DecorationMaster.V2, DecorationMaster",
          "x": 8.301245,
          "y": 276.505768
        }
      },
      {
        "$type": "DecorationMaster.MyBehaviour.DefaultBehaviour+SharedItem, DecorationMaster",
        "size": 1.54,
        "angle": 180,
        "sceneName": "Deepnest_East_17",
        "pname": "HK_spike",
        "position": {
          "$type": "DecorationMaster.V2, DecorationMaster",
          "x": 14.5284376,
          "y": 267.6802
        }
      },
      {
        "$type": "DecorationMaster.MyBehaviour.DefaultBehaviour+SharedItem, DecorationMaster",
        "size": 1.54,
        "angle": 180,
        "sceneName": "Deepnest_East_17",
        "pname": "HK_spike",
        "position": {
          "$type": "DecorationMaster.V2, DecorationMaster",
          "x": 17.8277874,
          "y": 267.8152
        }
      },
      {
        "$type": "DecorationMaster.MyBehaviour.DefaultBehaviour+SharedItem, DecorationMaster",
        "size": 1.54,
        "angle": 180,
        "sceneName": "Deepnest_East_17",
        "pname": "HK_spike",
        "position": {
          "$type": "DecorationMaster.V2, DecorationMaster",
          "x": 20.1523323,
          "y": 267.8302
        }
      },
      {
        "$type": "DecorationMaster.MyBehaviour.DefaultBehaviour+SharedItem, DecorationMaster",
        "size": 1.54,
        "angle": 180,
        "sceneName": "Deepnest_East_17",
        "pname": "HK_spike",
        "position": {
          "$type": "DecorationMaster.V2, DecorationMaster",
          "x": 17.7528019,
          "y": 268.76
        }
      },
      {
        "$type": "DecorationMaster.MyBehaviour.DefaultBehaviour+SharedItem, DecorationMaster",
        "size": 1.54,
        "angle": 180,
        "sceneName": "Deepnest_East_17",
        "pname": "HK_spike",
        "position": {
          "$type": "DecorationMaster.V2, DecorationMaster",
          "x": 15.39485,
          "y": 268.65506
        }
      },
      {
        "$type": "DecorationMaster.MyBehaviour.DefaultBehaviour+SharedItem, DecorationMaster",
        "size": 0.459999979,
        "angle": 0,
        "sceneName": "Deepnest_East_17",
        "pname": "HK_soul_totem",
        "position": {
          "$type": "DecorationMaster.V2, DecorationMaster",
          "x": 30.9870529,
          "y": 263.991028
        }
      },
      {
        "$type": "DecorationMaster.ItemDef+DefatulResizeItem, DecorationMaster",
        "size": 1.0,
        "angle": 90,
        "sceneName": "Deepnest_East_17",
        "pname": "white_spike",
        "position": {
          "$type": "DecorationMaster.V2, DecorationMaster",
          "x": 18.359787,
          "y": 260.9448
        }
      },
      {
        "$type": "DecorationMaster.ItemDef+DefatulResizeItem, DecorationMaster",
        "size": 1.0,
        "angle": 270,
        "sceneName": "Deepnest_East_17",
        "pname": "white_spike",
        "position": {
          "$type": "DecorationMaster.V2, DecorationMaster",
          "x": 17.5506859,
          "y": 257.7701
        }
      },
      {
        "$type": "DecorationMaster.ItemDef+DefatulResizeItem, DecorationMaster",
        "size": 1.0,
        "angle": 270,
        "sceneName": "Deepnest_East_17",
        "pname": "white_spike",
        "position": {
          "$type": "DecorationMaster.V2, DecorationMaster",
          "x": 17.570488,
          "y": 256.5143
        }
      },
      {
        "$type": "DecorationMaster.ItemDef+DefatulResizeItem, DecorationMaster",
        "size": 1.0,
        "angle": 90,
        "sceneName": "Deepnest_East_17",
        "pname": "white_spike",
        "position": {
          "$type": "DecorationMaster.V2, DecorationMaster",
          "x": 18.38033,
          "y": 253.259964
        }
      },
      {
        "$type": "DecorationMaster.ItemDef+DefatulResizeItem, DecorationMaster",
        "size": 1.0,
        "angle": 90,
        "sceneName": "Deepnest_East_17",
        "pname": "white_spike",
        "position": {
          "$type": "DecorationMaster.V2, DecorationMaster",
          "x": 18.4103222,
          "y": 251.970215
        }
      },
      {
        "$type": "DecorationMaster.ItemDef+DefatulResizeItem, DecorationMaster",
        "size": 1.0,
        "angle": 90,
        "sceneName": "Deepnest_East_17",
        "pname": "white_spike",
        "position": {
          "$type": "DecorationMaster.V2, DecorationMaster",
          "x": 18.4103222,
          "y": 250.679749
        }
      },
      {
        "$type": "DecorationMaster.ItemDef+DefatulResizeItem, DecorationMaster",
        "size": 1.54,
        "angle": 270,
        "sceneName": "Deepnest_East_17",
        "pname": "white_spike",
        "position": {
          "$type": "DecorationMaster.V2, DecorationMaster",
          "x": 17.2555428,
          "y": 247.170456
        }
      },
      {
        "$type": "DecorationMaster.ItemDef+DefatulResizeItem, DecorationMaster",
        "size": 1.54,
        "angle": 90,
        "sceneName": "Deepnest_East_17",
        "pname": "white_spike",
        "position": {
          "$type": "DecorationMaster.V2, DecorationMaster",
          "x": 18.7248135,
          "y": 243.374832
        }
      },
      {
        "$type": "DecorationMaster.ItemDef+DefatulResizeItem, DecorationMaster",
        "size": 2.0,
        "angle": 270,
        "sceneName": "Deepnest_East_17",
        "pname": "white_spike",
        "position": {
          "$type": "DecorationMaster.V2, DecorationMaster",
          "x": 17.3801746,
          "y": 239.229584
        }
      },
      {
        "$type": "DecorationMaster.ItemDef+DefatulResizeItem, DecorationMaster",
        "size": 2.0,
        "angle": 90,
        "sceneName": "Deepnest_East_17",
        "pname": "white_spike",
        "position": {
          "$type": "DecorationMaster.V2, DecorationMaster",
          "x": 17.9950542,
          "y": 233.94516
        }
      },
      {
        "$type": "DecorationMaster.ItemDef+DefatulResizeItem, DecorationMaster",
        "size": 2.0,
        "angle": 270,
        "sceneName": "Deepnest_East_17",
        "pname": "white_spike",
        "position": {
          "$type": "DecorationMaster.V2, DecorationMaster",
          "x": 16.1663055,
          "y": 229.095184
        }
      },
      {
        "$type": "DecorationMaster.ItemDef+DefatulResizeItem, DecorationMaster",
        "size": 2.0,
        "angle": 90,
        "sceneName": "Deepnest_East_17",
        "pname": "white_thorn",
        "position": {
          "$type": "DecorationMaster.V2, DecorationMaster",
          "x": 20.7897511,
          "y": 224.930511
        }
      },
      {
        "$type": "DecorationMaster.MyBehaviour.DefaultBehaviour+SharedItem, DecorationMaster",
        "size": 0.64,
        "angle": 270,
        "sceneName": "Deepnest_East_17",
        "pname": "HK_crystal",
        "position": {
          "$type": "DecorationMaster.V2, DecorationMaster",
          "x": 18.0011044,
          "y": 259.312317
        }
      },
      {
        "$type": "DecorationMaster.MyBehaviour.DefaultBehaviour+SharedItem, DecorationMaster",
        "size": 0.64,
        "angle": 90,
        "sceneName": "Deepnest_East_17",
        "pname": "HK_crystal",
        "position": {
          "$type": "DecorationMaster.V2, DecorationMaster",
          "x": 18.1037045,
          "y": 254.955826
        }
      },
      {
        "$type": "DecorationMaster.MyBehaviour.DefaultBehaviour+SharedItem, DecorationMaster",
        "size": 1.0,
        "angle": 0,
        "sceneName": "Deepnest_East_17",
        "pname": "HK_garden_plat_s",
        "position": {
          "$type": "DecorationMaster.V2, DecorationMaster",
          "x": 17.22818,
          "y": 223.090439
        }
      },
      {
        "$type": "DecorationMaster.MyBehaviour.DelayResizableBehaviour+DelayResizeItem, DecorationMaster",
        "time_offset": 0.0,
        "size": 0.64,
        "angle": 0,
        "sceneName": "Deepnest_East_17",
        "pname": "HK_zap_cloud",
        "position": {
          "$type": "DecorationMaster.V2, DecorationMaster",
          "x": 17.9300518,
          "y": 215.768646
        }
      },
      {
        "$type": "DecorationMaster.MyBehaviour.DelayResizableBehaviour+DelayResizeItem, DecorationMaster",
        "time_offset": 0.2,
        "size": 0.82,
        "angle": 0,
        "sceneName": "Deepnest_East_17",
        "pname": "HK_zap_cloud",
        "position": {
          "$type": "DecorationMaster.V2, DecorationMaster",
          "x": 18.0809174,
          "y": 214.244644
        }
      },
      {
        "$type": "DecorationMaster.MyBehaviour.DelayResizableBehaviour+DelayResizeItem, DecorationMaster",
        "time_offset": 0.4,
        "size": 0.64,
        "angle": 0,
        "sceneName": "Deepnest_East_17",
        "pname": "HK_zap_cloud",
        "position": {
          "$type": "DecorationMaster.V2, DecorationMaster",
          "x": 18.0704136,
          "y": 212.414978
        }
      },
      {
        "$type": "DecorationMaster.MyBehaviour.DefaultBehaviour+SharedItem, DecorationMaster",
        "size": 0.82,
        "angle": 0,
        "sceneName": "Deepnest_East_17",
        "pname": "HK_infinte_soul",
        "position": {
          "$type": "DecorationMaster.V2, DecorationMaster",
          "x": 33.78394,
          "y": 211.064255
        }
      },
      {
        "$type": "DecorationMaster.ItemDef+DefaultItem, DecorationMaster",
        "sceneName": "Deepnest_East_17",
        "pname": "IMG_RespawnPoint",
        "position": {
          "$type": "DecorationMaster.V2, DecorationMaster",
          "x": 19.3097916,
          "y": 208.893188
        }
      },
      {
        "$type": "DecorationMaster.ItemDef+DefatulResizeItem, DecorationMaster",
        "size": 1.0,
        "angle": 0,
        "sceneName": "Deepnest_East_17",
        "pname": "white_thorn",
        "position": {
          "$type": "DecorationMaster.V2, DecorationMaster",
          "x": 14.2437668,
          "y": 188.18103
        }
      },
      {
        "$type": "DecorationMaster.ItemDef+DefatulResizeItem, DecorationMaster",
        "size": 1.0,
        "angle": 0,
        "sceneName": "Deepnest_East_17",
        "pname": "white_thorn",
        "position": {
          "$type": "DecorationMaster.V2, DecorationMaster",
          "x": 23.8344727,
          "y": 188.121048
        }
      },
      {
        "$type": "DecorationMaster.ItemDef+SawItem, DecorationMaster",
        "span": 3,
        "speed": 0,
        "pitch": 1.0,
        "volume": 0.0,
        "Center": {
          "$type": "DecorationMaster.V2, DecorationMaster",
          "x": 10.0834208,
          "y": 166.981155
        },
        "offset": 0,
        "size": 0.279999971,
        "angle": 0,
        "sceneName": "Deepnest_East_17",
        "pname": "HK_saw",
        "position": {
          "$type": "DecorationMaster.V2, DecorationMaster",
          "x": 10.0834208,
          "y": 166.981155
        }
      },
      {
        "$type": "DecorationMaster.ItemDef+SawItem, DecorationMaster",
        "span": 3,
        "speed": 0,
        "pitch": 1.0,
        "volume": 0.1,
        "Center": {
          "$type": "DecorationMaster.V2, DecorationMaster",
          "x": 5.841729,
          "y": 166.906158
        },
        "offset": 0,
        "size": 0.28,
        "angle": 0,
        "sceneName": "Deepnest_East_17",
        "pname": "HK_saw",
        "position": {
          "$type": "DecorationMaster.V2, DecorationMaster",
          "x": 5.841729,
          "y": 166.906158
        }
      },
      {
        "$type": "DecorationMaster.MyBehaviour.DefaultBehaviour+SharedItem, DecorationMaster",
        "size": 1.0,
        "angle": 90,
        "sceneName": "Deepnest_East_17",
        "pname": "HK_laser_turret",
        "position": {
          "$type": "DecorationMaster.V2, DecorationMaster",
          "x": 35.5014,
          "y": 168.6007
        }
      },
      {
        "$type": "DecorationMaster.MyBehaviour.DefaultBehaviour+SharedItem, DecorationMaster",
        "size": 1.0,
        "angle": 0,
        "sceneName": "Deepnest_East_17",
        "pname": "HK_platform_small",
        "position": {
          "$type": "DecorationMaster.V2, DecorationMaster",
          "x": 26.9887638,
          "y": 169.800644
        }
      },
      {
        "$type": "DecorationMaster.MyBehaviour.DefaultBehaviour+SharedItem, DecorationMaster",
        "size": 2.0,
        "angle": 0,
        "sceneName": "Deepnest_East_17",
        "pname": "HK_platform_small",
        "position": {
          "$type": "DecorationMaster.V2, DecorationMaster",
          "x": 33.5889435,
          "y": 166.959457
        }
      },
      {
        "$type": "DecorationMaster.MyBehaviour.DefaultBehaviour+SharedItem, DecorationMaster",
        "size": 2.0,
        "angle": 0,
        "sceneName": "Deepnest_East_17",
        "pname": "HK_platform_small",
        "position": {
          "$type": "DecorationMaster.V2, DecorationMaster",
          "x": 30.51524,
          "y": 166.93988
        }
      },
      {
        "$type": "DecorationMaster.MyBehaviour.DefaultBehaviour+SharedItem, DecorationMaster",
        "size": 2.0,
        "angle": 0,
        "sceneName": "Deepnest_East_17",
        "pname": "HK_platform_small",
        "position": {
          "$type": "DecorationMaster.V2, DecorationMaster",
          "x": 27.500267,
          "y": 166.959457
        }
      },
      {
        "$type": "DecorationMaster.MyBehaviour.DefaultBehaviour+SharedItem, DecorationMaster",
        "size": 2.0,
        "angle": 0,
        "sceneName": "Deepnest_East_17",
        "pname": "HK_platform_small",
        "position": {
          "$type": "DecorationMaster.V2, DecorationMaster",
          "x": 23.075695,
          "y": 166.959457
        }
      },
      {
        "$type": "DecorationMaster.ItemDef+DefatulResizeItem, DecorationMaster",
        "size": 1.0,
        "angle": 270,
        "sceneName": "Deepnest_East_17",
        "pname": "white_thorn",
        "position": {
          "$type": "DecorationMaster.V2, DecorationMaster",
          "x": 4.59697437,
          "y": 168.360916
        }
      },
      {
        "$type": "DecorationMaster.ItemDef+SawItem, DecorationMaster",
        "span": 1,
        "speed": 5,
        "pitch": 1.0,
        "volume": 0.0,
        "Center": {
          "$type": "DecorationMaster.V2, DecorationMaster",
          "x": 22.8518085,
          "y": 168.91571
        },
        "offset": 0,
        "size": 0.2,
        "angle": 90,
        "sceneName": "Deepnest_East_17",
        "pname": "HK_saw",
        "position": {
          "$type": "DecorationMaster.V2, DecorationMaster",
          "x": 22.8518085,
          "y": 168.91571
        }
      },
      {
        "$type": "DecorationMaster.ItemDef+SawItem, DecorationMaster",
        "span": 1,
        "speed": 5,
        "pitch": 1.0,
        "volume": 0.0,
        "Center": {
          "$type": "DecorationMaster.V2, DecorationMaster",
          "x": 20.00322,
          "y": 169.095673
        },
        "offset": 6,
        "size": 0.2,
        "angle": 90,
        "sceneName": "Deepnest_East_17",
        "pname": "HK_saw",
        "position": {
          "$type": "DecorationMaster.V2, DecorationMaster",
          "x": 20.00322,
          "y": 169.095673
        }
      },
      {
        "$type": "DecorationMaster.MyBehaviour.DefaultBehaviour+SharedItem, DecorationMaster",
        "size": 2.0,
        "angle": 0,
        "sceneName": "Deepnest_East_17",
        "pname": "HK_platform_small",
        "position": {
          "$type": "DecorationMaster.V2, DecorationMaster",
          "x": 20.3847275,
          "y": 167.011108
        }
      },
      {
        "$type": "DecorationMaster.MyBehaviour.DefaultBehaviour+SharedItem, DecorationMaster",
        "size": 1.0,
        "angle": 0,
        "sceneName": "Deepnest_East_17",
        "pname": "HK_platform_small",
        "position": {
          "$type": "DecorationMaster.V2, DecorationMaster",
          "x": 18.3451366,
          "y": 167.401031
        }
      },
      {
        "$type": "DecorationMaster.MyBehaviour.DefaultBehaviour+SharedItem, DecorationMaster",
        "size": 0.82,
        "angle": 0,
        "sceneName": "Deepnest_East_17",
        "pname": "HK_soul_totem",
        "position": {
          "$type": "DecorationMaster.V2, DecorationMaster",
          "x": 12.3054562,
          "y": 168.5708
        }
      },
      {
        "$type": "DecorationMaster.MyBehaviour.DefaultBehaviour+SharedItem, DecorationMaster",
        "size": 2.0,
        "angle": 0,
        "sceneName": "Deepnest_East_17",
        "pname": "HK_flip_platform",
        "position": {
          "$type": "DecorationMaster.V2, DecorationMaster",
          "x": 9.141081,
          "y": 114.186211
        }
      },
      {
        "$type": "DecorationMaster.ItemDef+ConveyorItem, DecorationMaster",
        "speed": 8,
        "size": 1.0,
        "angle": 0,
        "sceneName": "Deepnest_East_17",
        "pname": "simple_conveyor",
        "position": {
          "$type": "DecorationMaster.V2, DecorationMaster",
          "x": 18.7541885,
          "y": 115.325928
        }
      },
      {
        "$type": "DecorationMaster.ItemDef+SawItem, DecorationMaster",
        "span": 1,
        "speed": 5,
        "pitch": 1.0,
        "volume": 0.0,
        "Center": {
          "$type": "DecorationMaster.V2, DecorationMaster",
          "x": 20.912056,
          "y": 117.30555
        },
        "offset": 0,
        "size": 0.2,
        "angle": 90,
        "sceneName": "Deepnest_East_17",
        "pname": "HK_saw",
        "position": {
          "$type": "DecorationMaster.V2, DecorationMaster",
          "x": 20.912056,
          "y": 117.30555
        }
      },
      {
        "$type": "DecorationMaster.ItemDef+SawItem, DecorationMaster",
        "span": 1,
        "speed": 5,
        "pitch": 1.0,
        "volume": 0.1,
        "Center": {
          "$type": "DecorationMaster.V2, DecorationMaster",
          "x": 17.0578117,
          "y": 117.215569
        },
        "offset": 0,
        "size": 0.2,
        "angle": 90,
        "sceneName": "Deepnest_East_17",
        "pname": "HK_saw",
        "position": {
          "$type": "DecorationMaster.V2, DecorationMaster",
          "x": 17.0578117,
          "y": 117.215569
        }
      },
      {
        "$type": "DecorationMaster.ItemDef+DefaultItem, DecorationMaster",
        "sceneName": "Deepnest_East_17",
        "pname": "IMG_RespawnPoint",
        "position": {
          "$type": "DecorationMaster.V2, DecorationMaster",
          "x": 13.0253162,
          "y": 117.3356
        }
      },
      {
        "$type": "DecorationMaster.ItemDef+DefaultItem, DecorationMaster",
        "sceneName": "Deepnest_East_17",
        "pname": "IMG_RespawnPoint",
        "position": {
          "$type": "DecorationMaster.V2, DecorationMaster",
          "x": 25.2186489,
          "y": 116.960678
        }
      },
      {
        "$type": "DecorationMaster.ItemDef+SawItem, DecorationMaster",
        "span": 0,
        "speed": 0,
        "pitch": 1.0,
        "volume": 0.0,
        "Center": {
          "$type": "DecorationMaster.V2, DecorationMaster",
          "x": 28.92994,
          "y": 114.951042
        },
        "offset": 0,
        "size": 0.2,
        "angle": 0,
        "sceneName": "Deepnest_East_17",
        "pname": "HK_saw",
        "position": {
          "$type": "DecorationMaster.V2, DecorationMaster",
          "x": 28.92994,
          "y": 114.951042
        }
      },
      {
        "$type": "DecorationMaster.ItemDef+SawItem, DecorationMaster",
        "span": 0,
        "speed": 0,
        "pitch": 1.0,
        "volume": 0.0,
        "Center": {
          "$type": "DecorationMaster.V2, DecorationMaster",
          "x": 32.12431,
          "y": 114.891052
        },
        "offset": 0,
        "size": 0.2,
        "angle": 0,
        "sceneName": "Deepnest_East_17",
        "pname": "HK_saw",
        "position": {
          "$type": "DecorationMaster.V2, DecorationMaster",
          "x": 32.12431,
          "y": 114.891052
        }
      },
      {
        "$type": "DecorationMaster.ItemDef+DefaultItem, DecorationMaster",
        "sceneName": "Deepnest_East_17",
        "pname": "HK_fly",
        "position": {
          "$type": "DecorationMaster.V2, DecorationMaster",
          "x": 30.5630226,
          "y": 113.5983
        }
      },
      {
        "$type": "DecorationMaster.ItemDef+DefaultItem, DecorationMaster",
        "sceneName": "Deepnest_East_17",
        "pname": "HK_fly",
        "position": {
          "$type": "DecorationMaster.V2, DecorationMaster",
          "x": 30.5630226,
          "y": 109.706779
        }
      },
      {
        "$type": "DecorationMaster.ItemDef+DefaultItem, DecorationMaster",
        "sceneName": "Deepnest_East_17",
        "pname": "HK_fly",
        "position": {
          "$type": "DecorationMaster.V2, DecorationMaster",
          "x": 30.5630226,
          "y": 106.903557
        }
      },
      {
        "$type": "DecorationMaster.ItemDef+DefaultItem, DecorationMaster",
        "sceneName": "Deepnest_East_17",
        "pname": "HK_fly",
        "position": {
          "$type": "DecorationMaster.V2, DecorationMaster",
          "x": 30.5630226,
          "y": 104.167526
        }
      },
      {
        "$type": "DecorationMaster.ItemDef+DefaultItem, DecorationMaster",
        "sceneName": "Deepnest_East_17",
        "pname": "HK_fly",
        "position": {
          "$type": "DecorationMaster.V2, DecorationMaster",
          "x": 30.5630226,
          "y": 102.666931
        }
      },
      {
        "$type": "DecorationMaster.ItemDef+DefaultItem, DecorationMaster",
        "sceneName": "Deepnest_East_17",
        "pname": "HK_fly",
        "position": {
          "$type": "DecorationMaster.V2, DecorationMaster",
          "x": 30.5630226,
          "y": 100.072723
        }
      },
      {
        "$type": "DecorationMaster.ItemDef+DefaultItem, DecorationMaster",
        "sceneName": "Deepnest_East_17",
        "pname": "HK_fly",
        "position": {
          "$type": "DecorationMaster.V2, DecorationMaster",
          "x": 30.5630226,
          "y": 98.29057
        }
      },
      {
        "$type": "DecorationMaster.ItemDef+DefaultItem, DecorationMaster",
        "sceneName": "Deepnest_East_17",
        "pname": "HK_fly",
        "position": {
          "$type": "DecorationMaster.V2, DecorationMaster",
          "x": 30.5630226,
          "y": 96.5038452
        }
      },
      {
        "$type": "DecorationMaster.ItemDef+DefaultItem, DecorationMaster",
        "sceneName": "Deepnest_East_17",
        "pname": "HK_fly",
        "position": {
          "$type": "DecorationMaster.V2, DecorationMaster",
          "x": 30.5630226,
          "y": 93.9197
        }
      },
      {
        "$type": "DecorationMaster.ItemDef+DefaultItem, DecorationMaster",
        "sceneName": "Deepnest_East_17",
        "pname": "HK_fly",
        "position": {
          "$type": "DecorationMaster.V2, DecorationMaster",
          "x": 30.5630226,
          "y": 92.06329
        }
      },
      {
        "$type": "DecorationMaster.ItemDef+DefaultItem, DecorationMaster",
        "sceneName": "Deepnest_East_17",
        "pname": "HK_fly",
        "position": {
          "$type": "DecorationMaster.V2, DecorationMaster",
          "x": 30.5630226,
          "y": 90.4764252
        }
      },
      {
        "$type": "DecorationMaster.ItemDef+DefaultItem, DecorationMaster",
        "sceneName": "Deepnest_East_17",
        "pname": "HK_fly",
        "position": {
          "$type": "DecorationMaster.V2, DecorationMaster",
          "x": 30.5630226,
          "y": 89.06555
        }
      },
      {
        "$type": "DecorationMaster.ItemDef+DefaultItem, DecorationMaster",
        "sceneName": "Deepnest_East_17",
        "pname": "HK_fly",
        "position": {
          "$type": "DecorationMaster.V2, DecorationMaster",
          "x": 30.5630226,
          "y": 87.44324
        }
      },
      {
        "$type": "DecorationMaster.ItemDef+DefaultItem, DecorationMaster",
        "sceneName": "Deepnest_East_17",
        "pname": "HK_fly",
        "position": {
          "$type": "DecorationMaster.V2, DecorationMaster",
          "x": 30.5630226,
          "y": 86.09777
        }
      },
      {
        "$type": "DecorationMaster.ItemDef+DefaultItem, DecorationMaster",
        "sceneName": "Deepnest_East_17",
        "pname": "HK_fly",
        "position": {
          "$type": "DecorationMaster.V2, DecorationMaster",
          "x": 30.5630226,
          "y": 84.49454
        }
      },
      {
        "$type": "DecorationMaster.ItemDef+DefaultItem, DecorationMaster",
        "sceneName": "Deepnest_East_17",
        "pname": "HK_fly",
        "position": {
          "$type": "DecorationMaster.V2, DecorationMaster",
          "x": 30.5630226,
          "y": 82.8871841
        }
      },
      {
        "$type": "DecorationMaster.ItemDef+DefaultItem, DecorationMaster",
        "sceneName": "Deepnest_East_17",
        "pname": "HK_fly",
        "position": {
          "$type": "DecorationMaster.V2, DecorationMaster",
          "x": 30.5630226,
          "y": 81.2840347
        }
      },
      {
        "$type": "DecorationMaster.ItemDef+DefaultItem, DecorationMaster",
        "sceneName": "Deepnest_East_17",
        "pname": "HK_fly",
        "position": {
          "$type": "DecorationMaster.V2, DecorationMaster",
          "x": 30.5630226,
          "y": 79.55022
        }
      },
      {
        "$type": "DecorationMaster.ItemDef+DefaultItem, DecorationMaster",
        "sceneName": "Deepnest_East_17",
        "pname": "HK_fly",
        "position": {
          "$type": "DecorationMaster.V2, DecorationMaster",
          "x": 30.5630226,
          "y": 77.92308
        }
      },
      {
        "$type": "DecorationMaster.ItemDef+DefaultItem, DecorationMaster",
        "sceneName": "Deepnest_East_17",
        "pname": "HK_fly",
        "position": {
          "$type": "DecorationMaster.V2, DecorationMaster",
          "x": 30.5630226,
          "y": 76.27283
        }
      },
      {
        "$type": "DecorationMaster.ItemDef+DefaultItem, DecorationMaster",
        "sceneName": "Deepnest_East_17",
        "pname": "HK_fly",
        "position": {
          "$type": "DecorationMaster.V2, DecorationMaster",
          "x": 30.5630226,
          "y": 74.6133652
        }
      },
      {
        "$type": "DecorationMaster.ItemDef+DefaultItem, DecorationMaster",
        "sceneName": "Deepnest_East_17",
        "pname": "HK_fly",
        "position": {
          "$type": "DecorationMaster.V2, DecorationMaster",
          "x": 30.5630226,
          "y": 73.12313
        }
      },
      {
        "$type": "DecorationMaster.ItemDef+DefaultItem, DecorationMaster",
        "sceneName": "Deepnest_East_17",
        "pname": "HK_fly",
        "position": {
          "$type": "DecorationMaster.V2, DecorationMaster",
          "x": 30.5630226,
          "y": 71.66187
        }
      },
      {
        "$type": "DecorationMaster.ItemDef+DefaultItem, DecorationMaster",
        "sceneName": "Deepnest_East_17",
        "pname": "HK_fly",
        "position": {
          "$type": "DecorationMaster.V2, DecorationMaster",
          "x": 30.5630226,
          "y": 69.99484
        }
      },
      {
        "$type": "DecorationMaster.ItemDef+DefaultItem, DecorationMaster",
        "sceneName": "Deepnest_East_17",
        "pname": "HK_fly",
        "position": {
          "$type": "DecorationMaster.V2, DecorationMaster",
          "x": 30.5630226,
          "y": 68.53755
        }
      },
      {
        "$type": "DecorationMaster.ItemDef+DefaultItem, DecorationMaster",
        "sceneName": "Deepnest_East_17",
        "pname": "HK_fly",
        "position": {
          "$type": "DecorationMaster.V2, DecorationMaster",
          "x": 30.5630226,
          "y": 66.94241
        }
      },
      {
        "$type": "DecorationMaster.ItemDef+DefaultItem, DecorationMaster",
        "sceneName": "Deepnest_East_17",
        "pname": "HK_fly",
        "position": {
          "$type": "DecorationMaster.V2, DecorationMaster",
          "x": 30.5630226,
          "y": 65.3755951
        }
      },
      {
        "$type": "DecorationMaster.ItemDef+DefaultItem, DecorationMaster",
        "sceneName": "Deepnest_East_17",
        "pname": "HK_fly",
        "position": {
          "$type": "DecorationMaster.V2, DecorationMaster",
          "x": 30.5630226,
          "y": 63.5604668
        }
      },
      {
        "$type": "DecorationMaster.ItemDef+DefaultItem, DecorationMaster",
        "sceneName": "Deepnest_East_17",
        "pname": "HK_fly",
        "position": {
          "$type": "DecorationMaster.V2, DecorationMaster",
          "x": 30.5630226,
          "y": 61.5309
        }
      },
      {
        "$type": "DecorationMaster.ItemDef+DefaultItem, DecorationMaster",
        "sceneName": "Deepnest_East_17",
        "pname": "HK_fly",
        "position": {
          "$type": "DecorationMaster.V2, DecorationMaster",
          "x": 30.5630226,
          "y": 59.7538376
        }
      },
      {
        "$type": "DecorationMaster.ItemDef+DefaultItem, DecorationMaster",
        "sceneName": "Deepnest_East_17",
        "pname": "HK_fly",
        "position": {
          "$type": "DecorationMaster.V2, DecorationMaster",
          "x": 30.5630226,
          "y": 58.19147
        }
      },
      {
        "$type": "DecorationMaster.ItemDef+DefaultItem, DecorationMaster",
        "sceneName": "Deepnest_East_17",
        "pname": "HK_fly",
        "position": {
          "$type": "DecorationMaster.V2, DecorationMaster",
          "x": 30.5630226,
          "y": 56.38362
        }
      },
      {
        "$type": "DecorationMaster.ItemDef+DefaultItem, DecorationMaster",
        "sceneName": "Deepnest_East_17",
        "pname": "HK_fly",
        "position": {
          "$type": "DecorationMaster.V2, DecorationMaster",
          "x": 30.5630226,
          "y": 54.3193169
        }
      },
      {
        "$type": "DecorationMaster.ItemDef+DefaultItem, DecorationMaster",
        "sceneName": "Deepnest_East_17",
        "pname": "HK_fly",
        "position": {
          "$type": "DecorationMaster.V2, DecorationMaster",
          "x": 30.5630226,
          "y": 52.4063034
        }
      },
      {
        "$type": "DecorationMaster.ItemDef+DefaultItem, DecorationMaster",
        "sceneName": "Deepnest_East_17",
        "pname": "HK_fly",
        "position": {
          "$type": "DecorationMaster.V2, DecorationMaster",
          "x": 30.5630226,
          "y": 50.500885
        }
      },
      {
        "$type": "DecorationMaster.ItemDef+DefaultItem, DecorationMaster",
        "sceneName": "Deepnest_East_17",
        "pname": "HK_fly",
        "position": {
          "$type": "DecorationMaster.V2, DecorationMaster",
          "x": 30.5630226,
          "y": 48.4241028
        }
      },
      {
        "$type": "DecorationMaster.ItemDef+DefaultItem, DecorationMaster",
        "sceneName": "Deepnest_East_17",
        "pname": "HK_fly",
        "position": {
          "$type": "DecorationMaster.V2, DecorationMaster",
          "x": 30.5630226,
          "y": 46.5532036
        }
      },
      {
        "$type": "DecorationMaster.ItemDef+DefaultItem, DecorationMaster",
        "sceneName": "Deepnest_East_17",
        "pname": "HK_fly",
        "position": {
          "$type": "DecorationMaster.V2, DecorationMaster",
          "x": 30.5630226,
          "y": 44.71849
        }
      },
      {
        "$type": "DecorationMaster.ItemDef+DefaultItem, DecorationMaster",
        "sceneName": "Deepnest_East_17",
        "pname": "HK_fly",
        "position": {
          "$type": "DecorationMaster.V2, DecorationMaster",
          "x": 30.5630226,
          "y": 42.43163
        }
      },
      {
        "$type": "DecorationMaster.ItemDef+DefaultItem, DecorationMaster",
        "sceneName": "Deepnest_East_17",
        "pname": "HK_fly",
        "position": {
          "$type": "DecorationMaster.V2, DecorationMaster",
          "x": 30.5630226,
          "y": 40.3046265
        }
      },
      {
        "$type": "DecorationMaster.ItemDef+DefaultItem, DecorationMaster",
        "sceneName": "Deepnest_East_17",
        "pname": "HK_fly",
        "position": {
          "$type": "DecorationMaster.V2, DecorationMaster",
          "x": 30.5630226,
          "y": 38.1556549
        }
      },
      {
        "$type": "DecorationMaster.ItemDef+DefaultItem, DecorationMaster",
        "sceneName": "Deepnest_East_17",
        "pname": "HK_fly",
        "position": {
          "$type": "DecorationMaster.V2, DecorationMaster",
          "x": 30.5630226,
          "y": 35.8579559
        }
      },
      {
        "$type": "DecorationMaster.ItemDef+DefaultItem, DecorationMaster",
        "sceneName": "Deepnest_East_17",
        "pname": "HK_fly",
        "position": {
          "$type": "DecorationMaster.V2, DecorationMaster",
          "x": 30.5630226,
          "y": 34.0774155
        }
      },
      {
        "$type": "DecorationMaster.ItemDef+DefaultItem, DecorationMaster",
        "sceneName": "Deepnest_East_17",
        "pname": "HK_fly",
        "position": {
          "$type": "DecorationMaster.V2, DecorationMaster",
          "x": 30.5630226,
          "y": 31.63889
        }
      },
      {
        "$type": "DecorationMaster.ItemDef+DefaultItem, DecorationMaster",
        "sceneName": "Deepnest_East_17",
        "pname": "HK_fly",
        "position": {
          "$type": "DecorationMaster.V2, DecorationMaster",
          "x": 28.8098373,
          "y": 29.39914
        }
      },
      {
        "$type": "DecorationMaster.ItemDef+DefaultItem, DecorationMaster",
        "sceneName": "Deepnest_East_17",
        "pname": "HK_fly",
        "position": {
          "$type": "DecorationMaster.V2, DecorationMaster",
          "x": 30.5630226,
          "y": 27.70249
        }
      },
      {
        "$type": "DecorationMaster.ItemDef+DefaultItem, DecorationMaster",
        "sceneName": "Deepnest_East_17",
        "pname": "HK_fly",
        "position": {
          "$type": "DecorationMaster.V2, DecorationMaster",
          "x": 30.5630226,
          "y": 25.3710327
        }
      },
      {
        "$type": "DecorationMaster.ItemDef+DefaultItem, DecorationMaster",
        "sceneName": "Deepnest_East_17",
        "pname": "HK_fly",
        "position": {
          "$type": "DecorationMaster.V2, DecorationMaster",
          "x": 30.5630226,
          "y": 24.1883469
        }
      },
      {
        "$type": "DecorationMaster.ItemDef+DefaultItem, DecorationMaster",
        "sceneName": "Deepnest_East_17",
        "pname": "HK_fly",
        "position": {
          "$type": "DecorationMaster.V2, DecorationMaster",
          "x": 30.338068,
          "y": 29.249054
        }
      },
      {
        "$type": "DecorationMaster.ItemDef+DefaultItem, DecorationMaster",
        "sceneName": "Deepnest_East_17",
        "pname": "HK_fly",
        "position": {
          "$type": "DecorationMaster.V2, DecorationMaster",
          "x": 30.0531235,
          "y": 20.4720135
        }
      },
      {
        "$type": "DecorationMaster.ItemDef+DefaultItem, DecorationMaster",
        "sceneName": "Deepnest_East_17",
        "pname": "HK_fly",
        "position": {
          "$type": "DecorationMaster.V2, DecorationMaster",
          "x": 30.0831184,
          "y": 15.9267206
        }
      },
      {
        "$type": "DecorationMaster.ItemDef+DefaultItem, DecorationMaster",
        "sceneName": "Deepnest_East_17",
        "pname": "HK_fly",
        "position": {
          "$type": "DecorationMaster.V2, DecorationMaster",
          "x": 29.6632,
          "y": 13.1547928
        }
      },
      {
        "$type": "DecorationMaster.ItemDef+DefaultItem, DecorationMaster",
        "sceneName": "Deepnest_East_17",
        "pname": "HK_fly",
        "position": {
          "$type": "DecorationMaster.V2, DecorationMaster",
          "x": 31.919054,
          "y": 13.2604628
        }
      },
      {
        "$type": "DecorationMaster.ItemDef+DefaultItem, DecorationMaster",
        "sceneName": "Deepnest_East_17",
        "pname": "HK_fly",
        "position": {
          "$type": "DecorationMaster.V2, DecorationMaster",
          "x": 27.6898842,
          "y": 12.8105516
        }
      },
      {
        "$type": "DecorationMaster.ItemDef+DefaultItem, DecorationMaster",
        "sceneName": "Deepnest_East_17",
        "pname": "HK_fly",
        "position": {
          "$type": "DecorationMaster.V2, DecorationMaster",
          "x": 27.04501,
          "y": 9.256252
        }
      },
      {
        "$type": "DecorationMaster.ItemDef+DefaultItem, DecorationMaster",
        "sceneName": "Deepnest_East_17",
        "pname": "HK_fly",
        "position": {
          "$type": "DecorationMaster.V2, DecorationMaster",
          "x": 32.2789841,
          "y": 9.046293
        }
      },
      {
        "$type": "DecorationMaster.ItemDef+DefatulResizeItem, DecorationMaster",
        "size": 1.0,
        "angle": 270,
        "sceneName": "Deepnest_East_17",
        "pname": "jarcol_floor",
        "position": {
          "$type": "DecorationMaster.V2, DecorationMaster",
          "x": 26.7094135,
          "y": 22.3929138
        }
      },
      {
        "$type": "DecorationMaster.ItemDef+LeverGateItem, DecorationMaster",
        "Number": 1,
        "size": 1.54,
        "angle": 60,
        "sceneName": "Deepnest_East_17",
        "pname": "HK_gate",
        "position": {
          "$type": "DecorationMaster.V2, DecorationMaster",
          "x": 22.1571236,
          "y": 19.8884087
        }
      },
      {
        "$type": "DecorationMaster.ItemDef+LeverGateItem, DecorationMaster",
        "Number": 1,
        "size": 0.82,
        "angle": 0,
        "sceneName": "Deepnest_East_17",
        "pname": "HK_lever",
        "position": {
          "$type": "DecorationMaster.V2, DecorationMaster",
          "x": 19.76092,
          "y": 16.8568783
        }
      },
      {
        "$type": "DecorationMaster.ItemDef+DefatulResizeItem, DecorationMaster",
        "size": 0.2,
        "angle": 0,
        "sceneName": "Deepnest_East_17",
        "pname": "HK_shadow_gate",
        "position": {
          "$type": "DecorationMaster.V2, DecorationMaster",
          "x": 28.15337,
          "y": 111.904472
        }
      },
      {
        "$type": "DecorationMaster.ItemDef+DefatulResizeItem, DecorationMaster",
        "size": 0.2,
        "angle": 0,
        "sceneName": "Deepnest_East_17",
        "pname": "HK_shadow_gate",
        "position": {
          "$type": "DecorationMaster.V2, DecorationMaster",
          "x": 34.29384,
          "y": 111.923317
        }
      },
      {
        "$type": "DecorationMaster.ItemDef+DefatulResizeItem, DecorationMaster",
        "size": 0.2,
        "angle": 0,
        "sceneName": "Deepnest_East_17",
        "pname": "HK_shadow_gate",
        "position": {
          "$type": "DecorationMaster.V2, DecorationMaster",
          "x": 35.62132,
          "y": 4.140649
        }
      },
      {
        "$type": "DecorationMaster.ItemDef+DefatulResizeItem, DecorationMaster",
        "size": 0.2,
        "angle": 0,
        "sceneName": "Deepnest_East_17",
        "pname": "HK_shadow_gate",
        "position": {
          "$type": "DecorationMaster.V2, DecorationMaster",
          "x": 13.0019894,
          "y": 4.061594
        }
      },
      {
        "$type": "DecorationMaster.MyBehaviour.DefaultBehaviour+SharedItem, DecorationMaster",
        "size": 0.2,
        "angle": 0,
        "sceneName": "Deepnest_East_17",
        "pname": "HK_infinte_soul",
        "position": {
          "$type": "DecorationMaster.V2, DecorationMaster",
          "x": 18.5309029,
          "y": 6.02226067
        }
      },
      {
        "$type": "DecorationMaster.MyBehaviour.DefaultBehaviour+SharedItem, DecorationMaster",
        "size": 0.2,
        "angle": 0,
        "sceneName": "Deepnest_East_17",
        "pname": "HK_infinte_soul",
        "position": {
          "$type": "DecorationMaster.V2, DecorationMaster",
          "x": 25.9536266,
          "y": 6.25944
        }
      },
      {
        "$type": "DecorationMaster.MyBehaviour.DefaultBehaviour+SharedItem, DecorationMaster",
        "size": 1.54,
        "angle": 0,
        "sceneName": "Deepnest_East_17",
        "pname": "HK_soul_totem",
        "position": {
          "$type": "DecorationMaster.V2, DecorationMaster",
          "x": 15.977253,
          "y": 10.0701
        }
      },
      {
        "$type": "DecorationMaster.MyBehaviour.DefaultBehaviour+SharedItem, DecorationMaster",
        "size": 1.0,
        "angle": 0,
        "sceneName": "Deepnest_East_17",
        "pname": "HK_soul_totem",
        "position": {
          "$type": "DecorationMaster.V2, DecorationMaster",
          "x": 16.0088787,
          "y": 8.96327
        }
      },
      {
        "$type": "DecorationMaster.ItemDef+DefatulResizeItem, DecorationMaster",
        "size": 1.0,
        "angle": 270,
        "sceneName": "Deepnest_East_17",
        "pname": "white_thorn",
        "position": {
          "$type": "DecorationMaster.V2, DecorationMaster",
          "x": 4.17998028,
          "y": 276.685059
        }
      },
      {
        "$type": "DecorationMaster.ItemDef+DefaultItem, DecorationMaster",
        "sceneName": "Deepnest_East_17",
        "pname": "zote_detection",
        "position": {
          "$type": "DecorationMaster.V2, DecorationMaster",
          "x": 17.9786339,
          "y": 261.7616
        }
      },
      {
        "$type": "DecorationMaster.MyBehaviour.DefaultBehaviour+SharedItem, DecorationMaster",
        "size": 1.0,
        "angle": 0,
        "sceneName": "Deepnest_East_17",
        "pname": "HK_zote_head",
        "position": {
          "$type": "DecorationMaster.V2, DecorationMaster",
          "x": 32.4004,
          "y": 264.0512
        }
      },
      {
        "$type": "DecorationMaster.MyBehaviour.DefaultBehaviour+SharedItem, DecorationMaster",
        "size": 1.0,
        "angle": 0,
        "sceneName": "Deepnest_East_17",
        "pname": "HK_platform_small",
        "position": {
          "$type": "DecorationMaster.V2, DecorationMaster",
          "x": 17.1891613,
          "y": 240.04332
        }
      },
      {
        "$type": "DecorationMaster.ItemDef+DefaultItem, DecorationMaster",
        "sceneName": "Deepnest_East_17",
        "pname": "IMG_RespawnPoint",
        "position": {
          "$type": "DecorationMaster.V2, DecorationMaster",
          "x": 12.6353931,
          "y": 264.830872
        }
      },
      {
        "$type": "DecorationMaster.ItemDef+DefaultItem, DecorationMaster",
        "sceneName": "Deepnest_East_17",
        "pname": "IMG_RespawnPoint",
        "position": {
          "$type": "DecorationMaster.V2, DecorationMaster",
          "x": 26.7341042,
          "y": 172.395065
        }
      },
      {
        "$type": "DecorationMaster.MyBehaviour.DefaultBehaviour+SharedItem, DecorationMaster",
        "size": 0.2,
        "angle": 0,
        "sceneName": "Deepnest_East_17",
        "pname": "HK_infinte_soul",
        "position": {
          "$type": "DecorationMaster.V2, DecorationMaster",
          "x": 27.3875484,
          "y": 171.015366
        }
      },
      {
        "$type": "DecorationMaster.ItemDef+DefaultItem, DecorationMaster",
        "sceneName": "Deepnest_East_17",
        "pname": "HK_fly",
        "position": {
          "$type": "DecorationMaster.V2, DecorationMaster",
          "x": 11.615593,
          "y": 120.409973
        }
      },
      {
        "$type": "DecorationMaster.ItemDef+DefaultItem, DecorationMaster",
        "sceneName": "Deepnest_East_17",
        "pname": "HK_fly",
        "position": {
          "$type": "DecorationMaster.V2, DecorationMaster",
          "x": 32.3585777,
          "y": 266.255524
        }
      },
      {
        "$type": "DecorationMaster.MyBehaviour.Bench+BenchItem, DecorationMaster",
        "bench_name": "D_bench1_911266_06308094",
        "sceneName": "Deepnest_East_17",
        "pname": "HK_bench",
        "position": {
          "$type": "DecorationMaster.V2, DecorationMaster",
          "x": 28.6999359,
          "y": 208.760483
        }
      },
      {
        "$type": "DecorationMaster.ItemDef+DefaultItem, DecorationMaster",
        "sceneName": "Deepnest_East_17",
        "pname": "binoculars",
        "position": {
          "$type": "DecorationMaster.V2, DecorationMaster",
          "x": 31.4743843,
          "y": 214.129318
        }
      },
      {
        "$type": "DecorationMaster.MyBehaviour.DefaultBehaviour+SharedItem, DecorationMaster",
        "size": 1.0,
        "angle": 0,
        "sceneName": "Deepnest_East_17",
        "pname": "HK_soul_totem",
        "position": {
          "$type": "DecorationMaster.V2, DecorationMaster",
          "x": 17.53505,
          "y": 189.950821
        }
      },
      {
        "$type": "DecorationMaster.ItemDef+DefaultItem, DecorationMaster",
        "sceneName": "Deepnest_East_17",
        "pname": "IMG_RespawnPoint",
        "position": {
          "$type": "DecorationMaster.V2, DecorationMaster",
          "x": 18.03784,
          "y": 201.48439
        }
      },
      {
        "$type": "DecorationMaster.ItemDef+DefaultItem, DecorationMaster",
        "sceneName": "Deepnest_East_17",
        "pname": "IMG_RespawnPoint",
        "position": {
          "$type": "DecorationMaster.V2, DecorationMaster",
          "x": 27.030756,
          "y": 190.50563
        }
      },
      {
        "$type": "DecorationMaster.ItemDef+DefatulResizeItem, DecorationMaster",
        "size": 1.18000007,
        "angle": 180,
        "sceneName": "Deepnest_East_17",
        "pname": "white_spike",
        "position": {
          "$type": "DecorationMaster.V2, DecorationMaster",
          "x": 26.9942837,
          "y": 168.915726
        }
      },
      {
        "$type": "DecorationMaster.ItemDef+DefaultItem, DecorationMaster",
        "sceneName": "Deepnest_East_17",
        "pname": "IMG_RespawnPoint",
        "position": {
          "$type": "DecorationMaster.V2, DecorationMaster",
          "x": 15.874753,
          "y": 169.365616
        }
      },
      {
        "$type": "DecorationMaster.ItemDef+SawItem, DecorationMaster",
        "span": 3,
        "speed": 0,
        "pitch": 1.0,
        "volume": 0.2027405,
        "Center": {
          "$type": "DecorationMaster.V2, DecorationMaster",
          "x": 14.7799711,
          "y": 172.814926
        },
        "offset": 0,
        "size": 0.5276845,
        "angle": 0,
        "sceneName": "Deepnest_East_17",
        "pname": "HK_saw",
        "position": {
          "$type": "DecorationMaster.V2, DecorationMaster",
          "x": 14.7799711,
          "y": 172.814926
        }
      }
    ]
  }
}