{
  "$type": "DecorationMaster.ItemSettings, DecorationMaster",
  "scene_name": "Deepnest_East_12",
  "mod_version": 0.5,
  "items": {
    "$type": "System.Collections.Generic.List`1[[DecorationMaster.Item, DecorationMaster]], mscorlib",
    "$values": [
      {
        "$type": "DecorationMaster.MyBehaviour.DefaultBehaviour+SharedItem, DecorationMaster",
        "size": 1.0,
        "angle": 0,
        "sceneName": "Deepnest_East_12",
        "pname": "HK_platform_rect",
        "position": {
          "$type": "DecorationMaster.V2, DecorationMaster",
          "x": 24.637579,
          "y": 13.0705938
        }
      },
      {
        "$type": "DecorationMaster.ItemDef+SawItem, DecorationMaster",
        "span": 3,
        "speed": 2,
        "pitch": 1.0,
        "volume": 0.0,
        "Center": {
          "$type": "DecorationMaster.V2, DecorationMaster",
          "x": 29.63577,
          "y": 15.27516
        },
        "offset": 0,
        "size": 0.64,
        "angle": 90,
        "sceneName": "Deepnest_East_12",
        "pname": "HK_saw",
        "position": {
          "$type": "DecorationMaster.V2, DecorationMaster",
          "x": 29.63577,
          "y": 15.27516
        }
      },
      {
        "$type": "DecorationMaster.ItemDef+SawItem, DecorationMaster",
        "span": 3,
        "speed": 2,
        "pitch": 1.0,
        "volume": 0.0,
        "Center": {
          "$type": "DecorationMaster.V2, DecorationMaster",
          "x": 32.5358734,
          "y": 15.5151138
        },
        "offset": 6,
        "size": 0.64,
        "angle": 90,
        "sceneName": "Deepnest_East_12",
        "pname": "HK_saw",
        "position": {
          "$type": "DecorationMaster.V2, DecorationMaster",
          "x": 32.5358734,
          "y": 15.5151138
        }
      },
      {
        "$type": "DecorationMaster.ItemDef+SawItem, DecorationMaster",
        "span": 3,
        "speed": 2,
        "pitch": 1.0,
        "volume": 0.2,
        "Center": {
          "$type": "DecorationMaster.V2, DecorationMaster",
          "x": 35.2079,
          "y": 15.6500874
        },
        "offset": 0,
        "size": 0.64,
        "angle": 90,
        "sceneName": "Deepnest_East_12",
        "pname": "HK_saw",
        "position": {
          "$type": "DecorationMaster.V2, DecorationMaster",
          "x": 35.2079,
          "y": 15.6500874
        }
      },
      {
        "$type": "DecorationMaster.ItemDef+SawItem, DecorationMaster",
        "span": 3,
        "speed": 2,
        "pitch": 1.0,
        "volume": 0.0,
        "Center": {
          "$type": "DecorationMaster.V2, DecorationMaster",
          "x": 37.79875,
          "y": 15.5751009
        },
        "offset": 6,
        "size": 0.64,
        "angle": 90,
        "sceneName": "Deepnest_East_12",
        "pname": "HK_saw",
        "position": {
          "$type": "DecorationMaster.V2, DecorationMaster",
          "x": 37.79875,
          "y": 15.5751009
        }
      },
      {
        "$type": "DecorationMaster.ItemDef+SawItem, DecorationMaster",
        "span": 3,
        "speed": 2,
        "pitch": 1.0,
        "volume": 0.0,
        "Center": {
          "$type": "DecorationMaster.V2, DecorationMaster",
          "x": 40.4707947,
          "y": 15.63509
        },
        "offset": 0,
        "size": 0.64,
        "angle": 90,
        "sceneName": "Deepnest_East_12",
        "pname": "HK_saw",
        "position": {
          "$type": "DecorationMaster.V2, DecorationMaster",
          "x": 40.4707947,
          "y": 15.63509
        }
      },
      {
        "$type": "DecorationMaster.ItemDef+SawItem, DecorationMaster",
        "span": 3,
        "speed": 2,
        "pitch": 1.0,
        "volume": 0.0,
        "Center": {
          "$type": "DecorationMaster.V2, DecorationMaster",
          "x": 43.0649567,
          "y": 15.4401369
        },
        "offset": 6,
        "size": 0.64,
        "angle": 90,
        "sceneName": "Deepnest_East_12",
        "pname": "HK_saw",
        "position": {
          "$type": "DecorationMaster.V2, DecorationMaster",
          "x": 43.0649567,
          "y": 15.4401369
        }
      },
      {
        "$type": "DecorationMaster.ItemDef+SawItem, DecorationMaster",
        "span": 3,
        "speed": 2,
        "pitch": 1.0,
        "volume": 0.0,
        "Center": {
          "$type": "DecorationMaster.V2, DecorationMaster",
          "x": 45.73443,
          "y": 15.6500969
        },
        "offset": 0,
        "size": 0.64,
        "angle": 90,
        "sceneName": "Deepnest_East_12",
        "pname": "HK_saw",
        "position": {
          "$type": "DecorationMaster.V2, DecorationMaster",
          "x": 45.73443,
          "y": 15.6500969
        }
      },
      {
        "$type": "DecorationMaster.ItemDef+DefaultItem, DecorationMaster",
        "sceneName": "Deepnest_East_12",
        "pname": "IMG_RespawnPoint",
        "position": {
          "$type": "DecorationMaster.V2, DecorationMaster",
          "x": 55.41716,
          "y": 16.5948963
        }
      },
      {
        "$type": "DecorationMaster.MyBehaviour.DefaultBehaviour+SharedItem, DecorationMaster",
        "size": 2.0,
        "angle": 0,
        "sceneName": "Deepnest_East_12",
        "pname": "HK_platform_small",
        "position": {
          "$type": "DecorationMaster.V2, DecorationMaster",
          "x": 56.4167633,
          "y": 13.4155378
        }
      },
      {
        "$type": "DecorationMaster.MyBehaviour.OtherBehaviour+BackColorFill+PartResizeColor, DecorationMaster",
        "size_x": 0.2,
        "size_y": 1.8,
        "angle": 0,
        "Order": 0,
        "A": 0.0,
        "R": 1.0,
        "G": 1.0,
        "B": 1.0,
        "sceneName": "Deepnest_East_12",
        "pname": "back_colorfull_fill",
        "position": {
          "$type": "DecorationMaster.V2, DecorationMaster",
          "x": 97.9295959,
          "y": 18.4245415
        }
      },
      {
        "$type": "DecorationMaster.MyBehaviour.OtherBehaviour+BackColorFill+PartResizeColor, DecorationMaster",
        "size_x": 0.2,
        "size_y": 1.8,
        "angle": 0,
        "Order": 0,
        "A": 0.0,
        "R": 1.0,
        "G": 1.0,
        "B": 1.0,
        "sceneName": "Deepnest_East_12",
        "pname": "back_colorfull_fill",
        "position": {
          "$type": "DecorationMaster.V2, DecorationMaster",
          "x": 94.3303146,
          "y": 19.2793713
        }
      },
      {
        "$type": "DecorationMaster.MyBehaviour.OtherBehaviour+BackColorFill+PartResizeColor, DecorationMaster",
        "size_x": 0.2,
        "size_y": 1.8,
        "angle": 0,
        "Order": 0,
        "A": 0.0,
        "R": 1.0,
        "G": 1.0,
        "B": 1.0,
        "sceneName": "Deepnest_East_12",
        "pname": "back_colorfull_fill",
        "position": {
          "$type": "DecorationMaster.V2, DecorationMaster",
          "x": 90.45087,
          "y": 19.9692345
        }
      },
      {
        "$type": "DecorationMaster.MyBehaviour.OtherBehaviour+BackColorFill+PartResizeColor, DecorationMaster",
        "size_x": 0.2,
        "size_y": 1.8,
        "angle": 0,
        "Order": 0,
        "A": 0.0,
        "R": 1.0,
        "G": 1.0,
        "B": 1.0,
        "sceneName": "Deepnest_East_12",
        "pname": "back_colorfull_fill",
        "position": {
          "$type": "DecorationMaster.V2, DecorationMaster",
          "x": 86.14671,
          "y": 20.7490826
        }
      },
      {
        "$type": "DecorationMaster.MyBehaviour.OtherBehaviour+BackColorFill+PartResizeColor, DecorationMaster",
        "size_x": 0.2,
        "size_y": 1.8,
        "angle": 0,
        "Order": 0,
        "A": 0.0,
        "R": 1.0,
        "G": 1.0,
        "B": 1.0,
        "sceneName": "Deepnest_East_12",
        "pname": "back_colorfull_fill",
        "position": {
          "$type": "DecorationMaster.V2, DecorationMaster",
          "x": 101.992409,
          "y": 18.049614
        }
      },
      {
        "$type": "DecorationMaster.ItemDef+DefaultItem, DecorationMaster",
        "sceneName": "Deepnest_East_12",
        "pname": "IMG_RespawnPoint",
        "position": {
          "$type": "DecorationMaster.V2, DecorationMaster",
          "x": 25.1076927,
          "y": 16.3999348
        }
      },
      {
        "$type": "DecorationMaster.ItemDef+DefatulResizeItem, DecorationMaster",
        "size": 1.54,
        "angle": 90,
        "sceneName": "Deepnest_East_12",
        "pname": "white_thorn",
        "position": {
          "$type": "DecorationMaster.V2, DecorationMaster",
          "x": 22.0843811,
          "y": 13.6554785
        }
      },
      {
        "$type": "DecorationMaster.ItemDef+DefatulResizeItem, DecorationMaster",
        "size": 0.82,
        "angle": 270,
        "sceneName": "Deepnest_East_12",
        "pname": "white_thorn",
        "position": {
          "$type": "DecorationMaster.V2, DecorationMaster",
          "x": 23.381361,
          "y": 15.365139
        }
      },
      {
        "$type": "DecorationMaster.MyBehaviour.DefaultBehaviour+SharedItem, DecorationMaster",
        "size": 0.82,
        "angle": 0,
        "sceneName": "Deepnest_East_12",
        "pname": "HK_crystal",
        "position": {
          "$type": "DecorationMaster.V2, DecorationMaster",
          "x": 25.1821957,
          "y": 15.4851189
        }
      },
      {
        "$type": "DecorationMaster.MyBehaviour.DefaultBehaviour+SharedItem, DecorationMaster",
        "size": 0.82,
        "angle": 0,
        "sceneName": "Deepnest_East_12",
        "pname": "HK_crystal",
        "position": {
          "$type": "DecorationMaster.V2, DecorationMaster",
          "x": 56.0129051,
          "y": 15.4551373
        }
      }
    ]
  }
}