{
  "$type": "DecorationMaster.ItemSettings, DecorationMaster",
  "scene_name": "Fungus1_21",
  "mod_version": 0.4,
  "items": {
    "$type": "System.Collections.Generic.List`1[[DecorationMaster.Item, DecorationMaster]], mscorlib",
    "$values": [
      {
        "$type": "DecorationMaster.ItemDef+DefaultItem, DecorationMaster",
        "sceneName": "Fungus1_21",
        "pname": "IMG_RespawnPoint",
        "position": {
          "$type": "DecorationMaster.V2, DecorationMaster",
          "x": 14.8549471,
          "y": 44.2795029
        }
      },
      {
        "$type": "DecorationMaster.ItemDef+DefaultItem, DecorationMaster",
        "sceneName": "Fungus1_21",
        "pname": "binoculars",
        "position": {
          "$type": "DecorationMaster.V2, DecorationMaster",
          "x": 5.571782,
          "y": 44.5644455
        }
      },
      {
        "$type": "DecorationMaster.MyBehaviour.Bench+BenchItem, DecorationMaster",
        "bench_name": "D_bench1_1636818099",
        "sceneName": "Fungus1_21",
        "pname": "HK_bench",
        "position": {
          "$type": "DecorationMaster.V2, DecorationMaster",
          "x": 81.54877,
          "y": 35.7332573
        }
      },
      {
        "$type": "DecorationMaster.ItemDef+DefaultItem, DecorationMaster",
        "sceneName": "Fungus1_21",
        "pname": "IMG_RespawnPoint",
        "position": {
          "$type": "DecorationMaster.V2, DecorationMaster",
          "x": 86.70775,
          "y": 38.2227669
        }
      },
      {
        "$type": "DecorationMaster.ItemDef+DefaultItem, DecorationMaster",
        "sceneName": "Fungus1_21",
        "pname": "binoculars",
        "position": {
          "$type": "DecorationMaster.V2, DecorationMaster",
          "x": 81.57876,
          "y": 36.4231224
        }
      },
      {
        "$type": "DecorationMaster.MyBehaviour.DefaultBehaviour+SharedItem, DecorationMaster",
        "size": 1.0,
        "angle": 0,
        "sceneName": "Fungus1_21",
        "pname": "HK_spike",
        "position": {
          "$type": "DecorationMaster.V2, DecorationMaster",
          "x": 81.78473,
          "y": 42.37855
        }
      },
      {
        "$type": "DecorationMaster.MyBehaviour.DefaultBehaviour+SharedItem, DecorationMaster",
        "size": 1.0,
        "angle": 0,
        "sceneName": "Fungus1_21",
        "pname": "HK_spike",
        "position": {
          "$type": "DecorationMaster.V2, DecorationMaster",
          "x": 58.7103043,
          "y": 42.4348564
        }
      },
      {
        "$type": "DecorationMaster.MyBehaviour.DefaultBehaviour+SharedItem, DecorationMaster",
        "size": 1.0,
        "angle": 0,
        "sceneName": "Fungus1_21",
        "pname": "HK_spike",
        "position": {
          "$type": "DecorationMaster.V2, DecorationMaster",
          "x": 54.1662025,
          "y": 43.2446938
        }
      },
      {
        "$type": "DecorationMaster.ItemDef+DefaultItem, DecorationMaster",
        "sceneName": "Fungus1_21",
        "pname": "IMG_RespawnPoint",
        "position": {
          "$type": "DecorationMaster.V2, DecorationMaster",
          "x": 61.58798,
          "y": 43.16971
        }
      },
      {
        "$type": "DecorationMaster.ItemDef+DefaultItem, DecorationMaster",
        "sceneName": "Fungus1_21",
        "pname": "IMG_RespawnPoint",
        "position": {
          "$type": "DecorationMaster.V2, DecorationMaster",
          "x": 40.52661,
          "y": 44.3394775
        }
      },
      {
        "$type": "DecorationMaster.ItemDef+DefatulResizeItem, DecorationMaster",
        "size": 2.0,
        "angle": 180,
        "sceneName": "Fungus1_21",
        "pname": "white_thorn",
        "position": {
          "$type": "DecorationMaster.V2, DecorationMaster",
          "x": 31.23202,
          "y": 46.72401
        }
      },
      {
        "$type": "DecorationMaster.ItemDef+DefaultItem, DecorationMaster",
        "sceneName": "Fungus1_21",
        "pname": "IMG_RespawnPoint",
        "position": {
          "$type": "DecorationMaster.V2, DecorationMaster",
          "x": 23.0951481,
          "y": 36.4381142
        }
      },
      {
        "$type": "DecorationMaster.ItemDef+DefaultItem, DecorationMaster",
        "sceneName": "Fungus1_21",
        "pname": "IMG_RespawnPoint",
        "position": {
          "$type": "DecorationMaster.V2, DecorationMaster",
          "x": 11.75738,
          "y": 36.25815
        }
      },
      {
        "$type": "DecorationMaster.ItemDef+DefatulResizeItem, DecorationMaster",
        "size": 1.0,
        "angle": 330,
        "sceneName": "Fungus1_21",
        "pname": "jarcol_floor",
        "position": {
          "$type": "DecorationMaster.V2, DecorationMaster",
          "x": 9.341649,
          "y": 23.6144581
        }
      },
      {
        "$type": "DecorationMaster.ItemDef+DefatulResizeItem, DecorationMaster",
        "size": 0.64,
        "angle": 90,
        "sceneName": "Fungus1_21",
        "pname": "jarcol_floor",
        "position": {
          "$type": "DecorationMaster.V2, DecorationMaster",
          "x": 4.62696552,
          "y": 23.3011856
        }
      },
      {
        "$type": "DecorationMaster.ItemDef+DefatulResizeItem, DecorationMaster",
        "size": 1.0,
        "angle": 180,
        "sceneName": "Fungus1_21",
        "pname": "white_thorn",
        "position": {
          "$type": "DecorationMaster.V2, DecorationMaster",
          "x": 25.8855,
          "y": 31.9176273
        }
      },
      {
        "$type": "DecorationMaster.ItemDef+DefatulResizeItem, DecorationMaster",
        "size": 1.0,
        "angle": 180,
        "sceneName": "Fungus1_21",
        "pname": "white_thorn",
        "position": {
          "$type": "DecorationMaster.V2, DecorationMaster",
          "x": 31.989296,
          "y": 31.3327446
        }
      },
      {
        "$type": "DecorationMaster.ItemDef+DefatulResizeItem, DecorationMaster",
        "size": 1.0,
        "angle": 180,
        "sceneName": "Fungus1_21",
        "pname": "white_thorn",
        "position": {
          "$type": "DecorationMaster.V2, DecorationMaster",
          "x": 37.2232666,
          "y": 31.3627377
        }
      },
      {
        "$type": "DecorationMaster.ItemDef+DefatulResizeItem, DecorationMaster",
        "size": 1.0,
        "angle": 0,
        "sceneName": "Fungus1_21",
        "pname": "white_thorn",
        "position": {
          "$type": "DecorationMaster.V2, DecorationMaster",
          "x": 25.735527,
          "y": 33.01241
        }
      },
      {
        "$type": "DecorationMaster.ItemDef+DefatulResizeItem, DecorationMaster",
        "size": 1.0,
        "angle": 0,
        "sceneName": "Fungus1_21",
        "pname": "white_thorn",
        "position": {
          "$type": "DecorationMaster.V2, DecorationMaster",
          "x": 31.8693218,
          "y": 32.4275246
        }
      },
      {
        "$type": "DecorationMaster.ItemDef+DefatulResizeItem, DecorationMaster",
        "size": 1.0,
        "angle": 0,
        "sceneName": "Fungus1_21",
        "pname": "white_thorn",
        "position": {
          "$type": "DecorationMaster.V2, DecorationMaster",
          "x": 37.4632225,
          "y": 32.3225441
        }
      },
      {
        "$type": "DecorationMaster.ItemDef+DefatulResizeItem, DecorationMaster",
        "size": 0.64,
        "angle": 90,
        "sceneName": "Fungus1_21",
        "pname": "edge",
        "position": {
          "$type": "DecorationMaster.V2, DecorationMaster",
          "x": 28.9958172,
          "y": 38.9074249
        }
      },
      {
        "$type": "DecorationMaster.ItemDef+DefatulResizeItem, DecorationMaster",
        "size": 0.439597249,
        "angle": 90,
        "sceneName": "Fungus1_21",
        "pname": "edge",
        "position": {
          "$type": "DecorationMaster.V2, DecorationMaster",
          "x": 39.94967,
          "y": 37.818634
        }
      },
      {
        "$type": "DecorationMaster.ItemDef+DefaultItem, DecorationMaster",
        "sceneName": "Fungus1_21",
        "pname": "IMG_RespawnPoint",
        "position": {
          "$type": "DecorationMaster.V2, DecorationMaster",
          "x": 46.54029,
          "y": 30.2431564
        }
      },
      {
        "$type": "DecorationMaster.ItemDef+DefaultItem, DecorationMaster",
        "sceneName": "Fungus1_21",
        "pname": "IMG_RespawnPoint",
        "position": {
          "$type": "DecorationMaster.V2, DecorationMaster",
          "x": 59.08275,
          "y": 27.35002
        }
      },
      {
        "$type": "DecorationMaster.ItemDef+DefatulResizeItem, DecorationMaster",
        "size": 1.0,
        "angle": 0,
        "sceneName": "Fungus1_21",
        "pname": "white_thorn",
        "position": {
          "$type": "DecorationMaster.V2, DecorationMaster",
          "x": 62.94163,
          "y": 23.5238838
        }
      },
      {
        "$type": "DecorationMaster.ItemDef+DefaultItem, DecorationMaster",
        "sceneName": "Fungus1_21",
        "pname": "IMG_RespawnPoint",
        "position": {
          "$type": "DecorationMaster.V2, DecorationMaster",
          "x": 83.60339,
          "y": 24.3404922
        }
      },
      {
        "$type": "DecorationMaster.MyBehaviour.DefaultBehaviour+SharedItem, DecorationMaster",
        "size": 1.0,
        "angle": 0,
        "sceneName": "Fungus1_21",
        "pname": "HK_soul_totem",
        "position": {
          "$type": "DecorationMaster.V2, DecorationMaster",
          "x": 85.73294,
          "y": 24.99548
        }
      },
      {
        "$type": "DecorationMaster.ItemDef+DefaultItem, DecorationMaster",
        "sceneName": "Fungus1_21",
        "pname": "binoculars",
        "position": {
          "$type": "DecorationMaster.V2, DecorationMaster",
          "x": 51.60908,
          "y": 28.57751
        }
      },
      {
        "$type": "DecorationMaster.ItemDef+DefaultItem, DecorationMaster",
        "sceneName": "Fungus1_21",
        "pname": "binoculars",
        "position": {
          "$type": "DecorationMaster.V2, DecorationMaster",
          "x": 17.3095837,
          "y": 38.0797424
        }
      },
      {
        "$type": "DecorationMaster.ItemDef+DefaultItem, DecorationMaster",
        "sceneName": "Fungus1_21",
        "pname": "IMG_RespawnPoint",
        "position": {
          "$type": "DecorationMaster.V2, DecorationMaster",
          "x": 56.1979637,
          "y": 36.330986
        }
      },
      {
        "$type": "DecorationMaster.MyBehaviour.DefaultBehaviour+SharedItem, DecorationMaster",
        "size": 0.82,
        "angle": 0,
        "sceneName": "Fungus1_21",
        "pname": "HK_flip_platform",
        "position": {
          "$type": "DecorationMaster.V2, DecorationMaster",
          "x": 54.0045853,
          "y": 20.7299118
        }
      },
      {
        "$type": "DecorationMaster.ItemDef+DefatulResizeItem, DecorationMaster",
        "size": 0.5519127,
        "angle": 180,
        "sceneName": "Fungus1_21",
        "pname": "white_thorn",
        "position": {
          "$type": "DecorationMaster.V2, DecorationMaster",
          "x": 51.506813,
          "y": 25.6703548
        }
      },
      {
        "$type": "DecorationMaster.ItemDef+DefaultItem, DecorationMaster",
        "sceneName": "Fungus1_21",
        "pname": "IMG_RespawnPoint",
        "position": {
          "$type": "DecorationMaster.V2, DecorationMaster",
          "x": 84.81812,
          "y": 13.4231892
        }
      },
      {
        "$type": "DecorationMaster.ItemDef+DefatulResizeItem, DecorationMaster",
        "size": 2.0,
        "angle": 90,
        "sceneName": "Fungus1_21",
        "pname": "white_thorn",
        "position": {
          "$type": "DecorationMaster.V2, DecorationMaster",
          "x": 83.60336,
          "y": 6.79929638
        }
      },
      {
        "$type": "DecorationMaster.ItemDef+DefatulResizeItem, DecorationMaster",
        "size": 1.54,
        "angle": 270,
        "sceneName": "Fungus1_21",
        "pname": "white_thorn",
        "position": {
          "$type": "DecorationMaster.V2, DecorationMaster",
          "x": 84.99808,
          "y": 5.87047768
        }
      },
      {
        "$type": "DecorationMaster.MyBehaviour.DelayResizableBehaviour+DelayResizeItem, DecorationMaster",
        "time_offset": 0.0,
        "size": 1.0,
        "angle": 0,
        "sceneName": "Fungus1_21",
        "pname": "HK_trap_spike",
        "position": {
          "$type": "DecorationMaster.V2, DecorationMaster",
          "x": 77.40882,
          "y": 4.61072636
        }
      },
      {
        "$type": "DecorationMaster.ItemDef+DefatulResizeItem, DecorationMaster",
        "size": 1.0,
        "angle": 180,
        "sceneName": "Fungus1_21",
        "pname": "white_thorn",
        "position": {
          "$type": "DecorationMaster.V2, DecorationMaster",
          "x": 74.53372,
          "y": 11.04446
        }
      },
      {
        "$type": "DecorationMaster.ItemDef+DefatulResizeItem, DecorationMaster",
        "size": 1.0,
        "angle": 0,
        "sceneName": "Fungus1_21",
        "pname": "white_thorn",
        "position": {
          "$type": "DecorationMaster.V2, DecorationMaster",
          "x": 74.56372,
          "y": 12.3941936
        }
      },
      {
        "$type": "DecorationMaster.ItemDef+DefaultItem, DecorationMaster",
        "sceneName": "Fungus1_21",
        "pname": "IMG_RespawnPoint",
        "position": {
          "$type": "DecorationMaster.V2, DecorationMaster",
          "x": 62.5111465,
          "y": 18.0454369
        }
      },
      {
        "$type": "DecorationMaster.ItemDef+DefaultItem, DecorationMaster",
        "sceneName": "Fungus1_21",
        "pname": "binoculars",
        "position": {
          "$type": "DecorationMaster.V2, DecorationMaster",
          "x": 63.1236954,
          "y": 5.525546
        }
      },
      {
        "$type": "DecorationMaster.ItemDef+DefaultItem, DecorationMaster",
        "sceneName": "Fungus1_21",
        "pname": "binoculars",
        "position": {
          "$type": "DecorationMaster.V2, DecorationMaster",
          "x": 58.8125648,
          "y": 18.0004463
        }
      },
      {
        "$type": "DecorationMaster.ItemDef+DefaultItem, DecorationMaster",
        "sceneName": "Fungus1_21",
        "pname": "IMG_RespawnPoint",
        "position": {
          "$type": "DecorationMaster.V2, DecorationMaster",
          "x": 63.6783257,
          "y": 5.975457
        }
      },
      {
        "$type": "DecorationMaster.ItemDef+DefatulResizeItem, DecorationMaster",
        "size": 2.0,
        "angle": 0,
        "sceneName": "Fungus1_21",
        "pname": "white_thorn",
        "position": {
          "$type": "DecorationMaster.V2, DecorationMaster",
          "x": 53.75467,
          "y": 2.43615341
        }
      },
      {
        "$type": "DecorationMaster.ItemDef+DefatulResizeItem, DecorationMaster",
        "size": 2.0,
        "angle": 0,
        "sceneName": "Fungus1_21",
        "pname": "white_spike",
        "position": {
          "$type": "DecorationMaster.V2, DecorationMaster",
          "x": 54.4637375,
          "y": 4.715705
        }
      },
      {
        "$type": "DecorationMaster.ItemDef+DefaultItem, DecorationMaster",
        "sceneName": "Fungus1_21",
        "pname": "IMG_RespawnPoint",
        "position": {
          "$type": "DecorationMaster.V2, DecorationMaster",
          "x": 42.13443,
          "y": 5.48055553
        }
      },
      {
        "$type": "DecorationMaster.ItemDef+DefatulResizeItem, DecorationMaster",
        "size": 1.0,
        "angle": 0,
        "sceneName": "Fungus1_21",
        "pname": "white_thorn",
        "position": {
          "$type": "DecorationMaster.V2, DecorationMaster",
          "x": 43.8687325,
          "y": 2.36116934
        }
      },
      {
        "$type": "DecorationMaster.MyBehaviour.DelayResizableBehaviour+DelayResizeItem, DecorationMaster",
        "time_offset": 0.0,
        "size": 1.0,
        "angle": 0,
        "sceneName": "Fungus1_21",
        "pname": "HK_zap_cloud",
        "position": {
          "$type": "DecorationMaster.V2, DecorationMaster",
          "x": 38.38642,
          "y": 6.515351
        }
      },
      {
        "$type": "DecorationMaster.MyBehaviour.DelayResizableBehaviour+DelayResizeItem, DecorationMaster",
        "time_offset": 0.0,
        "size": 1.0,
        "angle": 0,
        "sceneName": "Fungus1_21",
        "pname": "HK_zap_cloud",
        "position": {
          "$type": "DecorationMaster.V2, DecorationMaster",
          "x": 32.0897636,
          "y": 6.54534531
        }
      },
      {
        "$type": "DecorationMaster.MyBehaviour.DelayResizableBehaviour+DelayResizeItem, DecorationMaster",
        "time_offset": 0.0,
        "size": 1.0,
        "angle": 0,
        "sceneName": "Fungus1_21",
        "pname": "HK_zap_cloud",
        "position": {
          "$type": "DecorationMaster.V2, DecorationMaster",
          "x": 47.66867,
          "y": 5.18061447
        }
      },
      {
        "$type": "DecorationMaster.ItemDef+DefaultItem, DecorationMaster",
        "sceneName": "Fungus1_21",
        "pname": "IMG_RespawnPoint",
        "position": {
          "$type": "DecorationMaster.V2, DecorationMaster",
          "x": 25.2256279,
          "y": 3.335978
        }
      },
      {
        "$type": "DecorationMaster.ItemDef+DefaultItem, DecorationMaster",
        "sceneName": "Fungus1_21",
        "pname": "IMG_RespawnPoint",
        "position": {
          "$type": "DecorationMaster.V2, DecorationMaster",
          "x": 9.291048,
          "y": 4.1158247
        }
      },
      {
        "$type": "DecorationMaster.ItemDef+DefaultItem, DecorationMaster",
        "sceneName": "Fungus1_21",
        "pname": "IMG_RespawnPoint",
        "position": {
          "$type": "DecorationMaster.V2, DecorationMaster",
          "x": 48.6099968,
          "y": 18.2253933
        }
      },
      {
        "$type": "DecorationMaster.MyBehaviour.OtherBehaviour+BackColorFill+PartResizeColor, DecorationMaster",
        "size_x": 2.0,
        "size_y": 2.0,
        "angle": 0,
        "Order": 0,
        "A": 0.0,
        "R": 0.132829979,
        "G": 0.6854027,
        "B": 0.2309843,
        "sceneName": "Fungus1_21",
        "pname": "back_colorfull_fill",
        "position": {
          "$type": "DecorationMaster.V2, DecorationMaster",
          "x": 42.67013,
          "y": 17.2805862
        }
      },
      {
        "$type": "DecorationMaster.MyBehaviour.OtherBehaviour+BackColorFill+PartResizeColor, DecorationMaster",
        "size_x": 2.0,
        "size_y": 2.0,
        "angle": 0,
        "Order": 0,
        "A": 0.0,
        "R": 0.132829979,
        "G": 0.6854027,
        "B": 0.2309843,
        "sceneName": "Fungus1_21",
        "pname": "back_colorfull_fill",
        "position": {
          "$type": "DecorationMaster.V2, DecorationMaster",
          "x": 34.760006,
          "y": 17.0852966
        }
      },
      {
        "$type": "DecorationMaster.MyBehaviour.OtherBehaviour+BackColorFill+PartResizeColor, DecorationMaster",
        "size_x": 2.0,
        "size_y": 2.0,
        "angle": 0,
        "Order": 0,
        "A": 0.0,
        "R": 0.132829979,
        "G": 0.6854027,
        "B": 0.2309843,
        "sceneName": "Fungus1_21",
        "pname": "back_colorfull_fill",
        "position": {
          "$type": "DecorationMaster.V2, DecorationMaster",
          "x": 26.968647,
          "y": 17.16028
        }
      },
      {
        "$type": "DecorationMaster.MyBehaviour.OtherBehaviour+BackColorFill+PartResizeColor, DecorationMaster",
        "size_x": 2.0,
        "size_y": 2.0,
        "angle": 0,
        "Order": 0,
        "A": 0.0,
        "R": 0.132829979,
        "G": 0.6854027,
        "B": 0.2309843,
        "sceneName": "Fungus1_21",
        "pname": "back_colorfull_fill",
        "position": {
          "$type": "DecorationMaster.V2, DecorationMaster",
          "x": 20.0255966,
          "y": 17.82015
        }
      },
      {
        "$type": "DecorationMaster.ItemDef+DefaultItem, DecorationMaster",
        "sceneName": "Fungus1_21",
        "pname": "IMG_RespawnPoint",
        "position": {
          "$type": "DecorationMaster.V2, DecorationMaster",
          "x": 14.1118031,
          "y": 13.3985195
        }
      },
      {
        "$type": "DecorationMaster.ItemDef+DefaultItem, DecorationMaster",
        "sceneName": "Fungus1_21",
        "pname": "IMG_RespawnPoint",
        "position": {
          "$type": "DecorationMaster.V2, DecorationMaster",
          "x": 2.79732227,
          "y": 13.8280382
        }
      },
      {
        "$type": "DecorationMaster.MyBehaviour.DefaultBehaviour+SharedItem, DecorationMaster",
        "size": 1.0,
        "angle": 0,
        "sceneName": "Fungus1_21",
        "pname": "HK_flip_platform",
        "position": {
          "$type": "DecorationMaster.V2, DecorationMaster",
          "x": 10.5208035,
          "y": 8.629935
        }
      },
      {
        "$type": "DecorationMaster.MyBehaviour.DefaultBehaviour+SharedItem, DecorationMaster",
        "size": 0.64,
        "angle": 0,
        "sceneName": "Fungus1_21",
        "pname": "HK_flip_platform",
        "position": {
          "$type": "DecorationMaster.V2, DecorationMaster",
          "x": 5.22684765,
          "y": 5.780496
        }
      },
      {
        "$type": "DecorationMaster.ItemDef+DefatulResizeItem, DecorationMaster",
        "size": 1.0,
        "angle": 0,
        "sceneName": "Fungus1_21",
        "pname": "white_spike",
        "position": {
          "$type": "DecorationMaster.V2, DecorationMaster",
          "x": 10.4608173,
          "y": 9.448906
        }
      },
      {
        "$type": "DecorationMaster.MyBehaviour.DelayResizableBehaviour+DelayResizeItem, DecorationMaster",
        "time_offset": 0.0,
        "size": 1.0,
        "angle": 0,
        "sceneName": "Fungus1_21",
        "pname": "HK_trap_spike",
        "position": {
          "$type": "DecorationMaster.V2, DecorationMaster",
          "x": 16.0804482,
          "y": 1.61835241
        }
      },
      {
        "$type": "DecorationMaster.MyBehaviour.DelayResizableBehaviour+DelayResizeItem, DecorationMaster",
        "time_offset": 0.0,
        "size": 1.0,
        "angle": 0,
        "sceneName": "Fungus1_21",
        "pname": "HK_trap_spike",
        "position": {
          "$type": "DecorationMaster.V2, DecorationMaster",
          "x": 12.8308325,
          "y": 1.60335493
        }
      },
      {
        "$type": "DecorationMaster.MyBehaviour.OtherBehaviour+BackColorFill+PartResizeColor, DecorationMaster",
        "size_x": 0.2,
        "size_y": 2.0,
        "angle": 0,
        "Order": 1,
        "A": 0.0,
        "R": 0.0,
        "G": 0.6,
        "B": 0.0,
        "sceneName": "Fungus1_21",
        "pname": "back_colorfull_fill",
        "position": {
          "$type": "DecorationMaster.V2, DecorationMaster",
          "x": 46.6408463,
          "y": 17.7604847
        }
      },
      {
        "$type": "DecorationMaster.MyBehaviour.OtherBehaviour+BackColorFill+PartResizeColor, DecorationMaster",
        "size_x": 0.2,
        "size_y": 2.0,
        "angle": 0,
        "Order": 1,
        "A": 0.0,
        "R": 0.0,
        "G": 0.6,
        "B": 0.0,
        "sceneName": "Fungus1_21",
        "pname": "back_colorfull_fill",
        "position": {
          "$type": "DecorationMaster.V2, DecorationMaster",
          "x": 16.3025417,
          "y": 18.1075954
        }
      },
      {
        "$type": "DecorationMaster.ItemDef+DefatulResizeItem, DecorationMaster",
        "size": 1.54,
        "angle": 180,
        "sceneName": "Fungus1_21",
        "pname": "white_thorn",
        "position": {
          "$type": "DecorationMaster.V2, DecorationMaster",
          "x": 75.59108,
          "y": 29.60004
        }
      },
      {
        "$type": "DecorationMaster.ItemDef+DefatulResizeItem, DecorationMaster",
        "size": 1.54,
        "angle": 180,
        "sceneName": "Fungus1_21",
        "pname": "white_thorn",
        "position": {
          "$type": "DecorationMaster.V2, DecorationMaster",
          "x": 75.3074341,
          "y": 30.7782421
        }
      },
      {
        "$type": "DecorationMaster.ItemDef+DefatulResizeItem, DecorationMaster",
        "size": 1.54,
        "angle": 180,
        "sceneName": "Fungus1_21",
        "pname": "white_thorn",
        "position": {
          "$type": "DecorationMaster.V2, DecorationMaster",
          "x": 69.94006,
          "y": 29.4036713
        }
      },
      {
        "$type": "DecorationMaster.ItemDef+DefatulResizeItem, DecorationMaster",
        "size": 1.54,
        "angle": 180,
        "sceneName": "Fungus1_21",
        "pname": "white_thorn",
        "position": {
          "$type": "DecorationMaster.V2, DecorationMaster",
          "x": 69.1546,
          "y": 30.7782421
        }
      },
      {
        "$type": "DecorationMaster.ItemDef+DefatulResizeItem, DecorationMaster",
        "size": 1.54,
        "angle": 180,
        "sceneName": "Fungus1_21",
        "pname": "white_thorn",
        "position": {
          "$type": "DecorationMaster.V2, DecorationMaster",
          "x": 66.340004,
          "y": 30.8655167
        }
      },
      {
        "$type": "DecorationMaster.ItemDef+DefatulResizeItem, DecorationMaster",
        "size": 1.54,
        "angle": 130,
        "sceneName": "Fungus1_21",
        "pname": "white_thorn",
        "position": {
          "$type": "DecorationMaster.V2, DecorationMaster",
          "x": 63.393837,
          "y": 32.21827
        }
      },
      {
        "$type": "DecorationMaster.ItemDef+DefaultItem, DecorationMaster",
        "sceneName": "Fungus1_21",
        "pname": "IMG_RespawnPoint",
        "position": {
          "$type": "DecorationMaster.V2, DecorationMaster",
          "x": 69.91743,
          "y": 25.5353775
        }
      },
      {
        "$type": "DecorationMaster.ItemDef+DefatulResizeItem, DecorationMaster",
        "size": 1.54,
        "angle": 180,
        "sceneName": "Fungus1_21",
        "pname": "white_thorn",
        "position": {
          "$type": "DecorationMaster.V2, DecorationMaster",
          "x": 20.3589745,
          "y": 32.26938
        }
      },
      {
        "$type": "DecorationMaster.ItemDef+DefatulResizeItem, DecorationMaster",
        "size": 1.54,
        "angle": 180,
        "sceneName": "Fungus1_21",
        "pname": "white_thorn",
        "position": {
          "$type": "DecorationMaster.V2, DecorationMaster",
          "x": 14.8549681,
          "y": 32.34439
        }
      }
    ]
  }
}