{
  "$type": "DecorationMaster.ItemSettings, DecorationMaster",
  "scene_name": "Fungus2_32",
  "mod_version": 0.5,
  "items": {
    "$type": "System.Collections.Generic.List`1[[DecorationMaster.Item, DecorationMaster]], mscorlib",
    "$values": [
      {
        "$type": "DecorationMaster.MyBehaviour.DefaultBehaviour+SharedItem, DecorationMaster",
        "size": 1.0,
        "angle": 0,
        "sceneName": "Fungus2_32",
        "pname": "HK_soul_totem",
        "position": {
          "$type": "DecorationMaster.V2, DecorationMaster",
          "x": 7.01149225,
          "y": 4.1908083
        }
      },
      {
        "$type": "DecorationMaster.ItemDef+DefaultItem, DecorationMaster",
        "sceneName": "Fungus2_32",
        "pname": "IMG_RespawnPoint",
        "position": {
          "$type": "DecorationMaster.V2, DecorationMaster",
          "x": 33.7461739,
          "y": 3.90587234
        }
      },
      {
        "$type": "DecorationMaster.MyBehaviour.OtherBehaviour+BackColorFill+PartResizeColor, DecorationMaster",
        "size_x": 2.0,
        "size_y": 2.0,
        "angle": 0,
        "Order": 0,
        "A": 0.0,
        "R": 0.923098445,
        "G": 0.762304246,
        "B": 0.279921681,
        "sceneName": "Fungus2_32",
        "pname": "back_colorfull_fill",
        "position": {
          "$type": "DecorationMaster.V2, DecorationMaster",
          "x": 35.24304,
          "y": 1.76129484
        }
      },
      {
        "$type": "DecorationMaster.MyBehaviour.OtherBehaviour+BackColorFill+PartResizeColor, DecorationMaster",
        "size_x": 2.0,
        "size_y": 2.0,
        "angle": 0,
        "Order": 0,
        "A": 0.0,
        "R": 0.923098445,
        "G": 0.762304246,
        "B": 0.279921681,
        "sceneName": "Fungus2_32",
        "pname": "back_colorfull_fill",
        "position": {
          "$type": "DecorationMaster.V2, DecorationMaster",
          "x": 43.2091942,
          "y": 1.76129484
        }
      },
      {
        "$type": "DecorationMaster.MyBehaviour.OtherBehaviour+BackColorFill+PartResizeColor, DecorationMaster",
        "size_x": 2.0,
        "size_y": 2.0,
        "angle": 0,
        "Order": 0,
        "A": 0.0,
        "R": 0.923098445,
        "G": 0.762304246,
        "B": 0.279921681,
        "sceneName": "Fungus2_32",
        "pname": "back_colorfull_fill",
        "position": {
          "$type": "DecorationMaster.V2, DecorationMaster",
          "x": 46.4784737,
          "y": 1.74629593
        }
      },
      {
        "$type": "DecorationMaster.MyBehaviour.OtherBehaviour+BackColorFill+PartResizeColor, DecorationMaster",
        "size_x": 2.0,
        "size_y": 2.0,
        "angle": 0,
        "Order": 0,
        "A": 0.0,
        "R": 0.923098445,
        "G": 0.762304246,
        "B": 0.279921681,
        "sceneName": "Fungus2_32",
        "pname": "back_colorfull_fill",
        "position": {
          "$type": "DecorationMaster.V2, DecorationMaster",
          "x": 57.7769127,
          "y": 1.791287
        }
      },
      {
        "$type": "DecorationMaster.MyBehaviour.OtherBehaviour+BackColorFill+PartResizeColor, DecorationMaster",
        "size_x": 2.0,
        "size_y": 2.0,
        "angle": 0,
        "Order": 0,
        "A": 0.0,
        "R": 0.923098445,
        "G": 0.762304246,
        "B": 0.279921681,
        "sceneName": "Fungus2_32",
        "pname": "back_colorfull_fill",
        "position": {
          "$type": "DecorationMaster.V2, DecorationMaster",
          "x": 65.2904358,
          "y": 1.77628994
        }
      },
      {
        "$type": "DecorationMaster.MyBehaviour.DelayResizableBehaviour+DelayResizeItem, DecorationMaster",
        "time_offset": 0.0,
        "size": 1.0,
        "angle": 0,
        "sceneName": "Fungus2_32",
        "pname": "HK_zap_cloud",
        "position": {
          "$type": "DecorationMaster.V2, DecorationMaster",
          "x": 51.9933052,
          "y": 13.3540077
        }
      },
      {
        "$type": "DecorationMaster.MyBehaviour.DelayResizableBehaviour+DelayResizeItem, DecorationMaster",
        "time_offset": 0.0,
        "size": 1.0,
        "angle": 0,
        "sceneName": "Fungus2_32",
        "pname": "HK_zap_cloud",
        "position": {
          "$type": "DecorationMaster.V2, DecorationMaster",
          "x": 41.3304024,
          "y": 12.9790812
        }
      },
      {
        "$type": "DecorationMaster.MyBehaviour.DelayResizableBehaviour+DelayResizeItem, DecorationMaster",
        "time_offset": 0.0,
        "size": 1.0,
        "angle": 0,
        "sceneName": "Fungus2_32",
        "pname": "HK_zap_cloud",
        "position": {
          "$type": "DecorationMaster.V2, DecorationMaster",
          "x": 61.7056923,
          "y": 12.9490881
        }
      },
      {
        "$type": "DecorationMaster.MyBehaviour.OtherBehaviour+BackColorFill+PartResizeColor, DecorationMaster",
        "size_x": 2.0,
        "size_y": 2.0,
        "angle": 0,
        "Order": 0,
        "A": 0.0,
        "R": 0.923098445,
        "G": 0.762304246,
        "B": 0.279921681,
        "sceneName": "Fungus2_32",
        "pname": "back_colorfull_fill",
        "position": {
          "$type": "DecorationMaster.V2, DecorationMaster",
          "x": 29.4429283,
          "y": 1.35975647
        }
      },
      {
        "$type": "DecorationMaster.MyBehaviour.OtherBehaviour+BackColorFill+PartResizeColor, DecorationMaster",
        "size_x": 2.0,
        "size_y": 2.0,
        "angle": 0,
        "Order": 0,
        "A": 0.0,
        "R": 0.923098445,
        "G": 0.762304246,
        "B": 0.279921681,
        "sceneName": "Fungus2_32",
        "pname": "back_colorfull_fill",
        "position": {
          "$type": "DecorationMaster.V2, DecorationMaster",
          "x": 22.2398338,
          "y": 0.5125284
        }
      },
      {
        "$type": "DecorationMaster.MyBehaviour.OtherBehaviour+BackColorFill+PartResizeColor, DecorationMaster",
        "size_x": 2.0,
        "size_y": 2.0,
        "angle": 0,
        "Order": 0,
        "A": 0.0,
        "R": 0.923098445,
        "G": 0.762304246,
        "B": 0.279921681,
        "sceneName": "Fungus2_32",
        "pname": "back_colorfull_fill",
        "position": {
          "$type": "DecorationMaster.V2, DecorationMaster",
          "x": 15.2918377,
          "y": -0.186065674
        }
      },
      {
        "$type": "DecorationMaster.MyBehaviour.OtherBehaviour+BackColorFill+PartResizeColor, DecorationMaster",
        "size_x": 2.0,
        "size_y": 2.0,
        "angle": 0,
        "Order": 0,
        "A": 0.0,
        "R": 0.923098445,
        "G": 0.762304246,
        "B": 0.279921681,
        "sceneName": "Fungus2_32",
        "pname": "back_colorfull_fill",
        "position": {
          "$type": "DecorationMaster.V2, DecorationMaster",
          "x": 7.653323,
          "y": -1.07888985
        }
      },
      {
        "$type": "DecorationMaster.ItemDef+DefatulResizeItem, DecorationMaster",
        "size": 1.0,
        "angle": 0,
        "sceneName": "Fungus2_32",
        "pname": "IMG_MothwingCloak",
        "position": {
          "$type": "DecorationMaster.V2, DecorationMaster",
          "x": 47.58677,
          "y": 46.19648
        }
      },
      {
        "$type": "DecorationMaster.ItemDef+DefaultItem, DecorationMaster",
        "sceneName": "Fungus2_32",
        "pname": "IMG_recoverDash",
        "position": {
          "$type": "DecorationMaster.V2, DecorationMaster",
          "x": 52.1761131,
          "y": 8.818405
        }
      },
      {
        "$type": "DecorationMaster.ItemDef+SawItem, DecorationMaster",
        "span": 3,
        "speed": 0,
        "pitch": 1.0,
        "volume": 0.545581639,
        "Center": {
          "$type": "DecorationMaster.V2, DecorationMaster",
          "x": 52.1732941,
          "y": 1.55133247
        },
        "offset": 0,
        "size": 0.82,
        "angle": 0,
        "sceneName": "Fungus2_32",
        "pname": "HK_saw",
        "position": {
          "$type": "DecorationMaster.V2, DecorationMaster",
          "x": 52.1732941,
          "y": 1.55133247
        }
      }
    ]
  }
}