{
  "$type": "DecorationMaster.ItemSettings, DecorationMaster",
  "scene_name": "Fungus2_05",
  "mod_version": 0.5,
  "items": {
    "$type": "System.Collections.Generic.List`1[[DecorationMaster.Item, DecorationMaster]], mscorlib",
    "$values": [
      {
        "$type": "DecorationMaster.ItemDef+DefatulResizeItem, DecorationMaster",
        "size": 1.0,
        "angle": 0,
        "sceneName": "Fungus2_05",
        "pname": "white_thorn",
        "position": {
          "$type": "DecorationMaster.V2, DecorationMaster",
          "x": 16.26467,
          "y": 4.62572336
        }
      },
      {
        "$type": "DecorationMaster.ItemDef+DefatulResizeItem, DecorationMaster",
        "size": 1.0,
        "angle": 0,
        "sceneName": "Fungus2_05",
        "pname": "white_thorn",
        "position": {
          "$type": "DecorationMaster.V2, DecorationMaster",
          "x": 4.79192829,
          "y": 8.496348
        }
      },
      {
        "$type": "DecorationMaster.ItemDef+DefatulResizeItem, DecorationMaster",
        "size": 1.0,
        "angle": 0,
        "sceneName": "Fungus2_05",
        "pname": "white_spike",
        "position": {
          "$type": "DecorationMaster.V2, DecorationMaster",
          "x": 7.40141726,
          "y": 8.54134
        }
      },
      {
        "$type": "DecorationMaster.ItemDef+DefatulResizeItem, DecorationMaster",
        "size": 1.0,
        "angle": 0,
        "sceneName": "Fungus2_05",
        "pname": "white_spike",
        "position": {
          "$type": "DecorationMaster.V2, DecorationMaster",
          "x": 13.5802,
          "y": 4.415764
        }
      },
      {
        "$type": "DecorationMaster.ItemDef+DefaultItem, DecorationMaster",
        "sceneName": "Fungus2_05",
        "pname": "IMG_RespawnPoint",
        "position": {
          "$type": "DecorationMaster.V2, DecorationMaster",
          "x": 16.4596367,
          "y": 13.4153852
        }
      },
      {
        "$type": "DecorationMaster.ItemDef+DefaultItem, DecorationMaster",
        "sceneName": "Fungus2_05",
        "pname": "IMG_RespawnPoint",
        "position": {
          "$type": "DecorationMaster.V2, DecorationMaster",
          "x": 43.4027367,
          "y": 13.2809086
        }
      },
      {
        "$type": "DecorationMaster.MyBehaviour.DefaultBehaviour+SharedItem, DecorationMaster",
        "size": 1.0,
        "angle": 0,
        "sceneName": "Fungus2_05",
        "pname": "HK_bounce_shroom",
        "position": {
          "$type": "DecorationMaster.V2, DecorationMaster",
          "x": 23.8595963,
          "y": 12.2461214
        }
      },
      {
        "$type": "DecorationMaster.MyBehaviour.DefaultBehaviour+SharedItem, DecorationMaster",
        "size": 1.0,
        "angle": 0,
        "sceneName": "Fungus2_05",
        "pname": "HK_bounce_shroom",
        "position": {
          "$type": "DecorationMaster.V2, DecorationMaster",
          "x": 34.7173347,
          "y": 12.321105
        }
      },
      {
        "$type": "DecorationMaster.MyBehaviour.DefaultBehaviour+SharedItem, DecorationMaster",
        "size": 1.0,
        "angle": 0,
        "sceneName": "Fungus2_05",
        "pname": "HK_bounce_shroom",
        "position": {
          "$type": "DecorationMaster.V2, DecorationMaster",
          "x": 34.69146,
          "y": 13.4758787
        }
      },
      {
        "$type": "DecorationMaster.MyBehaviour.DefaultBehaviour+SharedItem, DecorationMaster",
        "size": 1.0,
        "angle": 0,
        "sceneName": "Fungus2_05",
        "pname": "HK_bounce_shroom",
        "position": {
          "$type": "DecorationMaster.V2, DecorationMaster",
          "x": 23.8485928,
          "y": 13.4458838
        }
      },
      {
        "$type": "DecorationMaster.MyBehaviour.DefaultBehaviour+SharedItem, DecorationMaster",
        "size": 1.54,
        "angle": 0,
        "sceneName": "Fungus2_05",
        "pname": "HK_bounce_shroom",
        "position": {
          "$type": "DecorationMaster.V2, DecorationMaster",
          "x": 29.27487,
          "y": 12.5760565
        }
      },
      {
        "$type": "DecorationMaster.MyBehaviour.DefaultBehaviour+SharedItem, DecorationMaster",
        "size": 1.0,
        "angle": 0,
        "sceneName": "Fungus2_05",
        "pname": "HK_bounce_shroom",
        "position": {
          "$type": "DecorationMaster.V2, DecorationMaster",
          "x": 30.7358437,
          "y": 12.1711349
        }
      },
      {
        "$type": "DecorationMaster.MyBehaviour.DefaultBehaviour+SharedItem, DecorationMaster",
        "size": 1.0,
        "angle": 0,
        "sceneName": "Fungus2_05",
        "pname": "HK_bounce_shroom",
        "position": {
          "$type": "DecorationMaster.V2, DecorationMaster",
          "x": 27.970129,
          "y": 12.1111479
        }
      },
      {
        "$type": "DecorationMaster.ItemDef+DefatulResizeItem, DecorationMaster",
        "size": 1.54,
        "angle": 270,
        "sceneName": "Fungus2_05",
        "pname": "white_thorn",
        "position": {
          "$type": "DecorationMaster.V2, DecorationMaster",
          "x": 15.5225677,
          "y": 19.6996555
        }
      },
      {
        "$type": "DecorationMaster.ItemDef+DefatulResizeItem, DecorationMaster",
        "size": 1.54,
        "angle": 90,
        "sceneName": "Fungus2_05",
        "pname": "white_thorn",
        "position": {
          "$type": "DecorationMaster.V2, DecorationMaster",
          "x": 43.6126938,
          "y": 19.87962
        }
      },
      {
        "$type": "DecorationMaster.ItemDef+DefatulResizeItem, DecorationMaster",
        "size": 2.0,
        "angle": 180,
        "sceneName": "Fungus2_05",
        "pname": "white_thorn",
        "position": {
          "$type": "DecorationMaster.V2, DecorationMaster",
          "x": 30.1573868,
          "y": 22.3391342
        }
      },
      {
        "$type": "DecorationMaster.ItemDef+DefatulResizeItem, DecorationMaster",
        "size": 2.0,
        "angle": 180,
        "sceneName": "Fungus2_05",
        "pname": "white_thorn",
        "position": {
          "$type": "DecorationMaster.V2, DecorationMaster",
          "x": 38.4807472,
          "y": 22.3991241
        }
      },
      {
        "$type": "DecorationMaster.ItemDef+DefatulResizeItem, DecorationMaster",
        "size": 2.0,
        "angle": 180,
        "sceneName": "Fungus2_05",
        "pname": "white_thorn",
        "position": {
          "$type": "DecorationMaster.V2, DecorationMaster",
          "x": 21.5064,
          "y": 22.3841267
        }
      },
      {
        "$type": "DecorationMaster.ItemDef+DefatulResizeItem, DecorationMaster",
        "size": 2.0,
        "angle": 180,
        "sceneName": "Fungus2_05",
        "pname": "white_thorn",
        "position": {
          "$type": "DecorationMaster.V2, DecorationMaster",
          "x": 25.5412483,
          "y": 22.47411
        }
      },
      {
        "$type": "DecorationMaster.ItemDef+DefatulResizeItem, DecorationMaster",
        "size": 2.0,
        "angle": 180,
        "sceneName": "Fungus2_05",
        "pname": "white_thorn",
        "position": {
          "$type": "DecorationMaster.V2, DecorationMaster",
          "x": 34.13456,
          "y": 22.2791481
        }
      },
      {
        "$type": "DecorationMaster.MyBehaviour.DefaultBehaviour+SharedItem, DecorationMaster",
        "size": 1.0,
        "angle": 0,
        "sceneName": "Fungus2_05",
        "pname": "HK_bounce_shroom",
        "position": {
          "$type": "DecorationMaster.V2, DecorationMaster",
          "x": 41.9927673,
          "y": 12.0439587
        }
      },
      {
        "$type": "DecorationMaster.MyBehaviour.DefaultBehaviour+SharedItem, DecorationMaster",
        "size": 1.0,
        "angle": 0,
        "sceneName": "Fungus2_05",
        "pname": "HK_bounce_shroom",
        "position": {
          "$type": "DecorationMaster.V2, DecorationMaster",
          "x": 17.0449371,
          "y": 12.0257664
        }
      },
      {
        "$type": "DecorationMaster.ItemDef+DefatulResizeItem, DecorationMaster",
        "size": 2.0,
        "angle": 180,
        "sceneName": "Fungus2_05",
        "pname": "white_spike",
        "position": {
          "$type": "DecorationMaster.V2, DecorationMaster",
          "x": 56.6394844,
          "y": 15.8004131
        }
      },
      {
        "$type": "DecorationMaster.ItemDef+DefatulResizeItem, DecorationMaster",
        "size": 2.0,
        "angle": 180,
        "sceneName": "Fungus2_05",
        "pname": "white_spike",
        "position": {
          "$type": "DecorationMaster.V2, DecorationMaster",
          "x": 60.5087166,
          "y": 15.8454037
        }
      },
      {
        "$type": "DecorationMaster.ItemDef+DefatulResizeItem, DecorationMaster",
        "size": 2.0,
        "angle": 180,
        "sceneName": "Fungus2_05",
        "pname": "white_spike",
        "position": {
          "$type": "DecorationMaster.V2, DecorationMaster",
          "x": 64.52793,
          "y": 15.7704191
        }
      },
      {
        "$type": "DecorationMaster.ItemDef+DefatulResizeItem, DecorationMaster",
        "size": 2.0,
        "angle": 180,
        "sceneName": "Fungus2_05",
        "pname": "white_spike",
        "position": {
          "$type": "DecorationMaster.V2, DecorationMaster",
          "x": 68.51714,
          "y": 15.8753977
        }
      },
      {
        "$type": "DecorationMaster.ItemDef+DefatulResizeItem, DecorationMaster",
        "size": 2.0,
        "angle": 180,
        "sceneName": "Fungus2_05",
        "pname": "white_spike",
        "position": {
          "$type": "DecorationMaster.V2, DecorationMaster",
          "x": 72.51761,
          "y": 15.8753977
        }
      },
      {
        "$type": "DecorationMaster.ItemDef+DefaultItem, DecorationMaster",
        "sceneName": "Fungus2_05",
        "pname": "binoculars",
        "position": {
          "$type": "DecorationMaster.V2, DecorationMaster",
          "x": 52.5914078,
          "y": 13.94078
        }
      },
      {
        "$type": "DecorationMaster.ItemDef+DefatulResizeItem, DecorationMaster",
        "size": 1.0,
        "angle": 0,
        "sceneName": "Fungus2_05",
        "pname": "white_thorn",
        "position": {
          "$type": "DecorationMaster.V2, DecorationMaster",
          "x": 65.0191,
          "y": 10.7164154
        }
      },
      {
        "$type": "DecorationMaster.ItemDef+DefatulResizeItem, DecorationMaster",
        "size": 1.0,
        "angle": 0,
        "sceneName": "Fungus2_05",
        "pname": "white_thorn",
        "position": {
          "$type": "DecorationMaster.V2, DecorationMaster",
          "x": 61.0148773,
          "y": 10.58144
        }
      },
      {
        "$type": "DecorationMaster.ItemDef+DefatulResizeItem, DecorationMaster",
        "size": 1.0,
        "angle": 0,
        "sceneName": "Fungus2_05",
        "pname": "white_thorn",
        "position": {
          "$type": "DecorationMaster.V2, DecorationMaster",
          "x": 63.0694733,
          "y": 10.611434
        }
      },
      {
        "$type": "DecorationMaster.MyBehaviour.DefaultBehaviour+SharedItem, DecorationMaster",
        "size": 1.0,
        "angle": 0,
        "sceneName": "Fungus2_05",
        "pname": "HK_garden_plat_s",
        "position": {
          "$type": "DecorationMaster.V2, DecorationMaster",
          "x": 60.9324455,
          "y": 11.2113266
        }
      },
      {
        "$type": "DecorationMaster.MyBehaviour.DefaultBehaviour+SharedItem, DecorationMaster",
        "size": 1.0,
        "angle": 0,
        "sceneName": "Fungus2_05",
        "pname": "HK_garden_plat_s",
        "position": {
          "$type": "DecorationMaster.V2, DecorationMaster",
          "x": 62.5821266,
          "y": 11.2113266
        }
      },
      {
        "$type": "DecorationMaster.MyBehaviour.DefaultBehaviour+SharedItem, DecorationMaster",
        "size": 1.0,
        "angle": 0,
        "sceneName": "Fungus2_05",
        "pname": "HK_garden_plat_s",
        "position": {
          "$type": "DecorationMaster.V2, DecorationMaster",
          "x": 64.2467957,
          "y": 11.1963291
        }
      },
      {
        "$type": "DecorationMaster.MyBehaviour.DefaultBehaviour+SharedItem, DecorationMaster",
        "size": 1.0,
        "angle": 0,
        "sceneName": "Fungus2_05",
        "pname": "HK_garden_plat_s",
        "position": {
          "$type": "DecorationMaster.V2, DecorationMaster",
          "x": 65.88147,
          "y": 11.1813316
        }
      },
      {
        "$type": "DecorationMaster.ItemDef+DefaultItem, DecorationMaster",
        "sceneName": "Fungus2_05",
        "pname": "IMG_RespawnPoint",
        "position": {
          "$type": "DecorationMaster.V2, DecorationMaster",
          "x": 54.35619,
          "y": 13.6108551
        }
      },
      {
        "$type": "DecorationMaster.MyBehaviour.DefaultBehaviour+SharedItem, DecorationMaster",
        "size": 1.18000007,
        "angle": 180,
        "sceneName": "Fungus2_05",
        "pname": "HK_soul_totem",
        "position": {
          "$type": "DecorationMaster.V2, DecorationMaster",
          "x": 50.9262,
          "y": 21.1093674
        }
      }
    ]
  }
}