{
  "$type": "DecorationMaster.ItemSettings, DecorationMaster",
  "scene_name": "gg hegemol",
  "mod_version": 0.5,
  "items": {
    "$type": "System.Collections.Generic.List`1[[DecorationMaster.Item, DecorationMaster]], mscorlib",
    "$values": [
      {
        "$type": "DecorationMaster.MyBehaviour.DefaultBehaviour+SharedItem, DecorationMaster",
        "size": 1.54,
        "angle": 0,
        "sceneName": "gg hegemol",
        "pname": "HK_crystal_barrel",
        "position": {
          "$type": "DecorationMaster.V2, DecorationMaster",
          "x": 29.769558,
          "y": 34.46133
        }
      },
      {
        "$type": "DecorationMaster.MyBehaviour.DefaultBehaviour+SharedItem, DecorationMaster",
        "size": 1.0,
        "angle": 0,
        "sceneName": "gg hegemol",
        "pname": "HK_crystal_barrel",
        "position": {
          "$type": "DecorationMaster.V2, DecorationMaster",
          "x": 28.6147823,
          "y": 33.8914452
        }
      },
      {
        "$type": "DecorationMaster.MyBehaviour.DefaultBehaviour+SharedItem, DecorationMaster",
        "size": 1.3599999,
        "angle": 0,
        "sceneName": "gg hegemol",
        "pname": "HK_crystal_barrel",
        "position": {
          "$type": "DecorationMaster.V2, DecorationMaster",
          "x": 27.205061,
          "y": 34.2663727
        }
      },
      {
        "$type": "DecorationMaster.MyBehaviour.DefaultBehaviour+SharedItem, DecorationMaster",
        "size": 0.82,
        "angle": 0,
        "sceneName": "gg hegemol",
        "pname": "HK_crystal_barrel",
        "position": {
          "$type": "DecorationMaster.V2, DecorationMaster",
          "x": 25.9453068,
          "y": 33.8314552
        }
      },
      {
        "$type": "DecorationMaster.MyBehaviour.DefaultBehaviour+SharedItem, DecorationMaster",
        "size": 1.0,
        "angle": 85,
        "sceneName": "gg hegemol",
        "pname": "HK_crystal_barrel",
        "position": {
          "$type": "DecorationMaster.V2, DecorationMaster",
          "x": 25.030489,
          "y": 33.4715233
        }
      },
      {
        "$type": "DecorationMaster.MyBehaviour.DefaultBehaviour+SharedItem, DecorationMaster",
        "size": 1.18000007,
        "angle": 0,
        "sceneName": "gg hegemol",
        "pname": "HK_crystal_barrel",
        "position": {
          "$type": "DecorationMaster.V2, DecorationMaster",
          "x": 23.81573,
          "y": 34.1163979
        }
      },
      {
        "$type": "DecorationMaster.MyBehaviour.DefaultBehaviour+SharedItem, DecorationMaster",
        "size": 1.0,
        "angle": 0,
        "sceneName": "gg hegemol",
        "pname": "HK_crystal_barrel",
        "position": {
          "$type": "DecorationMaster.V2, DecorationMaster",
          "x": 31.3142529,
          "y": 33.9364357
        }
      },
      {
        "$type": "DecorationMaster.MyBehaviour.DefaultBehaviour+SharedItem, DecorationMaster",
        "size": 1.45889258,
        "angle": 275,
        "sceneName": "gg hegemol",
        "pname": "HK_crystal_barrel",
        "position": {
          "$type": "DecorationMaster.V2, DecorationMaster",
          "x": 32.96393,
          "y": 33.6364937
        }
      },
      {
        "$type": "DecorationMaster.MyBehaviour.DefaultBehaviour+SharedItem, DecorationMaster",
        "size": 1.3599999,
        "angle": 0,
        "sceneName": "gg hegemol",
        "pname": "HK_crystal_barrel",
        "position": {
          "$type": "DecorationMaster.V2, DecorationMaster",
          "x": 34.56861,
          "y": 34.1163979
        }
      },
      {
        "$type": "DecorationMaster.MyBehaviour.DefaultBehaviour+SharedItem, DecorationMaster",
        "size": 1.0,
        "angle": 0,
        "sceneName": "gg hegemol",
        "pname": "HK_crystal_barrel",
        "position": {
          "$type": "DecorationMaster.V2, DecorationMaster",
          "x": 22.8709145,
          "y": 33.6065025
        }
      },
      {
        "$type": "DecorationMaster.MyBehaviour.DefaultBehaviour+SharedItem, DecorationMaster",
        "size": 2.0,
        "angle": 0,
        "sceneName": "gg hegemol",
        "pname": "HK_crystal_barrel",
        "position": {
          "$type": "DecorationMaster.V2, DecorationMaster",
          "x": 11.8180122,
          "y": 27.778986
        }
      },
      {
        "$type": "DecorationMaster.MyBehaviour.DefaultBehaviour+SharedItem, DecorationMaster",
        "size": 2.0,
        "angle": 0,
        "sceneName": "gg hegemol",
        "pname": "HK_crystal_barrel",
        "position": {
          "$type": "DecorationMaster.V2, DecorationMaster",
          "x": 44.93982,
          "y": 27.9515629
        }
      },
      {
        "$type": "DecorationMaster.ItemDef+DefaultItem, DecorationMaster",
        "sceneName": "gg hegemol",
        "pname": "IMG_fireball",
        "position": {
          "$type": "DecorationMaster.V2, DecorationMaster",
          "x": 26.1523438,
          "y": 103.0245
        }
      },
      {
        "$type": "DecorationMaster.ItemDef+DefaultItem, DecorationMaster",
        "sceneName": "gg hegemol",
        "pname": "IMG_quake",
        "position": {
          "$type": "DecorationMaster.V2, DecorationMaster",
          "x": 28.3269157,
          "y": 103.0245
        }
      },
      {
        "$type": "DecorationMaster.ItemDef+DefaultItem, DecorationMaster",
        "sceneName": "gg hegemol",
        "pname": "IMG_scream",
        "position": {
          "$type": "DecorationMaster.V2, DecorationMaster",
          "x": 30.5164852,
          "y": 103.0245
        }
      },
      {
        "$type": "DecorationMaster.ItemDef+DefatulResizeItem, DecorationMaster",
        "size": 1.18000007,
        "angle": 0,
        "sceneName": "gg hegemol",
        "pname": "jarcol_floor",
        "position": {
          "$type": "DecorationMaster.V2, DecorationMaster",
          "x": 28.5789623,
          "y": 32.34426
        }
      },
      {
        "$type": "DecorationMaster.ItemDef+DefatulResizeItem, DecorationMaster",
        "size": 0.82,
        "angle": 0,
        "sceneName": "gg hegemol",
        "pname": "white_spike",
        "position": {
          "$type": "DecorationMaster.V2, DecorationMaster",
          "x": 22.4408436,
          "y": 33.47623
        }
      },
      {
        "$type": "DecorationMaster.ItemDef+DefatulResizeItem, DecorationMaster",
        "size": 0.82,
        "angle": 0,
        "sceneName": "gg hegemol",
        "pname": "white_spike",
        "position": {
          "$type": "DecorationMaster.V2, DecorationMaster",
          "x": 34.74575,
          "y": 33.4912262
        }
      },
      {
        "$type": "DecorationMaster.MyBehaviour.Particle+CrystalDropping+ParticleItem, DecorationMaster",
        "xspeed": 8,
        "rate": 1,
        "sceneName": "gg hegemol",
        "pname": "HK_crystal_dropping",
        "position": {
          "$type": "DecorationMaster.V2, DecorationMaster",
          "x": 44.72106,
          "y": 42.15653
        }
      },
      {
        "$type": "DecorationMaster.MyBehaviour.Particle+CrystalDropping+ParticleItem, DecorationMaster",
        "xspeed": -8,
        "rate": 1,
        "sceneName": "gg hegemol",
        "pname": "HK_crystal_dropping",
        "position": {
          "$type": "DecorationMaster.V2, DecorationMaster",
          "x": 12.1384354,
          "y": 41.9915581
        }
      },
      {
        "$type": "DecorationMaster.ItemDef+DefatulResizeItem, DecorationMaster",
        "size": 2.0,
        "angle": 240,
        "sceneName": "gg hegemol",
        "pname": "white_thorn",
        "position": {
          "$type": "DecorationMaster.V2, DecorationMaster",
          "x": 11.7973776,
          "y": 39.1770248
        }
      },
      {
        "$type": "DecorationMaster.ItemDef+DefatulResizeItem, DecorationMaster",
        "size": 2.0,
        "angle": 125,
        "sceneName": "gg hegemol",
        "pname": "white_thorn",
        "position": {
          "$type": "DecorationMaster.V2, DecorationMaster",
          "x": 44.7719078,
          "y": 39.74669
        }
      },
      {
        "$type": "DecorationMaster.ItemDef+SawItem, DecorationMaster",
        "span": 3,
        "speed": 0,
        "pitch": 1.0,
        "volume": 1.0,
        "Center": {
          "$type": "DecorationMaster.V2, DecorationMaster",
          "x": 28.7772846,
          "y": 42.2767525
        },
        "offset": 0,
        "size": 1.72,
        "angle": 0,
        "sceneName": "gg hegemol",
        "pname": "HK_saw",
        "position": {
          "$type": "DecorationMaster.V2, DecorationMaster",
          "x": 28.7772846,
          "y": 42.2767525
        }
      },
      {
        "$type": "DecorationMaster.MyBehaviour.DefaultBehaviour+SharedItem, DecorationMaster",
        "size": 0.279999971,
        "angle": 0,
        "sceneName": "gg hegemol",
        "pname": "HK_bounce_shroom",
        "position": {
          "$type": "DecorationMaster.V2, DecorationMaster",
          "x": 28.67571,
          "y": 32.25927
        }
      },
      {
        "$type": "DecorationMaster.MyBehaviour.DefaultBehaviour+SharedItem, DecorationMaster",
        "size": 0.279999971,
        "angle": 0,
        "sceneName": "gg hegemol",
        "pname": "HK_bounce_shroom",
        "position": {
          "$type": "DecorationMaster.V2, DecorationMaster",
          "x": 27.5209389,
          "y": 32.24427
        }
      },
      {
        "$type": "DecorationMaster.MyBehaviour.DefaultBehaviour+SharedItem, DecorationMaster",
        "size": 0.279999971,
        "angle": 0,
        "sceneName": "gg hegemol",
        "pname": "HK_bounce_shroom",
        "position": {
          "$type": "DecorationMaster.V2, DecorationMaster",
          "x": 26.3811646,
          "y": 32.24427
        }
      },
      {
        "$type": "DecorationMaster.MyBehaviour.DefaultBehaviour+SharedItem, DecorationMaster",
        "size": 0.279999971,
        "angle": 0,
        "sceneName": "gg hegemol",
        "pname": "HK_bounce_shroom",
        "position": {
          "$type": "DecorationMaster.V2, DecorationMaster",
          "x": 25.3463669,
          "y": 32.25927
        }
      },
      {
        "$type": "DecorationMaster.MyBehaviour.DefaultBehaviour+SharedItem, DecorationMaster",
        "size": 0.279999971,
        "angle": 0,
        "sceneName": "gg hegemol",
        "pname": "HK_bounce_shroom",
        "position": {
          "$type": "DecorationMaster.V2, DecorationMaster",
          "x": 24.41655,
          "y": 32.25927
        }
      },
      {
        "$type": "DecorationMaster.MyBehaviour.DefaultBehaviour+SharedItem, DecorationMaster",
        "size": 0.279999971,
        "angle": 0,
        "sceneName": "gg hegemol",
        "pname": "HK_bounce_shroom",
        "position": {
          "$type": "DecorationMaster.V2, DecorationMaster",
          "x": 23.56172,
          "y": 32.2742653
        }
      },
      {
        "$type": "DecorationMaster.MyBehaviour.DefaultBehaviour+SharedItem, DecorationMaster",
        "size": 0.279999971,
        "angle": 0,
        "sceneName": "gg hegemol",
        "pname": "HK_bounce_shroom",
        "position": {
          "$type": "DecorationMaster.V2, DecorationMaster",
          "x": 22.70689,
          "y": 32.2742653
        }
      },
      {
        "$type": "DecorationMaster.MyBehaviour.DefaultBehaviour+SharedItem, DecorationMaster",
        "size": 0.279999971,
        "angle": 0,
        "sceneName": "gg hegemol",
        "pname": "HK_bounce_shroom",
        "position": {
          "$type": "DecorationMaster.V2, DecorationMaster",
          "x": 29.7704983,
          "y": 32.2292747
        }
      },
      {
        "$type": "DecorationMaster.MyBehaviour.DefaultBehaviour+SharedItem, DecorationMaster",
        "size": 0.279999971,
        "angle": 0,
        "sceneName": "gg hegemol",
        "pname": "HK_bounce_shroom",
        "position": {
          "$type": "DecorationMaster.V2, DecorationMaster",
          "x": 30.86528,
          "y": 32.2292747
        }
      },
      {
        "$type": "DecorationMaster.MyBehaviour.DefaultBehaviour+SharedItem, DecorationMaster",
        "size": 0.279999971,
        "angle": 0,
        "sceneName": "gg hegemol",
        "pname": "HK_bounce_shroom",
        "position": {
          "$type": "DecorationMaster.V2, DecorationMaster",
          "x": 32.05005,
          "y": 32.2292747
        }
      },
      {
        "$type": "DecorationMaster.MyBehaviour.DefaultBehaviour+SharedItem, DecorationMaster",
        "size": 0.279999971,
        "angle": 0,
        "sceneName": "gg hegemol",
        "pname": "HK_bounce_shroom",
        "position": {
          "$type": "DecorationMaster.V2, DecorationMaster",
          "x": 33.0248566,
          "y": 32.2142754
        }
      },
      {
        "$type": "DecorationMaster.MyBehaviour.DefaultBehaviour+SharedItem, DecorationMaster",
        "size": 0.279999971,
        "angle": 0,
        "sceneName": "gg hegemol",
        "pname": "HK_bounce_shroom",
        "position": {
          "$type": "DecorationMaster.V2, DecorationMaster",
          "x": 33.90968,
          "y": 32.24427
        }
      },
      {
        "$type": "DecorationMaster.MyBehaviour.DefaultBehaviour+SharedItem, DecorationMaster",
        "size": 0.279999971,
        "angle": 0,
        "sceneName": "gg hegemol",
        "pname": "HK_bounce_shroom",
        "position": {
          "$type": "DecorationMaster.V2, DecorationMaster",
          "x": 34.7645149,
          "y": 32.25927
        }
      },
      {
        "$type": "DecorationMaster.ItemDef+SawItem, DecorationMaster",
        "span": 3,
        "speed": 0,
        "pitch": 1.0,
        "volume": 0.0,
        "Center": {
          "$type": "DecorationMaster.V2, DecorationMaster",
          "x": 28.814558,
          "y": 25.74626
        },
        "offset": 0,
        "size": 1.25550342,
        "angle": 0,
        "sceneName": "gg hegemol",
        "pname": "HK_saw",
        "position": {
          "$type": "DecorationMaster.V2, DecorationMaster",
          "x": 28.814558,
          "y": 25.74626
        }
      },
      {
        "$type": "DecorationMaster.ItemDef+TempPlatItem, DecorationMaster",
        "size": 1.18000007,
        "angle": 0,
        "Time": 2,
        "Offset": 0,
        "sceneName": "gg hegemol",
        "pname": "twinkle_platform",
        "position": {
          "$type": "DecorationMaster.V2, DecorationMaster",
          "x": 22.5281734,
          "y": 29.2227669
        }
      },
      {
        "$type": "DecorationMaster.ItemDef+TempPlatItem, DecorationMaster",
        "size": 1.18000007,
        "angle": 180,
        "Time": 2,
        "Offset": 0,
        "sceneName": "gg hegemol",
        "pname": "twinkle_platform",
        "position": {
          "$type": "DecorationMaster.V2, DecorationMaster",
          "x": 34.66501,
          "y": 29.2377663
        }
      },
      {
        "$type": "DecorationMaster.ItemDef+DefaultItem, DecorationMaster",
        "sceneName": "gg hegemol",
        "pname": "IMG_RespawnPoint",
        "position": {
          "$type": "DecorationMaster.V2, DecorationMaster",
          "x": 36.8891068,
          "y": 28.5058
        }
      },
      {
        "$type": "DecorationMaster.ItemDef+DefaultItem, DecorationMaster",
        "sceneName": "gg hegemol",
        "pname": "IMG_RespawnPoint",
        "position": {
          "$type": "DecorationMaster.V2, DecorationMaster",
          "x": 20.8307381,
          "y": 28.5669518
        }
      },
      {
        "$type": "DecorationMaster.ItemDef+DefaultItem, DecorationMaster",
        "sceneName": "gg hegemol",
        "pname": "IMG_RespawnPoint",
        "position": {
          "$type": "DecorationMaster.V2, DecorationMaster",
          "x": 28.832922,
          "y": 35.4794235
        }
      }
    ]
  }
}