{
  "$type": "DecorationMaster.ItemSettings, DecorationMaster",
  "scene_name": "GG_False_Knight",
  "mod_version": 0.4,
  "items": {
    "$type": "System.Collections.Generic.List`1[[DecorationMaster.Item, DecorationMaster]], mscorlib",
    "$values": [
      {
        "$type": "DecorationMaster.ItemDef+TempPlatItem, DecorationMaster",
        "size": 1.3599999,
        "angle": 270,
        "Time": 3,
        "Offset": 0,
        "sceneName": "GG_False_Knight",
        "pname": "twinkle_platform",
        "position": {
          "$type": "DecorationMaster.V2, DecorationMaster",
          "x": 41.85342,
          "y": 32.53614
        }
      },
      {
        "$type": "DecorationMaster.ItemDef+TempPlatItem, DecorationMaster",
        "size": 1.3599999,
        "angle": 270,
        "Time": 3,
        "Offset": 0,
        "sceneName": "GG_False_Knight",
        "pname": "twinkle_platform",
        "position": {
          "$type": "DecorationMaster.V2, DecorationMaster",
          "x": 15.1336327,
          "y": 32.3557434
        }
      },
      {
        "$type": "DecorationMaster.ItemDef+TempPlatItem, DecorationMaster",
        "size": 1.3599999,
        "angle": 270,
        "Time": 3,
        "Offset": 0,
        "sceneName": "GG_False_Knight",
        "pname": "twinkle_platform",
        "position": {
          "$type": "DecorationMaster.V2, DecorationMaster",
          "x": 28.2457085,
          "y": 32.3038368
        }
      },
      {
        "$type": "DecorationMaster.ItemDef+DefatulResizeItem, DecorationMaster",
        "size": 1.0,
        "angle": 0,
        "sceneName": "GG_False_Knight",
        "pname": "white_thorn",
        "position": {
          "$type": "DecorationMaster.V2, DecorationMaster",
          "x": 21.11711,
          "y": 26.6419525
        }
      },
      {
        "$type": "DecorationMaster.ItemDef+SawItem, DecorationMaster",
        "span": 3,
        "speed": 0,
        "pitch": 1.0,
        "volume": 1.0,
        "Center": {
          "$type": "DecorationMaster.V2, DecorationMaster",
          "x": 34.7422867,
          "y": 39.45833
        },
        "offset": 0,
        "size": 1.0,
        "angle": 0,
        "sceneName": "GG_False_Knight",
        "pname": "HK_saw",
        "position": {
          "$type": "DecorationMaster.V2, DecorationMaster",
          "x": 34.7422867,
          "y": 39.45833
        }
      },
      {
        "$type": "DecorationMaster.ItemDef+SawItem, DecorationMaster",
        "span": 3,
        "speed": 0,
        "pitch": 1.0,
        "volume": 1.0,
        "Center": {
          "$type": "DecorationMaster.V2, DecorationMaster",
          "x": 21.1234,
          "y": 39.3981972
        },
        "offset": 0,
        "size": 1.0,
        "angle": 0,
        "sceneName": "GG_False_Knight",
        "pname": "HK_saw",
        "position": {
          "$type": "DecorationMaster.V2, DecorationMaster",
          "x": 21.1234,
          "y": 39.3981972
        }
      },
      {
        "$type": "DecorationMaster.ItemDef+DefaultItem, DecorationMaster",
        "sceneName": "GG_False_Knight",
        "pname": "IMG_fireball",
        "position": {
          "$type": "DecorationMaster.V2, DecorationMaster",
          "x": 24.9759426,
          "y": 43.9774323
        }
      },
      {
        "$type": "DecorationMaster.ItemDef+DefaultItem, DecorationMaster",
        "sceneName": "GG_False_Knight",
        "pname": "IMG_quake",
        "position": {
          "$type": "DecorationMaster.V2, DecorationMaster",
          "x": 27.34513,
          "y": 44.132946
        }
      },
      {
        "$type": "DecorationMaster.ItemDef+DefaultItem, DecorationMaster",
        "sceneName": "GG_False_Knight",
        "pname": "IMG_scream",
        "position": {
          "$type": "DecorationMaster.V2, DecorationMaster",
          "x": 29.7811928,
          "y": 43.91474
        }
      },
      {
        "$type": "DecorationMaster.ItemDef+DefatulResizeItem, DecorationMaster",
        "size": 1.0,
        "angle": 0,
        "sceneName": "GG_False_Knight",
        "pname": "white_spike",
        "position": {
          "$type": "DecorationMaster.V2, DecorationMaster",
          "x": 15.3762274,
          "y": 26.6159458
        }
      },
      {
        "$type": "DecorationMaster.ItemDef+DefaultItem, DecorationMaster",
        "sceneName": "GG_False_Knight",
        "pname": "IMG_RespawnPoint",
        "position": {
          "$type": "DecorationMaster.V2, DecorationMaster",
          "x": 17.2058544,
          "y": 28.4155674
        }
      },
      {
        "$type": "DecorationMaster.ItemDef+DefaultItem, DecorationMaster",
        "sceneName": "GG_False_Knight",
        "pname": "IMG_RespawnPoint",
        "position": {
          "$type": "DecorationMaster.V2, DecorationMaster",
          "x": 39.03396,
          "y": 28.475563
        }
      },
      {
        "$type": "DecorationMaster.ItemDef+DefatulResizeItem, DecorationMaster",
        "size": 1.0,
        "angle": 0,
        "sceneName": "GG_False_Knight",
        "pname": "white_spike",
        "position": {
          "$type": "DecorationMaster.V2, DecorationMaster",
          "x": 41.4634781,
          "y": 26.720932
        }
      },
      {
        "$type": "DecorationMaster.ItemDef+DefatulResizeItem, DecorationMaster",
        "size": 1.0,
        "angle": 0,
        "sceneName": "GG_False_Knight",
        "pname": "white_thorn",
        "position": {
          "$type": "DecorationMaster.V2, DecorationMaster",
          "x": 35.55878,
          "y": 26.67597
        }
      },
      {
        "$type": "DecorationMaster.ItemDef+DefatulResizeItem, DecorationMaster",
        "size": 1.0,
        "angle": 0,
        "sceneName": "GG_False_Knight",
        "pname": "white_thorn",
        "position": {
          "$type": "DecorationMaster.V2, DecorationMaster",
          "x": 21.144455,
          "y": 26.091116
        }
      },
      {
        "$type": "DecorationMaster.ItemDef+DefatulResizeItem, DecorationMaster",
        "size": 1.0,
        "angle": 0,
        "sceneName": "GG_False_Knight",
        "pname": "white_thorn",
        "position": {
          "$type": "DecorationMaster.V2, DecorationMaster",
          "x": 35.425827,
          "y": 26.13602
        }
      },
      {
        "$type": "DecorationMaster.ItemDef+DefaultItem, DecorationMaster",
        "sceneName": "GG_False_Knight",
        "pname": "HK_fly",
        "position": {
          "$type": "DecorationMaster.V2, DecorationMaster",
          "x": 28.44841,
          "y": 36.0426979
        }
      },
      {
        "$type": "DecorationMaster.ItemDef+DefaultItem, DecorationMaster",
        "sceneName": "GG_False_Knight",
        "pname": "HK_fly",
        "position": {
          "$type": "DecorationMaster.V2, DecorationMaster",
          "x": 15.010993,
          "y": 36.43007
        }
      },
      {
        "$type": "DecorationMaster.ItemDef+DefaultItem, DecorationMaster",
        "sceneName": "GG_False_Knight",
        "pname": "HK_fly",
        "position": {
          "$type": "DecorationMaster.V2, DecorationMaster",
          "x": 41.3369064,
          "y": 36.6938248
        }
      }
    ]
  }
}