{
  "$type": "DecorationMaster.ItemSettings, DecorationMaster",
  "scene_name": "GG_Ghost_Marmu_V",
  "mod_version": 0.4,
  "items": {
    "$type": "System.Collections.Generic.List`1[[DecorationMaster.Item, DecorationMaster]], mscorlib",
    "$values": [
      {
        "$type": "DecorationMaster.ItemDef+TempPlatItem, DecorationMaster",
        "size": 1.0,
        "angle": 270,
        "Time": 1,
        "Offset": 0,
        "sceneName": "GG_Ghost_Marmu_V",
        "pname": "twinkle_platform",
        "position": {
          "$type": "DecorationMaster.V2, DecorationMaster",
          "x": 59.8165169,
          "y": 15.2221756
        }
      },
      {
        "$type": "DecorationMaster.ItemDef+TempPlatItem, DecorationMaster",
        "size": 1.0,
        "angle": 270,
        "Time": 1,
        "Offset": 0,
        "sceneName": "GG_Ghost_Marmu_V",
        "pname": "twinkle_platform",
        "position": {
          "$type": "DecorationMaster.V2, DecorationMaster",
          "x": 77.26304,
          "y": 15.2221775
        }
      },
      {
        "$type": "DecorationMaster.ItemDef+TempPlatItem, DecorationMaster",
        "size": 1.0,
        "angle": 270,
        "Time": 1,
        "Offset": 0,
        "sceneName": "GG_Ghost_Marmu_V",
        "pname": "twinkle_platform",
        "position": {
          "$type": "DecorationMaster.V2, DecorationMaster",
          "x": 68.95496,
          "y": 18.0593376
        }
      },
      {
        "$type": "DecorationMaster.ItemDef+DefaultItem, DecorationMaster",
        "sceneName": "GG_Ghost_Marmu_V",
        "pname": "IMG_RespawnPoint",
        "position": {
          "$type": "DecorationMaster.V2, DecorationMaster",
          "x": 68.7,
          "y": 11.520627
        }
      },
      {
        "$type": "DecorationMaster.ItemDef+DefaultItem, DecorationMaster",
        "sceneName": "GG_Ghost_Marmu_V",
        "pname": "IMG_RespawnPoint",
        "position": {
          "$type": "DecorationMaster.V2, DecorationMaster",
          "x": 68.6999741,
          "y": 15.179904
        }
      }
    ]
  }
}