{
  "$type": "DecorationMaster.ItemSettings, DecorationMaster",
  "scene_name": "GG_Grimm_Nightmare",
  "mod_version": 0.4,
  "items": {
    "$type": "System.Collections.Generic.List`1[[DecorationMaster.Item, DecorationMaster]], mscorlib",
    "$values": [
      {
        "$type": "DecorationMaster.ItemDef+DefatulResizeItem, DecorationMaster",
        "size": 1.0,
        "angle": 355,
        "sceneName": "GG_Grimm_Nightmare",
        "pname": "white_thorn",
        "position": {
          "$type": "DecorationMaster.V2, DecorationMaster",
          "x": 69.9748,
          "y": 4.50048637
        }
      },
      {
        "$type": "DecorationMaster.ItemDef+DefatulResizeItem, DecorationMaster",
        "size": 1.0,
        "angle": 355,
        "sceneName": "GG_Grimm_Nightmare",
        "pname": "white_thorn",
        "position": {
          "$type": "DecorationMaster.V2, DecorationMaster",
          "x": 72.02768,
          "y": 4.50048637
        }
      },
      {
        "$type": "DecorationMaster.ItemDef+DefatulResizeItem, DecorationMaster",
        "size": 1.0,
        "angle": 355,
        "sceneName": "GG_Grimm_Nightmare",
        "pname": "white_thorn",
        "position": {
          "$type": "DecorationMaster.V2, DecorationMaster",
          "x": 74.1823044,
          "y": 4.514917
        }
      },
      {
        "$type": "DecorationMaster.ItemDef+DefatulResizeItem, DecorationMaster",
        "size": 1.0,
        "angle": 355,
        "sceneName": "GG_Grimm_Nightmare",
        "pname": "white_thorn",
        "position": {
          "$type": "DecorationMaster.V2, DecorationMaster",
          "x": 76.69278,
          "y": 4.513779
        }
      },
      {
        "$type": "DecorationMaster.ItemDef+DefatulResizeItem, DecorationMaster",
        "size": 1.0,
        "angle": 355,
        "sceneName": "GG_Grimm_Nightmare",
        "pname": "white_thorn",
        "position": {
          "$type": "DecorationMaster.V2, DecorationMaster",
          "x": 79.09205,
          "y": 4.49246836
        }
      },
      {
        "$type": "DecorationMaster.ItemDef+DefatulResizeItem, DecorationMaster",
        "size": 1.0,
        "angle": 355,
        "sceneName": "GG_Grimm_Nightmare",
        "pname": "white_thorn",
        "position": {
          "$type": "DecorationMaster.V2, DecorationMaster",
          "x": 81.4552155,
          "y": 4.501581
        }
      },
      {
        "$type": "DecorationMaster.ItemDef+DefatulResizeItem, DecorationMaster",
        "size": 1.0,
        "angle": 355,
        "sceneName": "GG_Grimm_Nightmare",
        "pname": "white_thorn",
        "position": {
          "$type": "DecorationMaster.V2, DecorationMaster",
          "x": 83.78392,
          "y": 4.50614834
        }
      },
      {
        "$type": "DecorationMaster.ItemDef+DefatulResizeItem, DecorationMaster",
        "size": 1.0,
        "angle": 355,
        "sceneName": "GG_Grimm_Nightmare",
        "pname": "white_thorn",
        "position": {
          "$type": "DecorationMaster.V2, DecorationMaster",
          "x": 86.4258347,
          "y": 4.486581
        }
      },
      {
        "$type": "DecorationMaster.ItemDef+DefatulResizeItem, DecorationMaster",
        "size": 1.0,
        "angle": 355,
        "sceneName": "GG_Grimm_Nightmare",
        "pname": "white_thorn",
        "position": {
          "$type": "DecorationMaster.V2, DecorationMaster",
          "x": 89.08767,
          "y": 4.49515867
        }
      },
      {
        "$type": "DecorationMaster.ItemDef+DefatulResizeItem, DecorationMaster",
        "size": 1.0,
        "angle": 355,
        "sceneName": "GG_Grimm_Nightmare",
        "pname": "white_thorn",
        "position": {
          "$type": "DecorationMaster.V2, DecorationMaster",
          "x": 95.04826,
          "y": 4.497121
        }
      },
      {
        "$type": "DecorationMaster.ItemDef+DefatulResizeItem, DecorationMaster",
        "size": 1.0,
        "angle": 355,
        "sceneName": "GG_Grimm_Nightmare",
        "pname": "white_thorn",
        "position": {
          "$type": "DecorationMaster.V2, DecorationMaster",
          "x": 97.8075,
          "y": 4.49852
        }
      },
      {
        "$type": "DecorationMaster.ItemDef+DefatulResizeItem, DecorationMaster",
        "size": 1.0,
        "angle": 355,
        "sceneName": "GG_Grimm_Nightmare",
        "pname": "white_thorn",
        "position": {
          "$type": "DecorationMaster.V2, DecorationMaster",
          "x": 100.285629,
          "y": 4.50190926
        }
      },
      {
        "$type": "DecorationMaster.ItemDef+DefatulResizeItem, DecorationMaster",
        "size": 1.0,
        "angle": 355,
        "sceneName": "GG_Grimm_Nightmare",
        "pname": "white_thorn",
        "position": {
          "$type": "DecorationMaster.V2, DecorationMaster",
          "x": 101.983643,
          "y": 4.503417
        }
      },
      {
        "$type": "DecorationMaster.ItemDef+DefatulResizeItem, DecorationMaster",
        "size": 1.0,
        "angle": 355,
        "sceneName": "GG_Grimm_Nightmare",
        "pname": "white_thorn",
        "position": {
          "$type": "DecorationMaster.V2, DecorationMaster",
          "x": 67.62722,
          "y": 3.624059
        }
      },
      {
        "$type": "DecorationMaster.ItemDef+DefatulResizeItem, DecorationMaster",
        "size": 1.0,
        "angle": 355,
        "sceneName": "GG_Grimm_Nightmare",
        "pname": "white_thorn",
        "position": {
          "$type": "DecorationMaster.V2, DecorationMaster",
          "x": 67.0585861,
          "y": 2.619575
        }
      },
      {
        "$type": "DecorationMaster.ItemDef+DefatulResizeItem, DecorationMaster",
        "size": 1.0,
        "angle": 355,
        "sceneName": "GG_Grimm_Nightmare",
        "pname": "white_thorn",
        "position": {
          "$type": "DecorationMaster.V2, DecorationMaster",
          "x": 66.4067154,
          "y": 1.78336668
        }
      },
      {
        "$type": "DecorationMaster.MyBehaviour.DefaultBehaviour+SharedItem, DecorationMaster",
        "size": 1.0,
        "angle": 0,
        "sceneName": "GG_Grimm_Nightmare",
        "pname": "HK_bounce_shroom",
        "position": {
          "$type": "DecorationMaster.V2, DecorationMaster",
          "x": 73.1115646,
          "y": 4.45634937
        }
      },
      {
        "$type": "DecorationMaster.MyBehaviour.DefaultBehaviour+SharedItem, DecorationMaster",
        "size": 1.0,
        "angle": 0,
        "sceneName": "GG_Grimm_Nightmare",
        "pname": "HK_bounce_shroom",
        "position": {
          "$type": "DecorationMaster.V2, DecorationMaster",
          "x": 97.30745,
          "y": 4.54769039
        }
      },
      {
        "$type": "DecorationMaster.MyBehaviour.DefaultBehaviour+SharedItem, DecorationMaster",
        "size": 0.2,
        "angle": 0,
        "sceneName": "GG_Grimm_Nightmare",
        "pname": "HK_platform_small",
        "position": {
          "$type": "DecorationMaster.V2, DecorationMaster",
          "x": 79.6652756,
          "y": 5.251193
        }
      },
      {
        "$type": "DecorationMaster.ItemDef+DefaultItem, DecorationMaster",
        "sceneName": "GG_Grimm_Nightmare",
        "pname": "IMG_RespawnPoint",
        "position": {
          "$type": "DecorationMaster.V2, DecorationMaster",
          "x": 79.78523,
          "y": 7.84568167
        }
      },
      {
        "$type": "DecorationMaster.MyBehaviour.DefaultBehaviour+SharedItem, DecorationMaster",
        "size": 1.0,
        "angle": 0,
        "sceneName": "GG_Grimm_Nightmare",
        "pname": "HK_bounce_shroom",
        "position": {
          "$type": "DecorationMaster.V2, DecorationMaster",
          "x": 90.43644,
          "y": 4.48244
        }
      },
      {
        "$type": "DecorationMaster.MyBehaviour.DefaultBehaviour+SharedItem, DecorationMaster",
        "size": 1.0,
        "angle": 0,
        "sceneName": "GG_Grimm_Nightmare",
        "pname": "HK_bounce_shroom",
        "position": {
          "$type": "DecorationMaster.V2, DecorationMaster",
          "x": 81.80922,
          "y": 4.630866
        }
      },
      {
        "$type": "DecorationMaster.ItemDef+DefatulResizeItem, DecorationMaster",
        "size": 2.0,
        "angle": 90,
        "sceneName": "GG_Grimm_Nightmare",
        "pname": "edge",
        "position": {
          "$type": "DecorationMaster.V2, DecorationMaster",
          "x": 64.26187,
          "y": 11.4461
        }
      },
      {
        "$type": "DecorationMaster.ItemDef+DefatulResizeItem, DecorationMaster",
        "size": 2.0,
        "angle": 90,
        "sceneName": "GG_Grimm_Nightmare",
        "pname": "edge",
        "position": {
          "$type": "DecorationMaster.V2, DecorationMaster",
          "x": 108.09137,
          "y": 10.4133129
        }
      },
      {
        "$type": "DecorationMaster.MyBehaviour.DefaultBehaviour+SharedItem, DecorationMaster",
        "size": 1.0,
        "angle": 0,
        "sceneName": "GG_Grimm_Nightmare",
        "pname": "HK_bounce_shroom",
        "position": {
          "$type": "DecorationMaster.V2, DecorationMaster",
          "x": 86.38548,
          "y": 4.540871
        }
      },
      {
        "$type": "DecorationMaster.MyBehaviour.DefaultBehaviour+SharedItem, DecorationMaster",
        "size": 0.64,
        "angle": 0,
        "sceneName": "GG_Grimm_Nightmare",
        "pname": "HK_platform_small",
        "position": {
          "$type": "DecorationMaster.V2, DecorationMaster",
          "x": 79.66066,
          "y": 5.07338667
        }
      },
      {
        "$type": "DecorationMaster.ItemDef+DefatulResizeItem, DecorationMaster",
        "size": 2.0,
        "angle": 180,
        "sceneName": "GG_Grimm_Nightmare",
        "pname": "white_thorn",
        "position": {
          "$type": "DecorationMaster.V2, DecorationMaster",
          "x": 85.6662445,
          "y": 19.4186783
        }
      },
      {
        "$type": "DecorationMaster.ItemDef+DefatulResizeItem, DecorationMaster",
        "size": 2.0,
        "angle": 180,
        "sceneName": "GG_Grimm_Nightmare",
        "pname": "white_thorn",
        "position": {
          "$type": "DecorationMaster.V2, DecorationMaster",
          "x": 81.75323,
          "y": 19.9457455
        }
      },
      {
        "$type": "DecorationMaster.ItemDef+DefatulResizeItem, DecorationMaster",
        "size": 2.0,
        "angle": 180,
        "sceneName": "GG_Grimm_Nightmare",
        "pname": "white_thorn",
        "position": {
          "$type": "DecorationMaster.V2, DecorationMaster",
          "x": 90.346405,
          "y": 20.0067139
        }
      },
      {
        "$type": "DecorationMaster.MyBehaviour.DefaultBehaviour+SharedItem, DecorationMaster",
        "size": 1.0,
        "angle": 0,
        "sceneName": "GG_Grimm_Nightmare",
        "pname": "HK_bounce_shroom",
        "position": {
          "$type": "DecorationMaster.V2, DecorationMaster",
          "x": 77.4246,
          "y": 4.647682
        }
      },
      {
        "$type": "DecorationMaster.MyBehaviour.DefaultBehaviour+SharedItem, DecorationMaster",
        "size": 1.0,
        "angle": 0,
        "sceneName": "GG_Grimm_Nightmare",
        "pname": "HK_bounce_shroom",
        "position": {
          "$type": "DecorationMaster.V2, DecorationMaster",
          "x": 101.072739,
          "y": 4.54635048
        }
      },
      {
        "$type": "DecorationMaster.MyBehaviour.DefaultBehaviour+SharedItem, DecorationMaster",
        "size": 1.0,
        "angle": 0,
        "sceneName": "GG_Grimm_Nightmare",
        "pname": "HK_bounce_shroom",
        "position": {
          "$type": "DecorationMaster.V2, DecorationMaster",
          "x": 94.2732,
          "y": 4.615518
        }
      },
      {
        "$type": "DecorationMaster.ItemDef+DefatulResizeItem, DecorationMaster",
        "size": 1.0,
        "angle": 355,
        "sceneName": "GG_Grimm_Nightmare",
        "pname": "white_thorn",
        "position": {
          "$type": "DecorationMaster.V2, DecorationMaster",
          "x": 96.09556,
          "y": 4.28587532
        }
      },
      {
        "$type": "DecorationMaster.ItemDef+DefatulResizeItem, DecorationMaster",
        "size": 1.0,
        "angle": 355,
        "sceneName": "GG_Grimm_Nightmare",
        "pname": "white_thorn",
        "position": {
          "$type": "DecorationMaster.V2, DecorationMaster",
          "x": 98.8072739,
          "y": 4.2582655
        }
      },
      {
        "$type": "DecorationMaster.ItemDef+DefatulResizeItem, DecorationMaster",
        "size": 1.0,
        "angle": 355,
        "sceneName": "GG_Grimm_Nightmare",
        "pname": "white_thorn",
        "position": {
          "$type": "DecorationMaster.V2, DecorationMaster",
          "x": 90.35229,
          "y": 4.263546
        }
      },
      {
        "$type": "DecorationMaster.ItemDef+DefatulResizeItem, DecorationMaster",
        "size": 1.0,
        "angle": 355,
        "sceneName": "GG_Grimm_Nightmare",
        "pname": "white_thorn",
        "position": {
          "$type": "DecorationMaster.V2, DecorationMaster",
          "x": 87.45064,
          "y": 4.30853748
        }
      },
      {
        "$type": "DecorationMaster.ItemDef+DefatulResizeItem, DecorationMaster",
        "size": 1.0,
        "angle": 355,
        "sceneName": "GG_Grimm_Nightmare",
        "pname": "white_thorn",
        "position": {
          "$type": "DecorationMaster.V2, DecorationMaster",
          "x": 84.91046,
          "y": 4.29354048
        }
      },
      {
        "$type": "DecorationMaster.ItemDef+DefatulResizeItem, DecorationMaster",
        "size": 1.0,
        "angle": 355,
        "sceneName": "GG_Grimm_Nightmare",
        "pname": "white_thorn",
        "position": {
          "$type": "DecorationMaster.V2, DecorationMaster",
          "x": 92.8544,
          "y": 4.4863596
        }
      },
      {
        "$type": "DecorationMaster.MyBehaviour.DefaultBehaviour+SharedItem, DecorationMaster",
        "size": 0.64,
        "angle": 0,
        "sceneName": "GG_Grimm_Nightmare",
        "pname": "HK_platform_small",
        "position": {
          "$type": "DecorationMaster.V2, DecorationMaster",
          "x": 92.51167,
          "y": 5.09162426
        }
      },
      {
        "$type": "DecorationMaster.ItemDef+DefatulResizeItem, DecorationMaster",
        "size": 1.0,
        "angle": 355,
        "sceneName": "GG_Grimm_Nightmare",
        "pname": "white_thorn",
        "position": {
          "$type": "DecorationMaster.V2, DecorationMaster",
          "x": 91.0028,
          "y": 4.43541527
        }
      },
      {
        "$type": "DecorationMaster.ItemDef+DefaultItem, DecorationMaster",
        "sceneName": "GG_Grimm_Nightmare",
        "pname": "IMG_RespawnPoint",
        "position": {
          "$type": "DecorationMaster.V2, DecorationMaster",
          "x": 92.3744659,
          "y": 7.905682
        }
      },
      {
        "$type": "DecorationMaster.ItemDef+DefatulResizeItem, DecorationMaster",
        "size": 0.2,
        "angle": 30,
        "sceneName": "GG_Grimm_Nightmare",
        "pname": "edge",
        "position": {
          "$type": "DecorationMaster.V2, DecorationMaster",
          "x": 91.204,
          "y": 4.84593
        }
      },
      {
        "$type": "DecorationMaster.ItemDef+DefatulResizeItem, DecorationMaster",
        "size": 0.2,
        "angle": 150,
        "sceneName": "GG_Grimm_Nightmare",
        "pname": "edge",
        "position": {
          "$type": "DecorationMaster.V2, DecorationMaster",
          "x": 93.81687,
          "y": 4.841347
        }
      },
      {
        "$type": "DecorationMaster.ItemDef+DefatulResizeItem, DecorationMaster",
        "size": 0.2,
        "angle": 30,
        "sceneName": "GG_Grimm_Nightmare",
        "pname": "edge",
        "position": {
          "$type": "DecorationMaster.V2, DecorationMaster",
          "x": 78.3583755,
          "y": 4.82454348
        }
      },
      {
        "$type": "DecorationMaster.ItemDef+DefatulResizeItem, DecorationMaster",
        "size": 0.2,
        "angle": 150,
        "sceneName": "GG_Grimm_Nightmare",
        "pname": "edge",
        "position": {
          "$type": "DecorationMaster.V2, DecorationMaster",
          "x": 80.9807,
          "y": 4.82847452
        }
      },
      {
        "$type": "DecorationMaster.MyBehaviour.DefaultBehaviour+SharedItem, DecorationMaster",
        "size": 1.0,
        "angle": 0,
        "sceneName": "GG_Grimm_Nightmare",
        "pname": "HK_bounce_shroom",
        "position": {
          "$type": "DecorationMaster.V2, DecorationMaster",
          "x": 75.1647644,
          "y": 4.52864027
        }
      },
      {
        "$type": "DecorationMaster.MyBehaviour.DefaultBehaviour+SharedItem, DecorationMaster",
        "size": 1.0,
        "angle": 0,
        "sceneName": "GG_Grimm_Nightmare",
        "pname": "HK_bounce_shroom",
        "position": {
          "$type": "DecorationMaster.V2, DecorationMaster",
          "x": 70.8072,
          "y": 4.59377146
        }
      },
      {
        "$type": "DecorationMaster.MyBehaviour.DefaultBehaviour+SharedItem, DecorationMaster",
        "size": 1.0,
        "angle": 0,
        "sceneName": "GG_Grimm_Nightmare",
        "pname": "HK_bounce_shroom",
        "position": {
          "$type": "DecorationMaster.V2, DecorationMaster",
          "x": 84.04414,
          "y": 4.57848835
        }
      },
      {
        "$type": "DecorationMaster.MyBehaviour.DefaultBehaviour+SharedItem, DecorationMaster",
        "size": 1.0,
        "angle": 0,
        "sceneName": "GG_Grimm_Nightmare",
        "pname": "HK_bounce_shroom",
        "position": {
          "$type": "DecorationMaster.V2, DecorationMaster",
          "x": 88.50586,
          "y": 4.598351
        }
      },
      {
        "$type": "DecorationMaster.MyBehaviour.DefaultBehaviour+SharedItem, DecorationMaster",
        "size": 1.0,
        "angle": 0,
        "sceneName": "GG_Grimm_Nightmare",
        "pname": "HK_bounce_shroom",
        "position": {
          "$type": "DecorationMaster.V2, DecorationMaster",
          "x": 99.2522,
          "y": 4.560681
        }
      }
    ]
  }
}