{
  "$type": "DecorationMaster.ItemSettings, DecorationMaster",
  "scene_name": "GG_Mantis_Lords",
  "mod_version": 0.4,
  "items": {
    "$type": "System.Collections.Generic.List`1[[DecorationMaster.Item, DecorationMaster]], mscorlib",
    "$values": [
      {
        "$type": "DecorationMaster.MyBehaviour.OtherBehaviour+BackColorFill+PartResizeColor, DecorationMaster",
        "size_x": 0.476845652,
        "size_y": 2.0,
        "angle": 0,
        "Order": 0,
        "A": 0.0,
        "R": 0.2309843,
        "G": 0.2030201,
        "B": 0.223993257,
        "sceneName": "GG_Mantis_Lords",
        "pname": "back_colorfull_fill",
        "position": {
          "$type": "DecorationMaster.V2, DecorationMaster",
          "x": 37.8136864,
          "y": 9.265979
        }
      },
      {
        "$type": "DecorationMaster.ItemDef+DefatulResizeItem, DecorationMaster",
        "size": 2.0,
        "angle": 90,
        "sceneName": "GG_Mantis_Lords",
        "pname": "white_thorn",
        "position": {
          "$type": "DecorationMaster.V2, DecorationMaster",
          "x": 41.82766,
          "y": 15.5742512
        }
      },
      {
        "$type": "DecorationMaster.ItemDef+DefatulResizeItem, DecorationMaster",
        "size": 2.0,
        "angle": 270,
        "sceneName": "GG_Mantis_Lords",
        "pname": "white_thorn",
        "position": {
          "$type": "DecorationMaster.V2, DecorationMaster",
          "x": 17.6224289,
          "y": 15.7542152
        }
      },
      {
        "$type": "DecorationMaster.ItemDef+DefatulResizeItem, DecorationMaster",
        "size": 2.0,
        "angle": 180,
        "sceneName": "GG_Mantis_Lords",
        "pname": "white_spike",
        "position": {
          "$type": "DecorationMaster.V2, DecorationMaster",
          "x": 32.1095772,
          "y": 18.8886
        }
      },
      {
        "$type": "DecorationMaster.MyBehaviour.DefaultBehaviour+SharedItem, DecorationMaster",
        "size": 1.0,
        "angle": 0,
        "sceneName": "GG_Mantis_Lords",
        "pname": "HK_bounce_shroom",
        "position": {
          "$type": "DecorationMaster.V2, DecorationMaster",
          "x": 39.7730675,
          "y": 5.10631227
        }
      },
      {
        "$type": "DecorationMaster.MyBehaviour.DefaultBehaviour+SharedItem, DecorationMaster",
        "size": 1.0,
        "angle": 0,
        "sceneName": "GG_Mantis_Lords",
        "pname": "HK_bounce_shroom",
        "position": {
          "$type": "DecorationMaster.V2, DecorationMaster",
          "x": 42.442543,
          "y": 5.076318
        }
      },
      {
        "$type": "DecorationMaster.MyBehaviour.DefaultBehaviour+SharedItem, DecorationMaster",
        "size": 1.0,
        "angle": 0,
        "sceneName": "GG_Mantis_Lords",
        "pname": "HK_bounce_shroom",
        "position": {
          "$type": "DecorationMaster.V2, DecorationMaster",
          "x": 41.1228027,
          "y": 5.046325
        }
      },
      {
        "$type": "DecorationMaster.MyBehaviour.DefaultBehaviour+SharedItem, DecorationMaster",
        "size": 1.0,
        "angle": 0,
        "sceneName": "GG_Mantis_Lords",
        "pname": "HK_bounce_shroom",
        "position": {
          "$type": "DecorationMaster.V2, DecorationMaster",
          "x": 17.5774384,
          "y": 5.076318
        }
      },
      {
        "$type": "DecorationMaster.MyBehaviour.DefaultBehaviour+SharedItem, DecorationMaster",
        "size": 1.0,
        "angle": 0,
        "sceneName": "GG_Mantis_Lords",
        "pname": "HK_bounce_shroom",
        "position": {
          "$type": "DecorationMaster.V2, DecorationMaster",
          "x": 18.7921982,
          "y": 5.031328
        }
      },
      {
        "$type": "DecorationMaster.ItemDef+DefatulResizeItem, DecorationMaster",
        "size": 1.0,
        "angle": 90,
        "sceneName": "GG_Mantis_Lords",
        "pname": "white_thorn",
        "position": {
          "$type": "DecorationMaster.V2, DecorationMaster",
          "x": 42.592514,
          "y": 8.540636
        }
      },
      {
        "$type": "DecorationMaster.ItemDef+DefatulResizeItem, DecorationMaster",
        "size": 1.0,
        "angle": 270,
        "sceneName": "GG_Mantis_Lords",
        "pname": "white_thorn",
        "position": {
          "$type": "DecorationMaster.V2, DecorationMaster",
          "x": 17.2625,
          "y": 8.720601
        }
      },
      {
        "$type": "DecorationMaster.ItemDef+DefatulResizeItem, DecorationMaster",
        "size": 1.0,
        "angle": 270,
        "sceneName": "GG_Mantis_Lords",
        "pname": "zote_wall",
        "position": {
          "$type": "DecorationMaster.V2, DecorationMaster",
          "x": 27.3705139,
          "y": 6.6210146
        }
      },
      {
        "$type": "DecorationMaster.ItemDef+DefaultItem, DecorationMaster",
        "sceneName": "GG_Mantis_Lords",
        "pname": "zote_detection",
        "position": {
          "$type": "DecorationMaster.V2, DecorationMaster",
          "x": 3.283965,
          "y": 7.18837929
        }
      },
      {
        "$type": "DecorationMaster.ItemDef+DefatulResizeItem, DecorationMaster",
        "size": 1.0,
        "angle": 0,
        "sceneName": "GG_Mantis_Lords",
        "pname": "white_thorn",
        "position": {
          "$type": "DecorationMaster.V2, DecorationMaster",
          "x": 26.4706936,
          "y": 6.20110369
        }
      },
      {
        "$type": "DecorationMaster.ItemDef+DefatulResizeItem, DecorationMaster",
        "size": 1.0,
        "angle": 0,
        "sceneName": "GG_Mantis_Lords",
        "pname": "white_thorn",
        "position": {
          "$type": "DecorationMaster.V2, DecorationMaster",
          "x": 33.9242249,
          "y": 6.09612274
        }
      },
      {
        "$type": "DecorationMaster.ItemDef+DefaultItem, DecorationMaster",
        "sceneName": "GG_Mantis_Lords",
        "pname": "IMG_RespawnPoint",
        "position": {
          "$type": "DecorationMaster.V2, DecorationMaster",
          "x": 30.24995,
          "y": 8.34567451
        }
      },
      {
        "$type": "DecorationMaster.ItemDef+DefaultItem, DecorationMaster",
        "sceneName": "GG_Mantis_Lords",
        "pname": "IMG_RespawnPoint",
        "position": {
          "$type": "DecorationMaster.V2, DecorationMaster",
          "x": 23.08136,
          "y": 8.240694
        }
      },
      {
        "$type": "DecorationMaster.ItemDef+DefaultItem, DecorationMaster",
        "sceneName": "GG_Mantis_Lords",
        "pname": "IMG_RespawnPoint",
        "position": {
          "$type": "DecorationMaster.V2, DecorationMaster",
          "x": 36.8913956,
          "y": 8.259974
        }
      },
      {
        "$type": "DecorationMaster.ItemDef+DefatulResizeItem, DecorationMaster",
        "size": 2.0,
        "angle": 90,
        "sceneName": "GG_Mantis_Lords",
        "pname": "white_thorn",
        "position": {
          "$type": "DecorationMaster.V2, DecorationMaster",
          "x": 43.5973167,
          "y": 15.7092257
        }
      },
      {
        "$type": "DecorationMaster.ItemDef+DefatulResizeItem, DecorationMaster",
        "size": 2.0,
        "angle": 90,
        "sceneName": "GG_Mantis_Lords",
        "pname": "white_thorn",
        "position": {
          "$type": "DecorationMaster.V2, DecorationMaster",
          "x": 44.827343,
          "y": 7.65310335
        }
      },
      {
        "$type": "DecorationMaster.ItemDef+DefatulResizeItem, DecorationMaster",
        "size": 2.0,
        "angle": 270,
        "sceneName": "GG_Mantis_Lords",
        "pname": "white_thorn",
        "position": {
          "$type": "DecorationMaster.V2, DecorationMaster",
          "x": 15.5828352,
          "y": 16.0091667
        }
      },
      {
        "$type": "DecorationMaster.ItemDef+DefatulResizeItem, DecorationMaster",
        "size": 2.0,
        "angle": 270,
        "sceneName": "GG_Mantis_Lords",
        "pname": "white_thorn",
        "position": {
          "$type": "DecorationMaster.V2, DecorationMaster",
          "x": 14.8796616,
          "y": 8.981299
        }
      },
      {
        "$type": "DecorationMaster.MyBehaviour.Bench+BenchItem, DecorationMaster",
        "bench_name": "D_bench1_358209_79857453",
        "sceneName": "GG_Mantis_Lords",
        "pname": "HK_bench",
        "position": {
          "$type": "DecorationMaster.V2, DecorationMaster",
          "x": 30.2199535,
          "y": 4.9713397
        }
      },
      {
        "$type": "DecorationMaster.MyBehaviour.Bench+BenchItem, DecorationMaster",
        "bench_name": "D_bench1_890507_79857460",
        "sceneName": "GG_Mantis_Lords",
        "pname": "HK_bench",
        "position": {
          "$type": "DecorationMaster.V2, DecorationMaster",
          "x": 26.665657,
          "y": 5.22628832
        }
      },
      {
        "$type": "DecorationMaster.ItemDef+DefaultItem, DecorationMaster",
        "sceneName": "GG_Mantis_Lords",
        "pname": "IMG_RespawnPoint",
        "position": {
          "$type": "DecorationMaster.V2, DecorationMaster",
          "x": 30.1079731,
          "y": 11.6398735
        }
      },
      {
        "$type": "DecorationMaster.ItemDef+DefaultItem, DecorationMaster",
        "sceneName": "GG_Mantis_Lords",
        "pname": "IMG_RespawnPoint",
        "position": {
          "$type": "DecorationMaster.V2, DecorationMaster",
          "x": 22.850666,
          "y": 11.5867434
        }
      },
      {
        "$type": "DecorationMaster.ItemDef+DefaultItem, DecorationMaster",
        "sceneName": "GG_Mantis_Lords",
        "pname": "IMG_RespawnPoint",
        "position": {
          "$type": "DecorationMaster.V2, DecorationMaster",
          "x": 36.85489,
          "y": 11.67342
        }
      },
      {
        "$type": "DecorationMaster.ItemDef+DefatulResizeItem, DecorationMaster",
        "size": 1.0,
        "angle": 270,
        "sceneName": "GG_Mantis_Lords",
        "pname": "edge",
        "position": {
          "$type": "DecorationMaster.V2, DecorationMaster",
          "x": 0.6986866,
          "y": 11.7466564
        }
      },
      {
        "$type": "DecorationMaster.ItemDef+DefatulResizeItem, DecorationMaster",
        "size": 1.0,
        "angle": 5,
        "sceneName": "GG_Mantis_Lords",
        "pname": "edge",
        "position": {
          "$type": "DecorationMaster.V2, DecorationMaster",
          "x": 10.3250122,
          "y": 8.212597
        }
      },
      {
        "$type": "DecorationMaster.ItemDef+DefatulResizeItem, DecorationMaster",
        "size": 1.0,
        "angle": 90,
        "sceneName": "GG_Mantis_Lords",
        "pname": "edge",
        "position": {
          "$type": "DecorationMaster.V2, DecorationMaster",
          "x": 13.679184,
          "y": 13.9076481
        }
      },
      {
        "$type": "DecorationMaster.ItemDef+DefatulResizeItem, DecorationMaster",
        "size": 1.54,
        "angle": 355,
        "sceneName": "GG_Mantis_Lords",
        "pname": "edge",
        "position": {
          "$type": "DecorationMaster.V2, DecorationMaster",
          "x": 4.57404757,
          "y": 11.926178
        }
      },
      {
        "$type": "DecorationMaster.MyBehaviour.DefaultBehaviour+SharedItem, DecorationMaster",
        "size": 1.0,
        "angle": 0,
        "sceneName": "GG_Mantis_Lords",
        "pname": "HK_zote_head",
        "position": {
          "$type": "DecorationMaster.V2, DecorationMaster",
          "x": 4.34909153,
          "y": 16.545269
        }
      },
      {
        "$type": "DecorationMaster.MyBehaviour.Bench+BenchItem, DecorationMaster",
        "bench_name": "D_bench1_391551_79858784",
        "sceneName": "GG_Mantis_Lords_V",
        "pname": "HK_bench",
        "position": {
          "$type": "DecorationMaster.V2, DecorationMaster",
          "x": 37.9584236,
          "y": 5.061324
        }
      },
      {
        "$type": "DecorationMaster.MyBehaviour.Bench+BenchItem, DecorationMaster",
        "bench_name": "D_bench1_91653_79858789",
        "sceneName": "GG_Mantis_Lords_V",
        "pname": "HK_bench",
        "position": {
          "$type": "DecorationMaster.V2, DecorationMaster",
          "x": 22.1065445,
          "y": 5.0763216
        }
      },
      {
        "$type": "DecorationMaster.ItemDef+SawItem, DecorationMaster",
        "span": 8,
        "speed": 3,
        "pitch": 1.0,
        "volume": 0.8112416,
        "Center": {
          "$type": "DecorationMaster.V2, DecorationMaster",
          "x": 25.9457912,
          "y": 13.009757
        },
        "offset": 0,
        "size": 0.28,
        "angle": 90,
        "sceneName": "GG_Mantis_Lords_V",
        "pname": "HK_saw",
        "position": {
          "$type": "DecorationMaster.V2, DecorationMaster",
          "x": 25.9457912,
          "y": 13.009757
        }
      },
      {
        "$type": "DecorationMaster.ItemDef+SawItem, DecorationMaster",
        "span": 8,
        "speed": 3,
        "pitch": 1.0,
        "volume": 0.8112416,
        "Center": {
          "$type": "DecorationMaster.V2, DecorationMaster",
          "x": 34.70407,
          "y": 13.0547476
        },
        "offset": 6,
        "size": 0.28,
        "angle": 90,
        "sceneName": "GG_Mantis_Lords_V",
        "pname": "HK_saw",
        "position": {
          "$type": "DecorationMaster.V2, DecorationMaster",
          "x": 34.70407,
          "y": 13.0547476
        }
      },
      {
        "$type": "DecorationMaster.ItemDef+DefaultItem, DecorationMaster",
        "sceneName": "GG_Mantis_Lords_V",
        "pname": "IMG_RespawnPoint",
        "position": {
          "$type": "DecorationMaster.V2, DecorationMaster",
          "x": 30.0999813,
          "y": 11.58504
        }
      },
      {
        "$type": "DecorationMaster.ItemDef+SawItem, DecorationMaster",
        "span": 1,
        "speed": 7,
        "pitch": 1.0,
        "volume": 0.0,
        "Center": {
          "$type": "DecorationMaster.V2, DecorationMaster",
          "x": 18.8671913,
          "y": 19.86341
        },
        "offset": 0,
        "size": 0.2,
        "angle": 90,
        "sceneName": "GG_Mantis_Lords_V",
        "pname": "HK_saw",
        "position": {
          "$type": "DecorationMaster.V2, DecorationMaster",
          "x": 18.8671913,
          "y": 19.86341
        }
      },
      {
        "$type": "DecorationMaster.ItemDef+SawItem, DecorationMaster",
        "span": 1,
        "speed": 7,
        "pitch": 1.0,
        "volume": 0.0,
        "Center": {
          "$type": "DecorationMaster.V2, DecorationMaster",
          "x": 19.752018,
          "y": 19.86341
        },
        "offset": 1,
        "size": 0.2,
        "angle": 90,
        "sceneName": "GG_Mantis_Lords_V",
        "pname": "HK_saw",
        "position": {
          "$type": "DecorationMaster.V2, DecorationMaster",
          "x": 19.752018,
          "y": 19.86341
        }
      },
      {
        "$type": "DecorationMaster.ItemDef+SawItem, DecorationMaster",
        "span": 1,
        "speed": 7,
        "pitch": 1.0,
        "volume": 0.0,
        "Center": {
          "$type": "DecorationMaster.V2, DecorationMaster",
          "x": 20.65184,
          "y": 19.86341
        },
        "offset": 2,
        "size": 0.2,
        "angle": 90,
        "sceneName": "GG_Mantis_Lords_V",
        "pname": "HK_saw",
        "position": {
          "$type": "DecorationMaster.V2, DecorationMaster",
          "x": 20.65184,
          "y": 19.86341
        }
      },
      {
        "$type": "DecorationMaster.ItemDef+SawItem, DecorationMaster",
        "span": 1,
        "speed": 7,
        "pitch": 1.0,
        "volume": 0.0,
        "Center": {
          "$type": "DecorationMaster.V2, DecorationMaster",
          "x": 21.5666542,
          "y": 19.8634071
        },
        "offset": 3,
        "size": 0.2,
        "angle": 90,
        "sceneName": "GG_Mantis_Lords_V",
        "pname": "HK_saw",
        "position": {
          "$type": "DecorationMaster.V2, DecorationMaster",
          "x": 21.5666542,
          "y": 19.8634071
        }
      },
      {
        "$type": "DecorationMaster.ItemDef+SawItem, DecorationMaster",
        "span": 1,
        "speed": 7,
        "pitch": 1.0,
        "volume": 0.0,
        "Center": {
          "$type": "DecorationMaster.V2, DecorationMaster",
          "x": 22.49647,
          "y": 19.8634071
        },
        "offset": 4,
        "size": 0.2,
        "angle": 90,
        "sceneName": "GG_Mantis_Lords_V",
        "pname": "HK_saw",
        "position": {
          "$type": "DecorationMaster.V2, DecorationMaster",
          "x": 22.49647,
          "y": 19.8634071
        }
      },
      {
        "$type": "DecorationMaster.ItemDef+SawItem, DecorationMaster",
        "span": 1,
        "speed": 7,
        "pitch": 1.0,
        "volume": 0.0,
        "Center": {
          "$type": "DecorationMaster.V2, DecorationMaster",
          "x": 23.4262867,
          "y": 19.8634071
        },
        "offset": 5,
        "size": 0.2,
        "angle": 90,
        "sceneName": "GG_Mantis_Lords_V",
        "pname": "HK_saw",
        "position": {
          "$type": "DecorationMaster.V2, DecorationMaster",
          "x": 23.4262867,
          "y": 19.8634071
        }
      },
      {
        "$type": "DecorationMaster.ItemDef+SawItem, DecorationMaster",
        "span": 1,
        "speed": 7,
        "pitch": 1.0,
        "volume": 0.0,
        "Center": {
          "$type": "DecorationMaster.V2, DecorationMaster",
          "x": 24.2811222,
          "y": 19.8634071
        },
        "offset": 6,
        "size": 0.2,
        "angle": 90,
        "sceneName": "GG_Mantis_Lords_V",
        "pname": "HK_saw",
        "position": {
          "$type": "DecorationMaster.V2, DecorationMaster",
          "x": 24.2811222,
          "y": 19.8634071
        }
      },
      {
        "$type": "DecorationMaster.ItemDef+SawItem, DecorationMaster",
        "span": 1,
        "speed": 7,
        "pitch": 1.0,
        "volume": 0.0,
        "Center": {
          "$type": "DecorationMaster.V2, DecorationMaster",
          "x": 25.1809464,
          "y": 19.8634071
        },
        "offset": 7,
        "size": 0.2,
        "angle": 90,
        "sceneName": "GG_Mantis_Lords_V",
        "pname": "HK_saw",
        "position": {
          "$type": "DecorationMaster.V2, DecorationMaster",
          "x": 25.1809464,
          "y": 19.8634071
        }
      },
      {
        "$type": "DecorationMaster.ItemDef+SawItem, DecorationMaster",
        "span": 1,
        "speed": 7,
        "pitch": 1.0,
        "volume": 0.0,
        "Center": {
          "$type": "DecorationMaster.V2, DecorationMaster",
          "x": 26.0957642,
          "y": 19.8634071
        },
        "offset": 8,
        "size": 0.2,
        "angle": 90,
        "sceneName": "GG_Mantis_Lords_V",
        "pname": "HK_saw",
        "position": {
          "$type": "DecorationMaster.V2, DecorationMaster",
          "x": 26.0957642,
          "y": 19.8634071
        }
      },
      {
        "$type": "DecorationMaster.ItemDef+SawItem, DecorationMaster",
        "span": 1,
        "speed": 7,
        "pitch": 1.0,
        "volume": 0.0,
        "Center": {
          "$type": "DecorationMaster.V2, DecorationMaster",
          "x": 26.9505959,
          "y": 19.8634071
        },
        "offset": 9,
        "size": 0.2,
        "angle": 90,
        "sceneName": "GG_Mantis_Lords_V",
        "pname": "HK_saw",
        "position": {
          "$type": "DecorationMaster.V2, DecorationMaster",
          "x": 26.9505959,
          "y": 19.8634071
        }
      },
      {
        "$type": "DecorationMaster.ItemDef+SawItem, DecorationMaster",
        "span": 1,
        "speed": 7,
        "pitch": 1.0,
        "volume": 0.0,
        "Center": {
          "$type": "DecorationMaster.V2, DecorationMaster",
          "x": 27.6854534,
          "y": 19.8634033
        },
        "offset": 10,
        "size": 0.2,
        "angle": 90,
        "sceneName": "GG_Mantis_Lords_V",
        "pname": "HK_saw",
        "position": {
          "$type": "DecorationMaster.V2, DecorationMaster",
          "x": 27.6854534,
          "y": 19.8634033
        }
      },
      {
        "$type": "DecorationMaster.ItemDef+SawItem, DecorationMaster",
        "span": 1,
        "speed": 7,
        "pitch": 1.0,
        "volume": 0.0,
        "Center": {
          "$type": "DecorationMaster.V2, DecorationMaster",
          "x": 28.55528,
          "y": 19.86341
        },
        "offset": 0,
        "size": 0.2,
        "angle": 90,
        "sceneName": "GG_Mantis_Lords_V",
        "pname": "HK_saw",
        "position": {
          "$type": "DecorationMaster.V2, DecorationMaster",
          "x": 28.55528,
          "y": 19.86341
        }
      },
      {
        "$type": "DecorationMaster.ItemDef+SawItem, DecorationMaster",
        "span": 1,
        "speed": 7,
        "pitch": 1.0,
        "volume": 0.0,
        "Center": {
          "$type": "DecorationMaster.V2, DecorationMaster",
          "x": 29.3201275,
          "y": 19.86341
        },
        "offset": 1,
        "size": 0.2,
        "angle": 90,
        "sceneName": "GG_Mantis_Lords_V",
        "pname": "HK_saw",
        "position": {
          "$type": "DecorationMaster.V2, DecorationMaster",
          "x": 29.3201275,
          "y": 19.86341
        }
      },
      {
        "$type": "DecorationMaster.ItemDef+SawItem, DecorationMaster",
        "span": 1,
        "speed": 7,
        "pitch": 1.0,
        "volume": 0.0,
        "Center": {
          "$type": "DecorationMaster.V2, DecorationMaster",
          "x": 30.1599655,
          "y": 19.86341
        },
        "offset": 2,
        "size": 0.2,
        "angle": 90,
        "sceneName": "GG_Mantis_Lords_V",
        "pname": "HK_saw",
        "position": {
          "$type": "DecorationMaster.V2, DecorationMaster",
          "x": 30.1599655,
          "y": 19.86341
        }
      },
      {
        "$type": "DecorationMaster.ItemDef+SawItem, DecorationMaster",
        "span": 1,
        "speed": 7,
        "pitch": 1.0,
        "volume": 0.0,
        "Center": {
          "$type": "DecorationMaster.V2, DecorationMaster",
          "x": 31.0147953,
          "y": 19.8634071
        },
        "offset": 3,
        "size": 0.2,
        "angle": 90,
        "sceneName": "GG_Mantis_Lords_V",
        "pname": "HK_saw",
        "position": {
          "$type": "DecorationMaster.V2, DecorationMaster",
          "x": 31.0147953,
          "y": 19.8634071
        }
      },
      {
        "$type": "DecorationMaster.ItemDef+SawItem, DecorationMaster",
        "span": 1,
        "speed": 7,
        "pitch": 1.0,
        "volume": 0.0,
        "Center": {
          "$type": "DecorationMaster.V2, DecorationMaster",
          "x": 31.89962,
          "y": 19.8634071
        },
        "offset": 4,
        "size": 0.2,
        "angle": 90,
        "sceneName": "GG_Mantis_Lords_V",
        "pname": "HK_saw",
        "position": {
          "$type": "DecorationMaster.V2, DecorationMaster",
          "x": 31.89962,
          "y": 19.8634071
        }
      },
      {
        "$type": "DecorationMaster.ItemDef+SawItem, DecorationMaster",
        "span": 1,
        "speed": 7,
        "pitch": 1.0,
        "volume": 0.0,
        "Center": {
          "$type": "DecorationMaster.V2, DecorationMaster",
          "x": 32.7394524,
          "y": 19.8634071
        },
        "offset": 5,
        "size": 0.2,
        "angle": 90,
        "sceneName": "GG_Mantis_Lords_V",
        "pname": "HK_saw",
        "position": {
          "$type": "DecorationMaster.V2, DecorationMaster",
          "x": 32.7394524,
          "y": 19.8634071
        }
      },
      {
        "$type": "DecorationMaster.ItemDef+SawItem, DecorationMaster",
        "span": 1,
        "speed": 7,
        "pitch": 1.0,
        "volume": 0.0,
        "Center": {
          "$type": "DecorationMaster.V2, DecorationMaster",
          "x": 33.5792847,
          "y": 19.8634071
        },
        "offset": 6,
        "size": 0.2,
        "angle": 90,
        "sceneName": "GG_Mantis_Lords_V",
        "pname": "HK_saw",
        "position": {
          "$type": "DecorationMaster.V2, DecorationMaster",
          "x": 33.5792847,
          "y": 19.8634071
        }
      },
      {
        "$type": "DecorationMaster.ItemDef+SawItem, DecorationMaster",
        "span": 1,
        "speed": 7,
        "pitch": 1.0,
        "volume": 0.0,
        "Center": {
          "$type": "DecorationMaster.V2, DecorationMaster",
          "x": 34.5091057,
          "y": 19.8634071
        },
        "offset": 7,
        "size": 0.2,
        "angle": 90,
        "sceneName": "GG_Mantis_Lords_V",
        "pname": "HK_saw",
        "position": {
          "$type": "DecorationMaster.V2, DecorationMaster",
          "x": 34.5091057,
          "y": 19.8634071
        }
      },
      {
        "$type": "DecorationMaster.ItemDef+SawItem, DecorationMaster",
        "span": 1,
        "speed": 7,
        "pitch": 1.0,
        "volume": 0.0,
        "Center": {
          "$type": "DecorationMaster.V2, DecorationMaster",
          "x": 35.5739,
          "y": 19.8634071
        },
        "offset": 8,
        "size": 0.2,
        "angle": 90,
        "sceneName": "GG_Mantis_Lords_V",
        "pname": "HK_saw",
        "position": {
          "$type": "DecorationMaster.V2, DecorationMaster",
          "x": 35.5739,
          "y": 19.8634071
        }
      },
      {
        "$type": "DecorationMaster.ItemDef+SawItem, DecorationMaster",
        "span": 1,
        "speed": 7,
        "pitch": 1.0,
        "volume": 0.0,
        "Center": {
          "$type": "DecorationMaster.V2, DecorationMaster",
          "x": 36.5337067,
          "y": 19.8634071
        },
        "offset": 9,
        "size": 0.2,
        "angle": 90,
        "sceneName": "GG_Mantis_Lords_V",
        "pname": "HK_saw",
        "position": {
          "$type": "DecorationMaster.V2, DecorationMaster",
          "x": 36.5337067,
          "y": 19.8634071
        }
      },
      {
        "$type": "DecorationMaster.ItemDef+SawItem, DecorationMaster",
        "span": 1,
        "speed": 7,
        "pitch": 1.0,
        "volume": 0.0,
        "Center": {
          "$type": "DecorationMaster.V2, DecorationMaster",
          "x": 37.4785233,
          "y": 19.8634071
        },
        "offset": 10,
        "size": 0.2,
        "angle": 90,
        "sceneName": "GG_Mantis_Lords_V",
        "pname": "HK_saw",
        "position": {
          "$type": "DecorationMaster.V2, DecorationMaster",
          "x": 37.4785233,
          "y": 19.8634071
        }
      },
      {
        "$type": "DecorationMaster.ItemDef+SawItem, DecorationMaster",
        "span": 1,
        "speed": 7,
        "pitch": 1.0,
        "volume": 0.0,
        "Center": {
          "$type": "DecorationMaster.V2, DecorationMaster",
          "x": 38.483326,
          "y": 19.8634071
        },
        "offset": 0,
        "size": 0.2,
        "angle": 90,
        "sceneName": "GG_Mantis_Lords_V",
        "pname": "HK_saw",
        "position": {
          "$type": "DecorationMaster.V2, DecorationMaster",
          "x": 38.483326,
          "y": 19.8634071
        }
      },
      {
        "$type": "DecorationMaster.ItemDef+SawItem, DecorationMaster",
        "span": 1,
        "speed": 7,
        "pitch": 1.0,
        "volume": 0.0,
        "Center": {
          "$type": "DecorationMaster.V2, DecorationMaster",
          "x": 39.42814,
          "y": 19.8634071
        },
        "offset": 1,
        "size": 0.2,
        "angle": 90,
        "sceneName": "GG_Mantis_Lords_V",
        "pname": "HK_saw",
        "position": {
          "$type": "DecorationMaster.V2, DecorationMaster",
          "x": 39.42814,
          "y": 19.8634071
        }
      },
      {
        "$type": "DecorationMaster.ItemDef+SawItem, DecorationMaster",
        "span": 1,
        "speed": 7,
        "pitch": 1.0,
        "volume": 0.0,
        "Center": {
          "$type": "DecorationMaster.V2, DecorationMaster",
          "x": 40.3429565,
          "y": 19.8634071
        },
        "offset": 2,
        "size": 0.2,
        "angle": 90,
        "sceneName": "GG_Mantis_Lords_V",
        "pname": "HK_saw",
        "position": {
          "$type": "DecorationMaster.V2, DecorationMaster",
          "x": 40.3429565,
          "y": 19.8634071
        }
      },
      {
        "$type": "DecorationMaster.ItemDef+SawItem, DecorationMaster",
        "span": 1,
        "speed": 7,
        "pitch": 1.0,
        "volume": 0.0,
        "Center": {
          "$type": "DecorationMaster.V2, DecorationMaster",
          "x": 41.24278,
          "y": 19.8634071
        },
        "offset": 3,
        "size": 0.2,
        "angle": 90,
        "sceneName": "GG_Mantis_Lords_V",
        "pname": "HK_saw",
        "position": {
          "$type": "DecorationMaster.V2, DecorationMaster",
          "x": 41.24278,
          "y": 19.8634071
        }
      },
      {
        "$type": "DecorationMaster.ItemDef+SawItem, DecorationMaster",
        "span": 1,
        "speed": 7,
        "pitch": 1.0,
        "volume": 0.0,
        "Center": {
          "$type": "DecorationMaster.V2, DecorationMaster",
          "x": 17.92237,
          "y": 19.8634071
        },
        "offset": 10,
        "size": 0.2,
        "angle": 90,
        "sceneName": "GG_Mantis_Lords_V",
        "pname": "HK_saw",
        "position": {
          "$type": "DecorationMaster.V2, DecorationMaster",
          "x": 17.92237,
          "y": 19.8634071
        }
      },
      {
        "$type": "DecorationMaster.MyBehaviour.OtherBehaviour+BackColorFill+PartResizeColor, DecorationMaster",
        "size_x": 0.82,
        "size_y": 0.82,
        "angle": 0,
        "Order": 0,
        "A": 0.0,
        "R": 0.0,
        "G": 1.0,
        "B": 1.0,
        "sceneName": "GG_Mantis_Lords_V",
        "pname": "back_colorfull_fill",
        "position": {
          "$type": "DecorationMaster.V2, DecorationMaster",
          "x": 14.61185,
          "y": 18.48544
        }
      },
      {
        "$type": "DecorationMaster.MyBehaviour.DelayResizableBehaviour+DelayResizeItem, DecorationMaster",
        "time_offset": 0.0,
        "size": 2.0,
        "angle": 270,
        "sceneName": "GG_Mantis_Lords_V",
        "pname": "HK_trap_spike",
        "position": {
          "$type": "DecorationMaster.V2, DecorationMaster",
          "x": 13.9251766,
          "y": 12.8008041
        }
      },
      {
        "$type": "DecorationMaster.MyBehaviour.DelayResizableBehaviour+DelayResizeItem, DecorationMaster",
        "time_offset": 0.0,
        "size": 2.0,
        "angle": 90,
        "sceneName": "GG_Mantis_Lords_V",
        "pname": "HK_trap_spike",
        "position": {
          "$type": "DecorationMaster.V2, DecorationMaster",
          "x": 45.9971237,
          "y": 16.799242
        }
      },
      {
        "$type": "DecorationMaster.ItemDef+DefatulResizeItem, DecorationMaster",
        "size": 1.0,
        "angle": 5,
        "sceneName": "GG_Mantis_Lords",
        "pname": "edge",
        "position": {
          "$type": "DecorationMaster.V2, DecorationMaster",
          "x": 8.647923,
          "y": 14.3607626
        }
      },
      {
        "$type": "DecorationMaster.ItemDef+DefatulResizeItem, DecorationMaster",
        "size": 2.0,
        "angle": 179,
        "sceneName": "GG_Mantis_Lords",
        "pname": "white_spike",
        "position": {
          "$type": "DecorationMaster.V2, DecorationMaster",
          "x": 28.2553349,
          "y": 18.8886013
        }
      },
      {
        "$type": "DecorationMaster.MyBehaviour.DefaultBehaviour+SharedItem, DecorationMaster",
        "size": 1.0,
        "angle": 0,
        "sceneName": "GG_Mantis_Lords",
        "pname": "HK_bounce_shroom",
        "position": {
          "$type": "DecorationMaster.V2, DecorationMaster",
          "x": 20.1569386,
          "y": 5.04632425
        }
      },
      {
        "$type": "DecorationMaster.MyBehaviour.Bench+BenchItem, DecorationMaster",
        "bench_name": "D_bench1_624624_79861551",
        "sceneName": "GG_Mantis_Lords",
        "pname": "HK_bench",
        "position": {
          "$type": "DecorationMaster.V2, DecorationMaster",
          "x": 34.2241669,
          "y": 4.92634869
        }
      },
      {
        "$type": "DecorationMaster.ItemDef+SawItem, DecorationMaster",
        "span": 8,
        "speed": 2,
        "pitch": 1.0,
        "volume": 0.5176174,
        "Center": {
          "$type": "DecorationMaster.V2, DecorationMaster",
          "x": 25.8708057,
          "y": 13.2197151
        },
        "offset": 0,
        "size": 0.28,
        "angle": 90,
        "sceneName": "GG_Mantis_Lords",
        "pname": "HK_saw",
        "position": {
          "$type": "DecorationMaster.V2, DecorationMaster",
          "x": 25.8708057,
          "y": 13.2197151
        }
      },
      {
        "$type": "DecorationMaster.ItemDef+SawItem, DecorationMaster",
        "span": 8,
        "speed": 2,
        "pitch": 1.0,
        "volume": 0.5176174,
        "Center": {
          "$type": "DecorationMaster.V2, DecorationMaster",
          "x": 34.6740761,
          "y": 13.0697441
        },
        "offset": 6,
        "size": 0.28,
        "angle": 90,
        "sceneName": "GG_Mantis_Lords",
        "pname": "HK_saw",
        "position": {
          "$type": "DecorationMaster.V2, DecorationMaster",
          "x": 34.6740761,
          "y": 13.0697441
        }
      }
    ]
  }
}