{
  "$type": "DecorationMaster.ItemSettings, DecorationMaster",
  "scene_name": "GG_Waterways",
  "mod_version": 0.4,
  "items": {
    "$type": "System.Collections.Generic.List`1[[DecorationMaster.Item, DecorationMaster]], mscorlib",
    "$values": [
      {
        "$type": "DecorationMaster.ItemDef+DefatulResizeItem, DecorationMaster",
        "size": 1.0,
        "angle": 0,
        "sceneName": "GG_Waterways",
        "pname": "HK_shadow_gate",
        "position": {
          "$type": "DecorationMaster.V2, DecorationMaster",
          "x": 161.724472,
          "y": 41.41061
        }
      },
      {
        "$type": "DecorationMaster.MyBehaviour.DefaultBehaviour+SharedItem, DecorationMaster",
        "size": 1.0,
        "angle": 0,
        "sceneName": "GG_Waterways",
        "pname": "HK_garden_plat_s",
        "position": {
          "$type": "DecorationMaster.V2, DecorationMaster",
          "x": 157.154572,
          "y": 43.0752678
        }
      },
      {
        "$type": "DecorationMaster.ItemDef+DefaultItem, DecorationMaster",
        "sceneName": "GG_Waterways",
        "pname": "HK_fly",
        "position": {
          "$type": "DecorationMaster.V2, DecorationMaster",
          "x": 158.05336,
          "y": 90.467514
        }
      },
      {
        "$type": "DecorationMaster.ItemDef+DefaultItem, DecorationMaster",
        "sceneName": "GG_Waterways",
        "pname": "HK_fly",
        "position": {
          "$type": "DecorationMaster.V2, DecorationMaster",
          "x": 155.179764,
          "y": 82.14489
        }
      },
      {
        "$type": "DecorationMaster.ItemDef+DefaultItem, DecorationMaster",
        "sceneName": "GG_Waterways",
        "pname": "HK_fly",
        "position": {
          "$type": "DecorationMaster.V2, DecorationMaster",
          "x": 155.179764,
          "y": 76.811615
        }
      },
      {
        "$type": "DecorationMaster.ItemDef+DefaultItem, DecorationMaster",
        "sceneName": "GG_Waterways",
        "pname": "HK_fly",
        "position": {
          "$type": "DecorationMaster.V2, DecorationMaster",
          "x": 155.179764,
          "y": 72.47887
        }
      },
      {
        "$type": "DecorationMaster.ItemDef+DefaultItem, DecorationMaster",
        "sceneName": "GG_Waterways",
        "pname": "HK_fly",
        "position": {
          "$type": "DecorationMaster.V2, DecorationMaster",
          "x": 155.179764,
          "y": 68.4786758
        }
      },
      {
        "$type": "DecorationMaster.ItemDef+DefaultItem, DecorationMaster",
        "sceneName": "GG_Waterways",
        "pname": "HK_fly",
        "position": {
          "$type": "DecorationMaster.V2, DecorationMaster",
          "x": 155.179764,
          "y": 64.4792938
        }
      },
      {
        "$type": "DecorationMaster.ItemDef+DefaultItem, DecorationMaster",
        "sceneName": "GG_Waterways",
        "pname": "HK_fly",
        "position": {
          "$type": "DecorationMaster.V2, DecorationMaster",
          "x": 155.179764,
          "y": 60.4788971
        }
      },
      {
        "$type": "DecorationMaster.ItemDef+DefaultItem, DecorationMaster",
        "sceneName": "GG_Waterways",
        "pname": "HK_fly",
        "position": {
          "$type": "DecorationMaster.V2, DecorationMaster",
          "x": 155.179764,
          "y": 56.4789963
        }
      },
      {
        "$type": "DecorationMaster.ItemDef+DefaultItem, DecorationMaster",
        "sceneName": "GG_Waterways",
        "pname": "HK_fly",
        "position": {
          "$type": "DecorationMaster.V2, DecorationMaster",
          "x": 155.179764,
          "y": 52.47915
        }
      },
      {
        "$type": "DecorationMaster.ItemDef+DefaultItem, DecorationMaster",
        "sceneName": "GG_Waterways",
        "pname": "HK_fly",
        "position": {
          "$type": "DecorationMaster.V2, DecorationMaster",
          "x": 155.179764,
          "y": 48.47954
        }
      },
      {
        "$type": "DecorationMaster.ItemDef+DefaultItem, DecorationMaster",
        "sceneName": "GG_Waterways",
        "pname": "HK_fly",
        "position": {
          "$type": "DecorationMaster.V2, DecorationMaster",
          "x": 154.099945,
          "y": 83.18551
        }
      },
      {
        "$type": "DecorationMaster.ItemDef+DefaultItem, DecorationMaster",
        "sceneName": "GG_Waterways",
        "pname": "HK_fly",
        "position": {
          "$type": "DecorationMaster.V2, DecorationMaster",
          "x": 154.099945,
          "y": 79.5192
        }
      },
      {
        "$type": "DecorationMaster.ItemDef+DefaultItem, DecorationMaster",
        "sceneName": "GG_Waterways",
        "pname": "HK_fly",
        "position": {
          "$type": "DecorationMaster.V2, DecorationMaster",
          "x": 154.099945,
          "y": 76.18579
        }
      },
      {
        "$type": "DecorationMaster.ItemDef+DefaultItem, DecorationMaster",
        "sceneName": "GG_Waterways",
        "pname": "HK_fly",
        "position": {
          "$type": "DecorationMaster.V2, DecorationMaster",
          "x": 154.099945,
          "y": 72.85245
        }
      },
      {
        "$type": "DecorationMaster.ItemDef+DefaultItem, DecorationMaster",
        "sceneName": "GG_Waterways",
        "pname": "HK_fly",
        "position": {
          "$type": "DecorationMaster.V2, DecorationMaster",
          "x": 154.099945,
          "y": 69.51953
        }
      },
      {
        "$type": "DecorationMaster.ItemDef+DefaultItem, DecorationMaster",
        "sceneName": "GG_Waterways",
        "pname": "HK_fly",
        "position": {
          "$type": "DecorationMaster.V2, DecorationMaster",
          "x": 154.099945,
          "y": 65.8527451
        }
      },
      {
        "$type": "DecorationMaster.ItemDef+DefaultItem, DecorationMaster",
        "sceneName": "GG_Waterways",
        "pname": "HK_fly",
        "position": {
          "$type": "DecorationMaster.V2, DecorationMaster",
          "x": 154.099945,
          "y": 62.51978
        }
      },
      {
        "$type": "DecorationMaster.ItemDef+DefaultItem, DecorationMaster",
        "sceneName": "GG_Waterways",
        "pname": "HK_fly",
        "position": {
          "$type": "DecorationMaster.V2, DecorationMaster",
          "x": 154.099945,
          "y": 58.85285
        }
      },
      {
        "$type": "DecorationMaster.ItemDef+DefaultItem, DecorationMaster",
        "sceneName": "GG_Waterways",
        "pname": "HK_fly",
        "position": {
          "$type": "DecorationMaster.V2, DecorationMaster",
          "x": 154.099945,
          "y": 58.51985
        }
      },
      {
        "$type": "DecorationMaster.ItemDef+DefaultItem, DecorationMaster",
        "sceneName": "GG_Waterways",
        "pname": "HK_fly",
        "position": {
          "$type": "DecorationMaster.V2, DecorationMaster",
          "x": 154.099945,
          "y": 54.18652
        }
      },
      {
        "$type": "DecorationMaster.ItemDef+DefaultItem, DecorationMaster",
        "sceneName": "GG_Waterways",
        "pname": "HK_fly",
        "position": {
          "$type": "DecorationMaster.V2, DecorationMaster",
          "x": 154.099945,
          "y": 50.18656
        }
      },
      {
        "$type": "DecorationMaster.ItemDef+DefaultItem, DecorationMaster",
        "sceneName": "GG_Waterways",
        "pname": "HK_fly",
        "position": {
          "$type": "DecorationMaster.V2, DecorationMaster",
          "x": 154.099945,
          "y": 48.52023
        }
      },
      {
        "$type": "DecorationMaster.ItemDef+DefaultItem, DecorationMaster",
        "sceneName": "GG_Waterways",
        "pname": "HK_fly",
        "position": {
          "$type": "DecorationMaster.V2, DecorationMaster",
          "x": 156.089691,
          "y": 51.2645073
        }
      },
      {
        "$type": "DecorationMaster.ItemDef+DefaultItem, DecorationMaster",
        "sceneName": "GG_Waterways",
        "pname": "HK_fly",
        "position": {
          "$type": "DecorationMaster.V2, DecorationMaster",
          "x": 156.089691,
          "y": 54.931385
        }
      },
      {
        "$type": "DecorationMaster.ItemDef+DefaultItem, DecorationMaster",
        "sceneName": "GG_Waterways",
        "pname": "HK_fly",
        "position": {
          "$type": "DecorationMaster.V2, DecorationMaster",
          "x": 156.089691,
          "y": 58.59737
        }
      },
      {
        "$type": "DecorationMaster.ItemDef+DefaultItem, DecorationMaster",
        "sceneName": "GG_Waterways",
        "pname": "HK_fly",
        "position": {
          "$type": "DecorationMaster.V2, DecorationMaster",
          "x": 156.089691,
          "y": 62.2635422
        }
      },
      {
        "$type": "DecorationMaster.ItemDef+DefaultItem, DecorationMaster",
        "sceneName": "GG_Waterways",
        "pname": "HK_fly",
        "position": {
          "$type": "DecorationMaster.V2, DecorationMaster",
          "x": 156.089691,
          "y": 65.93038
        }
      },
      {
        "$type": "DecorationMaster.ItemDef+DefaultItem, DecorationMaster",
        "sceneName": "GG_Waterways",
        "pname": "HK_fly",
        "position": {
          "$type": "DecorationMaster.V2, DecorationMaster",
          "x": 156.089691,
          "y": 69.26397
        }
      },
      {
        "$type": "DecorationMaster.ItemDef+DefaultItem, DecorationMaster",
        "sceneName": "GG_Waterways",
        "pname": "HK_fly",
        "position": {
          "$type": "DecorationMaster.V2, DecorationMaster",
          "x": 156.089691,
          "y": 73.26368
        }
      },
      {
        "$type": "DecorationMaster.ItemDef+DefaultItem, DecorationMaster",
        "sceneName": "GG_Waterways",
        "pname": "HK_fly",
        "position": {
          "$type": "DecorationMaster.V2, DecorationMaster",
          "x": 156.089691,
          "y": 76.93023
        }
      },
      {
        "$type": "DecorationMaster.ItemDef+DefaultItem, DecorationMaster",
        "sceneName": "GG_Waterways",
        "pname": "HK_fly",
        "position": {
          "$type": "DecorationMaster.V2, DecorationMaster",
          "x": 156.089691,
          "y": 80.93015
        }
      },
      {
        "$type": "DecorationMaster.ItemDef+DefaultItem, DecorationMaster",
        "sceneName": "GG_Waterways",
        "pname": "HK_fly",
        "position": {
          "$type": "DecorationMaster.V2, DecorationMaster",
          "x": 156.089691,
          "y": 84.59671
        }
      },
      {
        "$type": "DecorationMaster.ItemDef+ConveyorItem, DecorationMaster",
        "speed": 5,
        "size": 2.0,
        "angle": 0,
        "sceneName": "GG_Waterways",
        "pname": "simple_conveyor",
        "position": {
          "$type": "DecorationMaster.V2, DecorationMaster",
          "x": 142.7338,
          "y": 39.7632523
        }
      },
      {
        "$type": "DecorationMaster.MyBehaviour.DefaultBehaviour+SharedItem, DecorationMaster",
        "size": 1.0,
        "angle": 0,
        "sceneName": "GG_Waterways",
        "pname": "HK_garden_plat_s",
        "position": {
          "$type": "DecorationMaster.V2, DecorationMaster",
          "x": 128.920746,
          "y": 34.08956
        }
      },
      {
        "$type": "DecorationMaster.MyBehaviour.Bench+BenchItem, DecorationMaster",
        "bench_name": "D_bench1_962006_08457508",
        "sceneName": "GG_Waterways",
        "pname": "HK_bench",
        "position": {
          "$type": "DecorationMaster.V2, DecorationMaster",
          "x": 42.1539955,
          "y": 13.4710045
        }
      },
      {
        "$type": "DecorationMaster.MyBehaviour.DefaultBehaviour+SharedItem, DecorationMaster",
        "size": 1.0,
        "angle": 0,
        "sceneName": "GG_Waterways",
        "pname": "HK_spike",
        "position": {
          "$type": "DecorationMaster.V2, DecorationMaster",
          "x": 12.6353912,
          "y": 18.2055073
        }
      },
      {
        "$type": "DecorationMaster.ItemDef+DefatulResizeItem, DecorationMaster",
        "size": 0.64,
        "angle": 28,
        "sceneName": "GG_Waterways",
        "pname": "HK_turret",
        "position": {
          "$type": "DecorationMaster.V2, DecorationMaster",
          "x": 20.2139568,
          "y": 17.3806667
        }
      },
      {
        "$type": "DecorationMaster.ItemDef+DefatulResizeItem, DecorationMaster",
        "size": 1.0,
        "angle": 0,
        "sceneName": "GG_Waterways",
        "pname": "zote_wall",
        "position": {
          "$type": "DecorationMaster.V2, DecorationMaster",
          "x": 24.0756454,
          "y": 17.1257248
        }
      },
      {
        "$type": "DecorationMaster.ItemDef+DefaultItem, DecorationMaster",
        "sceneName": "GG_Waterways",
        "pname": "zote_detection",
        "position": {
          "$type": "DecorationMaster.V2, DecorationMaster",
          "x": 55.6772232,
          "y": 11.6859417
        }
      },
      {
        "$type": "DecorationMaster.ItemDef+DefatulResizeItem, DecorationMaster",
        "size": 1.0,
        "angle": 0,
        "sceneName": "GG_Waterways",
        "pname": "white_spike",
        "position": {
          "$type": "DecorationMaster.V2, DecorationMaster",
          "x": 65.81839,
          "y": 12.1358547
        }
      },
      {
        "$type": "DecorationMaster.ItemDef+DefaultItem, DecorationMaster",
        "sceneName": "GG_Waterways",
        "pname": "IMG_RespawnPoint",
        "position": {
          "$type": "DecorationMaster.V2, DecorationMaster",
          "x": 68.21772,
          "y": 14.4777164
        }
      },
      {
        "$type": "DecorationMaster.ItemDef+DefaultItem, DecorationMaster",
        "sceneName": "GG_Waterways",
        "pname": "IMG_RespawnPoint",
        "position": {
          "$type": "DecorationMaster.V2, DecorationMaster",
          "x": 54.3223457,
          "y": 16.5179062
        }
      },
      {
        "$type": "DecorationMaster.ItemDef+DefaultItem, DecorationMaster",
        "sceneName": "GG_Waterways",
        "pname": "IMG_RespawnPoint",
        "position": {
          "$type": "DecorationMaster.V2, DecorationMaster",
          "x": 21.9698086,
          "y": 20.7626553
        }
      },
      {
        "$type": "DecorationMaster.ItemDef+DefaultItem, DecorationMaster",
        "sceneName": "GG_Waterways",
        "pname": "IMG_RespawnPoint",
        "position": {
          "$type": "DecorationMaster.V2, DecorationMaster",
          "x": 126.014526,
          "y": 57.5178947
        }
      },
      {
        "$type": "DecorationMaster.MyBehaviour.Bench+BenchItem, DecorationMaster",
        "bench_name": "D_bench1_206757_08457803",
        "sceneName": "GG_Waterways",
        "pname": "HK_bench",
        "position": {
          "$type": "DecorationMaster.V2, DecorationMaster",
          "x": 130.220627,
          "y": 55.7108231
        }
      },
      {
        "$type": "DecorationMaster.ItemDef+DefaultItem, DecorationMaster",
        "sceneName": "GG_Waterways",
        "pname": "binoculars",
        "position": {
          "$type": "DecorationMaster.V2, DecorationMaster",
          "x": 177.485977,
          "y": 47.0644836
        }
      },
      {
        "$type": "DecorationMaster.ItemDef+AuidoItem, DecorationMaster",
        "Note": 5,
        "sceneName": "GG_Waterways",
        "pname": "note_platform",
        "position": {
          "$type": "DecorationMaster.V2, DecorationMaster",
          "x": 187.049652,
          "y": 40.10587
        }
      }
    ]
  }
}