{
  "$type": "DecorationMaster.ItemSettings, DecorationMaster",
  "scene_name": null,
  "mod_version": 0.5,
  "items": {
    "$type": "System.Collections.Generic.List`1[[DecorationMaster.Item, DecorationMaster]], mscorlib",
    "$values": [
      {
        "$type": "DecorationMaster.MyBehaviour.Gem.TransitionGem+TPItem, DecorationMaster",
        "Identity": "ZT",
        "Destination": "SBW",
        "sceneName": "GG_Workshop",
        "pname": "IMG_TP",
        "position": {
          "$type": "DecorationMaster.V2, DecorationMaster",
          "x": 197.208252,
          "y": 74.48608
        }
      },
      {
        "$type": "DecorationMaster.MyBehaviour.Gem.TransitionGem+TPItem, DecorationMaster",
        "Identity": "SBW",
        "Destination": "ZT",
        "sceneName": "GG_Workshop",
        "pname": "IMG_TP",
        "position": {
          "$type": "DecorationMaster.V2, DecorationMaster",
          "x": 249.500717,
          "y": 15.11438
        }
      },
      {
        "$type": "DecorationMaster.MyBehaviour.Gem.TransitionGem+TPItem, DecorationMaster",
        "Identity": "Q",
        "Destination": "YC",
        "sceneName": "Ruins1_06",
        "pname": "IMG_TP",
        "position": {
          "$type": "DecorationMaster.V2, DecorationMaster",
          "x": 28.92235,
          "y": 18.7355671
        }
      },
      {
        "$type": "DecorationMaster.MyBehaviour.Gem.TransitionGem+TPItem, DecorationMaster",
        "Identity": "YC",
        "Destination": "Q",
        "sceneName": "Ruins1_06",
        "pname": "IMG_TP",
        "position": {
          "$type": "DecorationMaster.V2, DecorationMaster",
          "x": 95.583,
          "y": 3.410962
        }
      },
      {
        "$type": "DecorationMaster.MyBehaviour.Gem.TransitionGem+TPItem, DecorationMaster",
        "Identity": "A",
        "Destination": "B",
        "sceneName": "Ruins1_06",
        "pname": "IMG_TP",
        "position": {
          "$type": "DecorationMaster.V2, DecorationMaster",
          "x": 33.1601944,
          "y": 3.290986
        }
      },
      {
        "$type": "DecorationMaster.MyBehaviour.Gem.TransitionGem+TPItem, DecorationMaster",
        "Identity": "B",
        "Destination": "A",
        "sceneName": "Ruins1_06",
        "pname": "IMG_TP",
        "position": {
          "$type": "DecorationMaster.V2, DecorationMaster",
          "x": 23.0766411,
          "y": 18.6973419
        }
      },
      {
        "$type": "DecorationMaster.MyBehaviour.Gem.TransitionGem+TPItem, DecorationMaster",
        "Identity": "LH",
        "Destination": "L",
        "sceneName": "Ruins1_09",
        "pname": "IMG_TP",
        "position": {
          "$type": "DecorationMaster.V2, DecorationMaster",
          "x": 32.066864,
          "y": 22.8491974
        }
      },
      {
        "$type": "DecorationMaster.MyBehaviour.Gem.TransitionGem+TPItem, DecorationMaster",
        "Identity": "L",
        "Destination": "LH",
        "sceneName": "Ruins1_09",
        "pname": "IMG_TP",
        "position": {
          "$type": "DecorationMaster.V2, DecorationMaster",
          "x": 6.336627,
          "y": 2.37616682
        }
      },
      {
        "$type": "DecorationMaster.MyBehaviour.Gem.TransitionGem+TPItem, DecorationMaster",
        "Identity": "FUNGUS2_07",
        "Destination": "FUNGUS2_32",
        "sceneName": "Fungus2_07",
        "pname": "IMG_TP",
        "position": {
          "$type": "DecorationMaster.V2, DecorationMaster",
          "x": 27.71127,
          "y": 31.9699421
        }
      },
      {
        "$type": "DecorationMaster.MyBehaviour.Gem.TransitionGem+TPItem, DecorationMaster",
        "Identity": "RESTINGGROUNDS_05",
        "Destination": "RESTINGGROUNDS_12",
        "sceneName": "RestingGrounds_05",
        "pname": "IMG_TP",
        "position": {
          "$type": "DecorationMaster.V2, DecorationMaster",
          "x": 42.2026672,
          "y": 4.61072636
        }
      },
      {
        "$type": "DecorationMaster.MyBehaviour.Gem.TransitionGem+TPItem, DecorationMaster",
        "Identity": "RESTINGGROUNDS_12",
        "Destination": "RESTINGGROUNDS_05",
        "sceneName": "RestingGrounds_12",
        "pname": "IMG_TP",
        "position": {
          "$type": "DecorationMaster.V2, DecorationMaster",
          "x": 3.23224258,
          "y": 3.98085117
        }
      },
      {
        "$type": "DecorationMaster.MyBehaviour.Gem.TransitionGem+TPItem, DecorationMaster",
        "Identity": "MINES_30(1)",
        "Destination": "MINES_30(2)",
        "sceneName": "Mines_30",
        "pname": "IMG_TP",
        "position": {
          "$type": "DecorationMaster.V2, DecorationMaster",
          "x": 163.149063,
          "y": 21.7539978
        }
      },
      {
        "$type": "DecorationMaster.MyBehaviour.Gem.TransitionGem+TPItem, DecorationMaster",
        "Identity": "MINES_30(2)",
        "Destination": "MINES_30(1)",
        "sceneName": "Mines_30",
        "pname": "IMG_TP",
        "position": {
          "$type": "DecorationMaster.V2, DecorationMaster",
          "x": 7.935804,
          "y": 14.0444832
        }
      },
      {
        "$type": "DecorationMaster.MyBehaviour.Gem.TransitionGem+TPItem, DecorationMaster",
        "Identity": "FUNGUS2_21",
        "Destination": "FUNGUS2_21",
        "sceneName": "Fungus2_21",
        "pname": "IMG_TP",
        "position": {
          "$type": "DecorationMaster.V2, DecorationMaster",
          "x": 115.782349,
          "y": 22.268713
        }
      },
      {
        "$type": "DecorationMaster.MyBehaviour.Gem.TransitionGem+TPItem, DecorationMaster",
        "Identity": "FUNGUS2_13",
        "Destination": "FUNGUS2_21",
        "sceneName": "Fungus2_13",
        "pname": "IMG_TP",
        "position": {
          "$type": "DecorationMaster.V2, DecorationMaster",
          "x": 20.8958549,
          "y": 2.60112333
        }
      },
      {
        "$type": "DecorationMaster.MyBehaviour.Gem.TransitionGem+TPItem, DecorationMaster",
        "Identity": "WHITE_PALACE_20",
        "Destination": "WHITE_PALACE_20",
        "sceneName": "White_Palace_20",
        "pname": "IMG_TP",
        "position": {
          "$type": "DecorationMaster.V2, DecorationMaster",
          "x": 236.117172,
          "y": 84.28704
        }
      },
      {
        "$type": "DecorationMaster.MyBehaviour.Gem.TransitionGem+TPItem, DecorationMaster",
        "Identity": "ROOM_OUIJI",
        "Destination": "WHITE_PALACE_20",
        "sceneName": "Room_Ouiji",
        "pname": "IMG_TP",
        "position": {
          "$type": "DecorationMaster.V2, DecorationMaster",
          "x": 17.4826317,
          "y": 11.6659222
        }
      },
      {
        "$type": "DecorationMaster.MyBehaviour.Gem.TransitionGem+TPItem, DecorationMaster",
        "Identity": "CS01",
        "Destination": "ROOM_OUIJI",
        "sceneName": "White_Palace_20",
        "pname": "IMG_TP",
        "position": {
          "$type": "DecorationMaster.V2, DecorationMaster",
          "x": 252.418457,
          "y": 7.895079
        }
      },
      {
        "$type": "DecorationMaster.MyBehaviour.Gem.TransitionGem+TPItem, DecorationMaster",
        "Identity": "ROOM_TEMPLE",
        "Destination": "WHITE_PALACE_20",
        "sceneName": "Room_temple",
        "pname": "IMG_TP",
        "position": {
          "$type": "DecorationMaster.V2, DecorationMaster",
          "x": 61.6873055,
          "y": 6.41895676
        }
      },
      {
        "$type": "DecorationMaster.MyBehaviour.Gem.TransitionGem+TPItem, DecorationMaster",
        "Identity": "CS02",
        "Destination": "ROOM_TEMPLE",
        "sceneName": "White_Palace_20",
        "pname": "IMG_TP",
        "position": {
          "$type": "DecorationMaster.V2, DecorationMaster",
          "x": 258.132843,
          "y": 8.105039
        }
      },
      {
        "$type": "DecorationMaster.MyBehaviour.Gem.TransitionGem+TPItem, DecorationMaster",
        "Identity": "CROSSROADS_02",
        "Destination": "CROSSROADS_02",
        "sceneName": "Crossroads_40",
        "pname": "IMG_TP",
        "position": {
          "$type": "DecorationMaster.V2, DecorationMaster",
          "x": 75.64257,
          "y": 6.04961443
        }
      },
      {
        "$type": "DecorationMaster.MyBehaviour.Gem.TransitionGem+TPItem, DecorationMaster",
        "Identity": "CROSSROADS_02X",
        "Destination": "CROSSROADS_02",
        "sceneName": "Crossroads_40",
        "pname": "IMG_TP",
        "position": {
          "$type": "DecorationMaster.V2, DecorationMaster",
          "x": 45.4983,
          "y": 7.759278
        }
      },
      {
        "$type": "DecorationMaster.MyBehaviour.Gem.TransitionGem+TPItem, DecorationMaster",
        "Identity": "RUINS2_WATCHER_ROOM1",
        "Destination": "RUINS2_WATCHER_ROOM2",
        "sceneName": "Ruins2_Watcher_Room",
        "pname": "IMG_TP",
        "position": {
          "$type": "DecorationMaster.V2, DecorationMaster",
          "x": 3.8771162,
          "y": 29.7103252
        }
      },
      {
        "$type": "DecorationMaster.MyBehaviour.Gem.TransitionGem+TPItem, DecorationMaster",
        "Identity": "RUINS2_WATCHER_ROOM2",
        "Destination": "RUINS2_WATCHER_ROOM1",
        "sceneName": "Ruins2_Watcher_Room",
        "pname": "IMG_TP",
        "position": {
          "$type": "DecorationMaster.V2, DecorationMaster",
          "x": 17.0145226,
          "y": 16.74612
        }
      },
      {
        "$type": "DecorationMaster.MyBehaviour.Gem.TransitionGem+TPItem, DecorationMaster",
        "Identity": "RUINS2_WATCHER_ROOM3",
        "Destination": "RUINS2_WATCHER_ROOM4",
        "sceneName": "Ruins2_Watcher_Room",
        "pname": "IMG_TP",
        "position": {
          "$type": "DecorationMaster.V2, DecorationMaster",
          "x": 11.3928413,
          "y": 148.39502
        }
      },
      {
        "$type": "DecorationMaster.MyBehaviour.Gem.TransitionGem+TPItem, DecorationMaster",
        "Identity": "RUINS2_WATCHER_ROOM4",
        "Destination": "RUINS2_WATCHER_ROOM4",
        "sceneName": "Ruins2_Watcher_Room",
        "pname": "IMG_TP",
        "position": {
          "$type": "DecorationMaster.V2, DecorationMaster",
          "x": 75.83282,
          "y": 4.972995
        }
      },
      {
        "$type": "DecorationMaster.MyBehaviour.Gem.TransitionGem+TPItem, DecorationMaster",
        "Identity": "RUINS2_WATCHER_ROOM5",
        "Destination": "RUINS2_WATCHER_ROOM6",
        "sceneName": "Ruins2_Watcher_Room",
        "pname": "IMG_TP",
        "position": {
          "$type": "DecorationMaster.V2, DecorationMaster",
          "x": 74.9511261,
          "y": 120.430069
        }
      },
      {
        "$type": "DecorationMaster.MyBehaviour.Gem.TransitionGem+TPItem, DecorationMaster",
        "Identity": "RUINS2_WATCHER_ROOM6",
        "Destination": "RUINS2_WATCHER_ROOM6",
        "sceneName": "Ruins2_Watcher_Room",
        "pname": "IMG_TP",
        "position": {
          "$type": "DecorationMaster.V2, DecorationMaster",
          "x": 23.74019,
          "y": 8.74991
        }
      },
      {
        "$type": "DecorationMaster.MyBehaviour.Gem.TransitionGem+TPItem, DecorationMaster",
        "Identity": "RUINS2_WATCHER_ROOM7",
        "Destination": "RUINS2_WATCHER_ROOM8",
        "sceneName": "Ruins2_Watcher_Room",
        "pname": "IMG_TP",
        "position": {
          "$type": "DecorationMaster.V2, DecorationMaster",
          "x": 26.1508522,
          "y": 22.52424
        }
      },
      {
        "$type": "DecorationMaster.MyBehaviour.Gem.TransitionGem+TPItem, DecorationMaster",
        "Identity": "RUINS2_WATCHER_ROOM8",
        "Destination": "RUINS2_WATCHER_ROOM7",
        "sceneName": "Ruins2_Watcher_Room",
        "pname": "IMG_TP",
        "position": {
          "$type": "DecorationMaster.V2, DecorationMaster",
          "x": 26.0335655,
          "y": 6.72116566
        }
      },
      {
        "$type": "DecorationMaster.MyBehaviour.Gem.TransitionGem+TPItem, DecorationMaster",
        "Identity": "WATERWAYS_07",
        "Destination": "WATERWAYS_06",
        "sceneName": "Waterways_07",
        "pname": "IMG_TP",
        "position": {
          "$type": "DecorationMaster.V2, DecorationMaster",
          "x": 4.944454,
          "y": 22.1599751
        }
      },
      {
        "$type": "DecorationMaster.MyBehaviour.Gem.TransitionGem+TPItem, DecorationMaster",
        "Identity": "WATERWAYS_06",
        "Destination": "WATERWAYS_07",
        "sceneName": "Waterways_06",
        "pname": "IMG_TP",
        "position": {
          "$type": "DecorationMaster.V2, DecorationMaster",
          "x": 135.52298,
          "y": 19.867836
        }
      },
      {
        "$type": "DecorationMaster.MyBehaviour.Gem.TransitionGem+TPItem, DecorationMaster",
        "Identity": "ABYSS_01X",
        "Destination": "ABYSS_01S",
        "sceneName": "Abyss_01",
        "pname": "IMG_TP",
        "position": {
          "$type": "DecorationMaster.V2, DecorationMaster",
          "x": 38.01849,
          "y": 15.3597536
        }
      },
      {
        "$type": "DecorationMaster.MyBehaviour.Gem.TransitionGem+TPItem, DecorationMaster",
        "Identity": "ABYSS_01S",
        "Destination": "ABYSS_01X",
        "sceneName": "Abyss_01",
        "pname": "IMG_TP",
        "position": {
          "$type": "DecorationMaster.V2, DecorationMaster",
          "x": 5.961705,
          "y": 166.436584
        }
      },
      {
        "$type": "DecorationMaster.MyBehaviour.Gem.TransitionGem+TPItem, DecorationMaster",
        "Identity": "ABYSS_18H",
        "Destination": "ABYSS_18Q",
        "sceneName": "Abyss_18",
        "pname": "IMG_TP",
        "position": {
          "$type": "DecorationMaster.V2, DecorationMaster",
          "x": 4.45920753,
          "y": 19.93107
        }
      },
      {
        "$type": "DecorationMaster.MyBehaviour.Gem.TransitionGem+TPItem, DecorationMaster",
        "Identity": "ABYSS_18Q",
        "Destination": "ABYSS_18H",
        "sceneName": "Abyss_18",
        "pname": "IMG_TP",
        "position": {
          "$type": "DecorationMaster.V2, DecorationMaster",
          "x": 189.723419,
          "y": 20.1755753
        }
      },
      {
        "$type": "DecorationMaster.MyBehaviour.Gem.TransitionGem+TPItem, DecorationMaster",
        "Identity": "ABYSS_05S",
        "Destination": "ABYSS_05X",
        "sceneName": "Abyss_05",
        "pname": "IMG_TP",
        "position": {
          "$type": "DecorationMaster.V2, DecorationMaster",
          "x": 38.4364052,
          "y": 43.46343
        }
      },
      {
        "$type": "DecorationMaster.MyBehaviour.Gem.TransitionGem+TPItem, DecorationMaster",
        "Identity": "ABYSS_05X",
        "Destination": "ABYSS_05X",
        "sceneName": "Abyss_05",
        "pname": "IMG_TP",
        "position": {
          "$type": "DecorationMaster.V2, DecorationMaster",
          "x": 28.4429836,
          "y": 13.3536453
        }
      },
      {
        "$type": "DecorationMaster.MyBehaviour.Gem.TransitionGem+TPItem, DecorationMaster",
        "Identity": "ABYSS_05CZ",
        "Destination": "ABYSS_05CZ",
        "sceneName": "Abyss_05",
        "pname": "IMG_TP",
        "position": {
          "$type": "DecorationMaster.V2, DecorationMaster",
          "x": 190.753845,
          "y": 20.4752827
        }
      },
      {
        "$type": "DecorationMaster.MyBehaviour.Gem.TransitionGem+TPItem, DecorationMaster",
        "Identity": "ABYSS_05M",
        "Destination": "ABYSS_05CZ",
        "sceneName": "Abyss_05",
        "pname": "IMG_TP",
        "position": {
          "$type": "DecorationMaster.V2, DecorationMaster",
          "x": 112.106918,
          "y": 22.3799019
        }
      },
      {
        "$type": "DecorationMaster.MyBehaviour.Gem.TransitionGem+TPItem, DecorationMaster",
        "Identity": "ABYSS_05Q",
        "Destination": "ABYSS_05CZ",
        "sceneName": "Abyss_05",
        "pname": "IMG_TP",
        "position": {
          "$type": "DecorationMaster.V2, DecorationMaster",
          "x": 91.6741,
          "y": 2.87518454
        }
      },
      {
        "$type": "DecorationMaster.MyBehaviour.Gem.TransitionGem+TPItem, DecorationMaster",
        "Identity": "FUNGUS2_32",
        "Destination": "FUNGUS2_32",
        "sceneName": "Fungus2_32",
        "pname": "IMG_TP",
        "position": {
          "$type": "DecorationMaster.V2, DecorationMaster",
          "x": 12.6353893,
          "y": 7.250211
        }
      },
      {
        "$type": "DecorationMaster.MyBehaviour.Gem.TransitionGem+TPItem, DecorationMaster",
        "Identity": "DEEPNEST_EAST_16H",
        "Destination": "DEEPNEST_EAST_16Q",
        "sceneName": "Deepnest_East_16",
        "pname": "IMG_TP",
        "position": {
          "$type": "DecorationMaster.V2, DecorationMaster",
          "x": 58.45339,
          "y": 8.659929
        }
      },
      {
        "$type": "DecorationMaster.MyBehaviour.Gem.TransitionGem+TPItem, DecorationMaster",
        "Identity": "DEEPNEST_EAST_16Q",
        "Destination": "DEEPNEST_EAST_16Z",
        "sceneName": "Deepnest_East_16",
        "pname": "IMG_TP",
        "position": {
          "$type": "DecorationMaster.V2, DecorationMaster",
          "x": 6.27664375,
          "y": 6.78529835
        }
      },
      {
        "$type": "DecorationMaster.MyBehaviour.Gem.TransitionGem+TPItem, DecorationMaster",
        "Identity": "DEEPNEST_EAST_16Z",
        "Destination": "DEEPNEST_EAST_16Z",
        "sceneName": "Deepnest_East_16",
        "pname": "IMG_TP",
        "position": {
          "$type": "DecorationMaster.V2, DecorationMaster",
          "x": 17.7390919,
          "y": 8.779905
        }
      },
      {
        "$type": "DecorationMaster.MyBehaviour.Gem.TransitionGem+TPItem, DecorationMaster",
        "Identity": "DEEPNEST_EAST_17",
        "Destination": "DEEPNEST_EAST_14",
        "sceneName": "Deepnest_East_17",
        "pname": "IMG_TP",
        "position": {
          "$type": "DecorationMaster.V2, DecorationMaster",
          "x": 25.0213356,
          "y": 22.203537
        }
      },
      {
        "$type": "DecorationMaster.MyBehaviour.Gem.TransitionGem+TPItem, DecorationMaster",
        "Identity": "DEEPNEST_EAST_14",
        "Destination": "DEEPNEST_EAST_14",
        "sceneName": "Deepnest_East_14",
        "pname": "IMG_TP",
        "position": {
          "$type": "DecorationMaster.V2, DecorationMaster",
          "x": 154.792191,
          "y": 26.0448551
        }
      },
      {
        "$type": "DecorationMaster.MyBehaviour.Gem.TransitionGem+TPItem, DecorationMaster",
        "Identity": "WHITE_PALACE_11",
        "Destination": "GG_LURKER_BG",
        "sceneName": "White_Palace_11",
        "pname": "IMG_TP",
        "position": {
          "$type": "DecorationMaster.V2, DecorationMaster",
          "x": 24.3159637,
          "y": 21.69484
        }
      },
      {
        "$type": "DecorationMaster.MyBehaviour.Gem.TransitionGem+TPItem, DecorationMaster",
        "Identity": "GG_LURKER_QBG",
        "Destination": "WHITE_PALACE_09",
        "sceneName": "GG_Lurker",
        "pname": "IMG_TP",
        "position": {
          "$type": "DecorationMaster.V2, DecorationMaster",
          "x": 38.0371437,
          "y": 6.500356
        }
      },
      {
        "$type": "DecorationMaster.MyBehaviour.Gem.TransitionGem+TPItem, DecorationMaster",
        "Identity": "GG_LURKER_BG",
        "Destination": "WHITE_PALACE_11",
        "sceneName": "GG_Lurker",
        "pname": "IMG_TP",
        "position": {
          "$type": "DecorationMaster.V2, DecorationMaster",
          "x": 30.479948,
          "y": 6.35038567
        }
      },
      {
        "$type": "DecorationMaster.MyBehaviour.Gem.TransitionGem+TPItem, DecorationMaster",
        "Identity": "CS04",
        "Destination": "DEEPNEST_EAST_09",
        "sceneName": "White_Palace_20",
        "pname": "IMG_TP",
        "position": {
          "$type": "DecorationMaster.V2, DecorationMaster",
          "x": 269.243774,
          "y": 8.344989
        }
      },
      {
        "$type": "DecorationMaster.MyBehaviour.Gem.TransitionGem+TPItem, DecorationMaster",
        "Identity": "GG_Ghost_Galien1",
        "Destination": "GG_Ghost_Galien2",
        "sceneName": "GG_Ghost_Galien",
        "pname": "IMG_TP",
        "position": {
          "$type": "DecorationMaster.V2, DecorationMaster",
          "x": 39.80675,
          "y": 17.539938
        }
      },
      {
        "$type": "DecorationMaster.MyBehaviour.Gem.TransitionGem+TPItem, DecorationMaster",
        "Identity": "GG_Ghost_Galien3",
        "Destination": "GG_Ghost_Galien1",
        "sceneName": "GG_Ghost_Galien",
        "pname": "IMG_TP",
        "position": {
          "$type": "DecorationMaster.V2, DecorationMaster",
          "x": 65.21203,
          "y": 17.999382
        }
      },
      {
        "$type": "DecorationMaster.MyBehaviour.Gem.TransitionGem+TPItem, DecorationMaster",
        "Identity": "GG_Ghost_Galien2",
        "Destination": "GG_Ghost_Galien3",
        "sceneName": "GG_Ghost_Galien",
        "pname": "IMG_TP",
        "position": {
          "$type": "DecorationMaster.V2, DecorationMaster",
          "x": 52.71374,
          "y": 18.3500919
        }
      },
      {
        "$type": "DecorationMaster.MyBehaviour.Gem.TransitionGem+TPItem, DecorationMaster",
        "Identity": "Tutorial_01WN1",
        "Destination": "Tutorial_01WN1",
        "sceneName": "Tutorial_01",
        "pname": "IMG_TP",
        "position": {
          "$type": "DecorationMaster.V2, DecorationMaster",
          "x": 156.8647,
          "y": 39.275116
        }
      },
      {
        "$type": "DecorationMaster.MyBehaviour.Gem.TransitionGem+TPItem, DecorationMaster",
        "Identity": "Tutorial_01WN2",
        "Destination": "Tutorial_01WN1",
        "sceneName": "Tutorial_01",
        "pname": "IMG_TP",
        "position": {
          "$type": "DecorationMaster.V2, DecorationMaster",
          "x": 172.354843,
          "y": 19.3201618
        }
      },
      {
        "$type": "DecorationMaster.MyBehaviour.Gem.TransitionGem+TPItem, DecorationMaster",
        "Identity": "RestingGrounds_08MZS",
        "Destination": "RestingGrounds_08DYF",
        "sceneName": "RestingGrounds_08",
        "pname": "IMG_TP",
        "position": {
          "$type": "DecorationMaster.V2, DecorationMaster",
          "x": 159.573151,
          "y": 65.5731
        }
      },
      {
        "$type": "DecorationMaster.MyBehaviour.Gem.TransitionGem+TPItem, DecorationMaster",
        "Identity": "RestingGrounds_08DYF",
        "Destination": "RestingGrounds_08MZS",
        "sceneName": "RestingGrounds_08",
        "pname": "IMG_TP",
        "position": {
          "$type": "DecorationMaster.V2, DecorationMaster",
          "x": 181.763489,
          "y": 65.2731552
        }
      },
      {
        "$type": "DecorationMaster.MyBehaviour.Gem.TransitionGem+TPItem, DecorationMaster",
        "Identity": "FUNGUS2_08",
        "Destination": "CROSSROADS_49B",
        "sceneName": "Fungus2_08",
        "pname": "IMG_TP",
        "position": {
          "$type": "DecorationMaster.V2, DecorationMaster",
          "x": 23.42342,
          "y": 62.7974739
        }
      },
      {
        "$type": "DecorationMaster.MyBehaviour.Gem.TransitionGem+TPItem, DecorationMaster",
        "Identity": "CROSSROADS_49B",
        "Destination": "FUNGUS2_08",
        "sceneName": "Crossroads_49b",
        "pname": "IMG_TP",
        "position": {
          "$type": "DecorationMaster.V2, DecorationMaster",
          "x": 3.4473,
          "y": 9.515083
        }
      },
      {
        "$type": "DecorationMaster.MyBehaviour.Gem.TransitionGem+TPItem, DecorationMaster",
        "Identity": "CLIFFS_02WM",
        "Destination": "CLIFFS_02WM",
        "sceneName": "Cliffs_02",
        "pname": "IMG_TP",
        "position": {
          "$type": "DecorationMaster.V2, DecorationMaster",
          "x": 169.55545,
          "y": 29.1274014
        }
      },
      {
        "$type": "DecorationMaster.MyBehaviour.Gem.TransitionGem+TPItem, DecorationMaster",
        "Identity": "CLIFFS_02LM",
        "Destination": "CLIFFS_02WM",
        "sceneName": "Cliffs_02",
        "pname": "IMG_TP",
        "position": {
          "$type": "DecorationMaster.V2, DecorationMaster",
          "x": 104.142105,
          "y": 10.9648495
        }
      },
      {
        "$type": "DecorationMaster.MyBehaviour.Gem.TransitionGem+TPItem, DecorationMaster",
        "Identity": "Cliffs_02Y",
        "Destination": "Cliffs_02Z",
        "sceneName": "Cliffs_02",
        "pname": "IMG_TP",
        "position": {
          "$type": "DecorationMaster.V2, DecorationMaster",
          "x": 215.736923,
          "y": 72.41448
        }
      },
      {
        "$type": "DecorationMaster.MyBehaviour.Gem.TransitionGem+TPItem, DecorationMaster",
        "Identity": "Cliffs_02Z",
        "Destination": "Cliffs_02Z",
        "sceneName": "Cliffs_02",
        "pname": "IMG_TP",
        "position": {
          "$type": "DecorationMaster.V2, DecorationMaster",
          "x": 164.267044,
          "y": 56.8609161
        }
      },
      {
        "$type": "DecorationMaster.MyBehaviour.Gem.TransitionGem+TPItem, DecorationMaster",
        "Identity": "Cliffs_02Y2",
        "Destination": "Cliffs_02Z2",
        "sceneName": "Cliffs_02",
        "pname": "IMG_TP",
        "position": {
          "$type": "DecorationMaster.V2, DecorationMaster",
          "x": 141.34639,
          "y": 43.4408722
        }
      },
      {
        "$type": "DecorationMaster.MyBehaviour.Gem.TransitionGem+TPItem, DecorationMaster",
        "Identity": "Cliffs_02Z2",
        "Destination": "Cliffs_02Y2",
        "sceneName": "Cliffs_02",
        "pname": "IMG_TP",
        "position": {
          "$type": "DecorationMaster.V2, DecorationMaster",
          "x": 62.8017349,
          "y": 82.30889
        }
      },
      {
        "$type": "DecorationMaster.MyBehaviour.Gem.TransitionGem+TPItem, DecorationMaster",
        "Identity": "Room_Sly_Storeroom",
        "Destination": "Room_Sly_Storeroom",
        "sceneName": "Room_Sly_Storeroom",
        "pname": "IMG_TP",
        "position": {
          "$type": "DecorationMaster.V2, DecorationMaster",
          "x": -31.4318771,
          "y": 8.95464
        }
      },
      {
        "$type": "DecorationMaster.MyBehaviour.Gem.TransitionGem+TPItem, DecorationMaster",
        "Identity": "Room_shop",
        "Destination": "Room_Sly_Storeroom",
        "sceneName": "Room_shop",
        "pname": "IMG_TP",
        "position": {
          "$type": "DecorationMaster.V2, DecorationMaster",
          "x": 62.3379555,
          "y": 6.443715
        }
      },
      {
        "$type": "DecorationMaster.MyBehaviour.Gem.TransitionGem+TPItem, DecorationMaster",
        "Identity": "Room_Sly_Storeroom1",
        "Destination": "Room_Sly_Storeroom1",
        "sceneName": "Room_Sly_Storeroom",
        "pname": "IMG_TP",
        "position": {
          "$type": "DecorationMaster.V2, DecorationMaster",
          "x": 44.4763,
          "y": 4.980794
        }
      },
      {
        "$type": "DecorationMaster.MyBehaviour.Gem.TransitionGem+TPItem, DecorationMaster",
        "Identity": "Fungus3_34Y",
        "Destination": "Fungus3_34Y",
        "sceneName": "Fungus3_34",
        "pname": "IMG_TP",
        "position": {
          "$type": "DecorationMaster.V2, DecorationMaster",
          "x": 42.767,
          "y": 12.6996365
        }
      },
      {
        "$type": "DecorationMaster.MyBehaviour.Gem.TransitionGem+TPItem, DecorationMaster",
        "Identity": "Fungus3_34Z",
        "Destination": "Fungus3_34Y",
        "sceneName": "Fungus3_34",
        "pname": "IMG_TP",
        "position": {
          "$type": "DecorationMaster.V2, DecorationMaster",
          "x": 19.4926929,
          "y": 15.3421555
        }
      },
      {
        "$type": "DecorationMaster.MyBehaviour.Gem.TransitionGem+TPItem, DecorationMaster",
        "Identity": "Fungus3_49",
        "Destination": "Fungus3_13",
        "sceneName": "Fungus3_49",
        "pname": "IMG_TP",
        "position": {
          "$type": "DecorationMaster.V2, DecorationMaster",
          "x": 41.0290337,
          "y": 9.585201
        }
      },
      {
        "$type": "DecorationMaster.MyBehaviour.Gem.TransitionGem+TPItem, DecorationMaster",
        "Identity": "Fungus3_13",
        "Destination": "Fungus3_13",
        "sceneName": "Fungus3_13",
        "pname": "IMG_TP",
        "position": {
          "$type": "DecorationMaster.V2, DecorationMaster",
          "x": 15.41946,
          "y": 11.60245
        }
      },
      {
        "$type": "DecorationMaster.MyBehaviour.Gem.TransitionGem+TPItem, DecorationMaster",
        "Identity": "Fungus3_48S",
        "Destination": "Fungus3_48X",
        "sceneName": "Fungus3_48",
        "pname": "IMG_TP",
        "position": {
          "$type": "DecorationMaster.V2, DecorationMaster",
          "x": 41.36737,
          "y": 97.5151138
        }
      },
      {
        "$type": "DecorationMaster.MyBehaviour.Gem.TransitionGem+TPItem, DecorationMaster",
        "Identity": "Fungus3_48X",
        "Destination": "Fungus3_48S",
        "sceneName": "Fungus3_48",
        "pname": "IMG_TP",
        "position": {
          "$type": "DecorationMaster.V2, DecorationMaster",
          "x": 62.52,
          "y": 65.75305
        }
      },
      {
        "$type": "DecorationMaster.MyBehaviour.Gem.TransitionGem+TPItem, DecorationMaster",
        "Identity": "GG_Blue_RoomZ",
        "Destination": "GG_Blue_RoomY",
        "sceneName": "GG_Blue_Room",
        "pname": "IMG_TP",
        "position": {
          "$type": "DecorationMaster.V2, DecorationMaster",
          "x": 85.0867,
          "y": 17.7702026
        }
      },
      {
        "$type": "DecorationMaster.MyBehaviour.Gem.TransitionGem+TPItem, DecorationMaster",
        "Identity": "GG_Blue_RoomY",
        "Destination": "GG_Blue_RoomY",
        "sceneName": "GG_Blue_Room",
        "pname": "IMG_TP",
        "position": {
          "$type": "DecorationMaster.V2, DecorationMaster",
          "x": 88.1910858,
          "y": 19.9447727
        }
      },
      {
        "$type": "DecorationMaster.MyBehaviour.Gem.TransitionGem+TPItem, DecorationMaster",
        "Identity": "MInes_20S",
        "Destination": "MInes_20X",
        "sceneName": "Mines_20",
        "pname": "IMG_TP",
        "position": {
          "$type": "DecorationMaster.V2, DecorationMaster",
          "x": 59.5158844,
          "y": 157.625381
        }
      },
      {
        "$type": "DecorationMaster.MyBehaviour.Gem.TransitionGem+TPItem, DecorationMaster",
        "Identity": "MInes_20X",
        "Destination": "MInes_20S",
        "sceneName": "Mines_20",
        "pname": "IMG_TP",
        "position": {
          "$type": "DecorationMaster.V2, DecorationMaster",
          "x": 59.860817,
          "y": 154.08609
        }
      },
      {
        "$type": "DecorationMaster.MyBehaviour.Gem.TransitionGem+TPItem, DecorationMaster",
        "Identity": "BUG2",
        "Destination": "BUG1",
        "sceneName": "Dream_01_False_Knight",
        "pname": "IMG_TP",
        "position": {
          "$type": "DecorationMaster.V2, DecorationMaster",
          "x": 71.61663,
          "y": -18.6349812
        }
      },
      {
        "$type": "DecorationMaster.MyBehaviour.Gem.TransitionGem+TPItem, DecorationMaster",
        "Identity": "JE",
        "Destination": "JJ",
        "sceneName": "Room_Jinn",
        "pname": "IMG_TP",
        "position": {
          "$type": "DecorationMaster.V2, DecorationMaster",
          "x": 32.608902,
          "y": 12.2699442
        }
      },
      {
        "$type": "DecorationMaster.MyBehaviour.Gem.TransitionGem+TPItem, DecorationMaster",
        "Identity": "",
        "Destination": "",
        "sceneName": "Room_Ouiji",
        "pname": "IMG_TP",
        "position": {
          "$type": "DecorationMaster.V2, DecorationMaster",
          "x": 25.20036,
          "y": 19.4385376
        }
      },
      {
        "$type": "DecorationMaster.MyBehaviour.Gem.TransitionGem+TPItem, DecorationMaster",
        "Identity": "JJ",
        "Destination": "JE",
        "sceneName": "Room_Ouiji",
        "pname": "IMG_TP",
        "position": {
          "$type": "DecorationMaster.V2, DecorationMaster",
          "x": 33.26877,
          "y": 11.9400129
        }
      },
      {
        "$type": "DecorationMaster.MyBehaviour.Gem.TransitionGem+TPItem, DecorationMaster",
        "Identity": "CROSSROADS_04",
        "Destination": "WXC",
        "sceneName": "Crossroads_04",
        "pname": "IMG_TP",
        "position": {
          "$type": "DecorationMaster.V2, DecorationMaster",
          "x": 52.770916,
          "y": 6.275399
        }
      },
      {
        "$type": "DecorationMaster.MyBehaviour.Gem.TransitionGem+TPItem, DecorationMaster",
        "Identity": "WXC",
        "Destination": "CROSSROADS_04Y",
        "sceneName": "Room_Mender_House",
        "pname": "IMG_TP",
        "position": {
          "$type": "DecorationMaster.V2, DecorationMaster",
          "x": 17.6450615,
          "y": 10.2651024
        }
      },
      {
        "$type": "DecorationMaster.MyBehaviour.Gem.TransitionGem+TPItem, DecorationMaster",
        "Identity": "CROSSROADS_04Y",
        "Destination": "CROSSROADS_04Y",
        "sceneName": "Crossroads_04",
        "pname": "IMG_TP",
        "position": {
          "$type": "DecorationMaster.V2, DecorationMaster",
          "x": 129.376328,
          "y": 8.210022
        }
      },
      {
        "$type": "DecorationMaster.MyBehaviour.Gem.TransitionGem+TPItem, DecorationMaster",
        "Identity": "SMR",
        "Destination": "SZL",
        "sceneName": "Dream_Guardian_Lurien",
        "pname": "IMG_TP",
        "position": {
          "$type": "DecorationMaster.V2, DecorationMaster",
          "x": 51.99668,
          "y": 26.8195667
        }
      },
      {
        "$type": "DecorationMaster.MyBehaviour.Gem.TransitionGem+TPItem, DecorationMaster",
        "Identity": "Fungus3_50y",
        "Destination": "Fungus3_50z",
        "sceneName": "Fungus3_50",
        "pname": "IMG_TP",
        "position": {
          "$type": "DecorationMaster.V2, DecorationMaster",
          "x": 21.7095146,
          "y": 117.670349
        }
      },
      {
        "$type": "DecorationMaster.MyBehaviour.Gem.TransitionGem+TPItem, DecorationMaster",
        "Identity": "Fungus3_50z",
        "Destination": "Fungus3_50y",
        "sceneName": "Fungus3_50",
        "pname": "IMG_TP",
        "position": {
          "$type": "DecorationMaster.V2, DecorationMaster",
          "x": 14.4650316,
          "y": 115.705772
        }
      },
      {
        "$type": "DecorationMaster.MyBehaviour.Gem.TransitionGem+TPItem, DecorationMaster",
        "Identity": "Ruins1_31bY",
        "Destination": "Ruins1_31bZ",
        "sceneName": "Ruins1_31b",
        "pname": "IMG_TP",
        "position": {
          "$type": "DecorationMaster.V2, DecorationMaster",
          "x": 56.36434,
          "y": 39.4531
        }
      },
      {
        "$type": "DecorationMaster.MyBehaviour.Gem.TransitionGem+TPItem, DecorationMaster",
        "Identity": "Ruinsl_31bZ",
        "Destination": "Ruinsl_31bZ",
        "sceneName": "Ruins1_31b",
        "pname": "IMG_TP",
        "position": {
          "$type": "DecorationMaster.V2, DecorationMaster",
          "x": 20.3851032,
          "y": 51.307476
        }
      },
      {
        "$type": "DecorationMaster.MyBehaviour.Gem.TransitionGem+TPItem, DecorationMaster",
        "Identity": "END_Y",
        "Destination": "END_Z",
        "sceneName": "Room_Final_Boss_Atrium",
        "pname": "IMG_TP",
        "position": {
          "$type": "DecorationMaster.V2, DecorationMaster",
          "x": 195.330475,
          "y": 18.039814
        }
      },
      {
        "$type": "DecorationMaster.MyBehaviour.Gem.TransitionGem+TPItem, DecorationMaster",
        "Identity": "END_Z",
        "Destination": "END_Y",
        "sceneName": "Room_Final_Boss_Atrium",
        "pname": "IMG_TP",
        "position": {
          "$type": "DecorationMaster.V2, DecorationMaster",
          "x": 16.80255,
          "y": 16.9437542
        }
      },
      {
        "$type": "DecorationMaster.MyBehaviour.Gem.TransitionGem+TPItem, DecorationMaster",
        "Identity": "KUBADAREN",
        "Destination": "KUBADAREN",
        "sceneName": "Tutorial_01",
        "pname": "IMG_TP",
        "position": {
          "$type": "DecorationMaster.V2, DecorationMaster",
          "x": 33.6020966,
          "y": 75.888504
        }
      },
      {
        "$type": "DecorationMaster.MyBehaviour.Gem.TransitionGem+TPItem, DecorationMaster",
        "Identity": "登神之路_左",
        "Destination": "登神之路_右",
        "sceneName": "GG_Radiance",
        "pname": "IMG_TP",
        "position": {
          "$type": "DecorationMaster.V2, DecorationMaster",
          "x": 54.8283463,
          "y": 138.5667
        }
      },
      {
        "$type": "DecorationMaster.MyBehaviour.Gem.TransitionGem+TPItem, DecorationMaster",
        "Identity": "登神之路_右",
        "Destination": "登神之路_右",
        "sceneName": "GG_Radiance",
        "pname": "IMG_TP",
        "position": {
          "$type": "DecorationMaster.V2, DecorationMaster",
          "x": 70.64928,
          "y": 62.0308533
        }
      },
      {
        "$type": "DecorationMaster.MyBehaviour.Gem.TransitionGem+TPItem, DecorationMaster",
        "Identity": "ROOM_FUNGUS_SHAMAN_Z",
        "Destination": "ROOM_FUNGUS_SHAMAN_Y",
        "sceneName": "Room_Fungus_Shaman",
        "pname": "IMG_TP",
        "position": {
          "$type": "DecorationMaster.V2, DecorationMaster",
          "x": 9.531,
          "y": 10.7107258
        }
      },
      {
        "$type": "DecorationMaster.MyBehaviour.Gem.TransitionGem+TPItem, DecorationMaster",
        "Identity": "ROOM_FUNGUS_SHAMAN_MW",
        "Destination": "ROOM_FUNGUS_SHAMAN_CLZ",
        "sceneName": "Room_Fungus_Shaman",
        "pname": "IMG_TP",
        "position": {
          "$type": "DecorationMaster.V2, DecorationMaster",
          "x": 103.899353,
          "y": 30.8880329
        }
      },
      {
        "$type": "DecorationMaster.MyBehaviour.Gem.TransitionGem+TPItem, DecorationMaster",
        "Identity": "ROOM_FUNGUS_SHAMAN_CLZ",
        "Destination": "ROOM_FUNGUS_SHAMAN_CLZ",
        "sceneName": "Room_Fungus_Shaman",
        "pname": "IMG_TP",
        "position": {
          "$type": "DecorationMaster.V2, DecorationMaster",
          "x": 92.6791153,
          "y": 31.77788
        }
      },
      {
        "$type": "DecorationMaster.MyBehaviour.Gem.TransitionGem+TPItem, DecorationMaster",
        "Identity": "ROOM_FUNGUS_SHAMAN_Y",
        "Destination": "ROOM_FUNGUS_SHAMAN_Y",
        "sceneName": "Room_Fungus_Shaman",
        "pname": "IMG_TP",
        "position": {
          "$type": "DecorationMaster.V2, DecorationMaster",
          "x": 101.840721,
          "y": 9.694728
        }
      },
      {
        "$type": "DecorationMaster.MyBehaviour.Gem.TransitionGem+TPItem, DecorationMaster",
        "Identity": "DEEPNEST_36Z",
        "Destination": "DEEPNEST_36Y",
        "sceneName": "Deepnest_36",
        "pname": "IMG_TP",
        "position": {
          "$type": "DecorationMaster.V2, DecorationMaster",
          "x": 8.28949,
          "y": 17.19566
        }
      },
      {
        "$type": "DecorationMaster.MyBehaviour.Gem.TransitionGem+TPItem, DecorationMaster",
        "Identity": "DEEPNEST_36Y",
        "Destination": "DEEPNEST_36Y",
        "sceneName": "Deepnest_36",
        "pname": "IMG_TP",
        "position": {
          "$type": "DecorationMaster.V2, DecorationMaster",
          "x": 56.2012558,
          "y": 12.8291111
        }
      },
      {
        "$type": "DecorationMaster.MyBehaviour.Gem.TransitionGem+TPItem, DecorationMaster",
        "Identity": "Fungus3_34YC",
        "Destination": "Fungus3_34Y",
        "sceneName": "Fungus3_34",
        "pname": "IMG_TP",
        "position": {
          "$type": "DecorationMaster.V2, DecorationMaster",
          "x": 80.4789,
          "y": 3.710906
        }
      },
      {
        "$type": "DecorationMaster.MyBehaviour.Gem.TransitionGem+TPItem, DecorationMaster",
        "Identity": "Cliffs_04",
        "Destination": "Cliffs_04",
        "sceneName": "Cliffs_04",
        "pname": "IMG_TP",
        "position": {
          "$type": "DecorationMaster.V2, DecorationMaster",
          "x": 71.2265854,
          "y": 54.0495567
        }
      },
      {
        "$type": "DecorationMaster.MyBehaviour.Gem.TransitionGem+TPItem, DecorationMaster",
        "Identity": "Cliffs_05",
        "Destination": "Cliffs_04",
        "sceneName": "Cliffs_05",
        "pname": "IMG_TP",
        "position": {
          "$type": "DecorationMaster.V2, DecorationMaster",
          "x": 68.3897858,
          "y": 11.4797287
        }
      },
      {
        "$type": "DecorationMaster.MyBehaviour.Gem.TransitionGem+TPItem, DecorationMaster",
        "Identity": "114514",
        "Destination": "FQFJ01",
        "sceneName": "Room_nailmaster",
        "pname": "IMG_TP",
        "position": {
          "$type": "DecorationMaster.V2, DecorationMaster",
          "x": 15.5559673,
          "y": -50.0
        }
      },
      {
        "$type": "DecorationMaster.MyBehaviour.Gem.TransitionGem+TPItem, DecorationMaster",
        "Identity": "233",
        "Destination": "FQFJ02",
        "sceneName": "Room_nailmaster",
        "pname": "IMG_TP",
        "position": {
          "$type": "DecorationMaster.V2, DecorationMaster",
          "x": 23.21946,
          "y": -50.0
        }
      },
      {
        "$type": "DecorationMaster.MyBehaviour.Gem.TransitionGem+TPItem, DecorationMaster",
        "Identity": "FQFJ01",
        "Destination": "FQFJ01",
        "sceneName": "Room_GG_Shortcut",
        "pname": "IMG_TP",
        "position": {
          "$type": "DecorationMaster.V2, DecorationMaster",
          "x": 20.766,
          "y": -50.0
        }
      },
      {
        "$type": "DecorationMaster.MyBehaviour.Gem.TransitionGem+TPItem, DecorationMaster",
        "Identity": "FQFJ02",
        "Destination": "FQFJ02",
        "sceneName": "Room_GG_Shortcut",
        "pname": "IMG_TP",
        "position": {
          "$type": "DecorationMaster.V2, DecorationMaster",
          "x": 22.7436543,
          "y": -50.0
        }
      },
      {
        "$type": "DecorationMaster.MyBehaviour.Gem.TransitionGem+TPItem, DecorationMaster",
        "Identity": "ROOM_MAPPER",
        "Destination": "_TEST_COCOON_2",
        "sceneName": "Room_mapper",
        "pname": "IMG_TP",
        "position": {
          "$type": "DecorationMaster.V2, DecorationMaster",
          "x": 15.3055143,
          "y": 9.865015
        }
      },
      {
        "$type": "DecorationMaster.MyBehaviour.Gem.TransitionGem+TPItem, DecorationMaster",
        "Identity": "_TEST_COCOON_2",
        "Destination": "ROOM_MAPPER",
        "sceneName": "_test_cocoon_2",
        "pname": "IMG_TP",
        "position": {
          "$type": "DecorationMaster.V2, DecorationMaster",
          "x": 11.165678,
          "y": 14.3833542
        }
      },
      {
        "$type": "DecorationMaster.MyBehaviour.Gem.TransitionGem+TPItem, DecorationMaster",
        "Identity": "Quit_To_Menu",
        "Destination": "Quit_To_Menu",
        "sceneName": "Quit_To_Menu",
        "pname": "IMG_TP",
        "position": {
          "$type": "DecorationMaster.V2, DecorationMaster",
          "x": 15.44191,
          "y": -51.9944344
        }
      },
      {
        "$type": "DecorationMaster.MyBehaviour.Gem.TransitionGem+TPItem, DecorationMaster",
        "Identity": "KTLZ_03",
        "Destination": "Quit_To_Menu",
        "sceneName": "White_Palace_19",
        "pname": "IMG_TP",
        "position": {
          "$type": "DecorationMaster.V2, DecorationMaster",
          "x": 128.569687,
          "y": 116.398514
        }
      },
      {
        "$type": "DecorationMaster.MyBehaviour.Gem.TransitionGem+TPItem, DecorationMaster",
        "Identity": "WHITE_PALACE_11",
        "Destination": "Quit_To_Menu",
        "sceneName": "White_Palace_11",
        "pname": "IMG_TP",
        "position": {
          "$type": "DecorationMaster.V2, DecorationMaster",
          "x": 177.344452,
          "y": 40.32871
        }
      },
      {
        "$type": "DecorationMaster.MyBehaviour.Gem.TransitionGem+TPItem, DecorationMaster",
        "Identity": "WHITE_PALACE_11Y",
        "Destination": "WHITE_PALACE_11Z",
        "sceneName": "White_Palace_11",
        "pname": "IMG_TP",
        "position": {
          "$type": "DecorationMaster.V2, DecorationMaster",
          "x": 134.228119,
          "y": 53.87864
        }
      },
      {
        "$type": "DecorationMaster.MyBehaviour.Gem.TransitionGem+TPItem, DecorationMaster",
        "Identity": "WHITE_PALACE_11Z",
        "Destination": "WHITE_PALACE_11Z",
        "sceneName": "White_Palace_11",
        "pname": "IMG_TP",
        "position": {
          "$type": "DecorationMaster.V2, DecorationMaster",
          "x": 106.515694,
          "y": 80.74688
        }
      },
      {
        "$type": "DecorationMaster.MyBehaviour.Gem.TransitionGem+TPItem, DecorationMaster",
        "Identity": "WHITE_PALACE_09",
        "Destination": "GG_LURKER_QBG",
        "sceneName": "White_Palace_09",
        "pname": "IMG_TP",
        "position": {
          "$type": "DecorationMaster.V2, DecorationMaster",
          "x": 59.3775558,
          "y": 44.86275
        }
      },
      {
        "$type": "DecorationMaster.MyBehaviour.Gem.TransitionGem+TPItem, DecorationMaster",
        "Identity": "DEEPNEST_EAST_07",
        "Destination": "ROOM_COLOSSEUM_02",
        "sceneName": "Deepnest_East_07",
        "pname": "IMG_TP",
        "position": {
          "$type": "DecorationMaster.V2, DecorationMaster",
          "x": 37.25283,
          "y": 188.199112
        }
      },
      {
        "$type": "DecorationMaster.MyBehaviour.Gem.TransitionGem+TPItem, DecorationMaster",
        "Identity": "ROOM_COLOSSEUM_02",
        "Destination": "DEEPNEST_EAST_07",
        "sceneName": "Room_Colosseum_02",
        "pname": "IMG_TP",
        "position": {
          "$type": "DecorationMaster.V2, DecorationMaster",
          "x": 93.75649,
          "y": 32.77824
        }
      },
      {
        "$type": "DecorationMaster.MyBehaviour.Gem.TransitionGem+TPItem, DecorationMaster",
        "Identity": "GG_UUMUU_VZ",
        "Destination": "GG_UUMUU_VY",
        "sceneName": "GG_Uumuu_V",
        "pname": "IMG_TP",
        "position": {
          "$type": "DecorationMaster.V2, DecorationMaster",
          "x": 41.9716568,
          "y": 120.433968
        }
      },
      {
        "$type": "DecorationMaster.MyBehaviour.Gem.TransitionGem+TPItem, DecorationMaster",
        "Identity": "GG_UUMUU_VY",
        "Destination": "GG_UUMUU_VZ",
        "sceneName": "GG_Uumuu_V",
        "pname": "IMG_TP",
        "position": {
          "$type": "DecorationMaster.V2, DecorationMaster",
          "x": 64.12578,
          "y": 120.463959
        }
      },
      {
        "$type": "DecorationMaster.MyBehaviour.Gem.TransitionGem+TPItem, DecorationMaster",
        "Identity": "WATERWAYS_04",
        "Destination": "WHITE_PALACE_20",
        "sceneName": "Waterways_04",
        "pname": "IMG_TP",
        "position": {
          "$type": "DecorationMaster.V2, DecorationMaster",
          "x": 102.129333,
          "y": 40.83379
        }
      },
      {
        "$type": "DecorationMaster.MyBehaviour.Gem.TransitionGem+TPItem, DecorationMaster",
        "Identity": "CS05",
        "Destination": "WATERWAYS_04",
        "sceneName": "White_Palace_20",
        "pname": "IMG_TP",
        "position": {
          "$type": "DecorationMaster.V2, DecorationMaster",
          "x": 274.40036,
          "y": 8.449969
        }
      },
      {
        "$type": "DecorationMaster.MyBehaviour.Gem.TransitionGem+TPItem, DecorationMaster",
        "Identity": "DEEPNEST_EAST_09",
        "Destination": "WHITE_PALACE_20",
        "sceneName": "Deepnest_East_09",
        "pname": "IMG_TP",
        "position": {
          "$type": "DecorationMaster.V2, DecorationMaster",
          "x": 75.51057,
          "y": 20.9932957
        }
      },
      {
        "$type": "DecorationMaster.MyBehaviour.Gem.TransitionGem+TPItem, DecorationMaster",
        "Identity": "ABYSS_02",
        "Destination": "WHITE_PALACE_20",
        "sceneName": "Abyss_02",
        "pname": "IMG_TP",
        "position": {
          "$type": "DecorationMaster.V2, DecorationMaster",
          "x": 11.135684,
          "y": 36.687088
        }
      },
      {
        "$type": "DecorationMaster.MyBehaviour.Gem.TransitionGem+TPItem, DecorationMaster",
        "Identity": "CS03",
        "Destination": "ABYSS_02",
        "sceneName": "White_Palace_20",
        "pname": "IMG_TP",
        "position": {
          "$type": "DecorationMaster.V2, DecorationMaster",
          "x": 263.761139,
          "y": 8.285001
        }
      },
      {
        "$type": "DecorationMaster.MyBehaviour.Gem.TransitionGem+TPItem, DecorationMaster",
        "Identity": "RUINS1_18",
        "Destination": "WHITE_PALACE_20",
        "sceneName": "Ruins1_18",
        "pname": "IMG_TP",
        "position": {
          "$type": "DecorationMaster.V2, DecorationMaster",
          "x": 35.97862,
          "y": 8.135032
        }
      },
      {
        "$type": "DecorationMaster.MyBehaviour.Gem.TransitionGem+TPItem, DecorationMaster",
        "Identity": "RUINS1_18X",
        "Destination": "RUINS1_18S",
        "sceneName": "Ruins1_18",
        "pname": "IMG_TP",
        "position": {
          "$type": "DecorationMaster.V2, DecorationMaster",
          "x": 15.98248,
          "y": 7.4451685
        }
      },
      {
        "$type": "DecorationMaster.MyBehaviour.Gem.TransitionGem+TPItem, DecorationMaster",
        "Identity": "RUINS1_18S",
        "Destination": "RUINS1_18X",
        "sceneName": "Ruins1_18",
        "pname": "IMG_TP",
        "position": {
          "$type": "DecorationMaster.V2, DecorationMaster",
          "x": 6.14166927,
          "y": 23.8296928
        }
      },
      {
        "$type": "DecorationMaster.MyBehaviour.Gem.TransitionGem+TPItem, DecorationMaster",
        "Identity": "RUINS1_05C",
        "Destination": "RUINS1_18",
        "sceneName": "Ruins1_05c",
        "pname": "IMG_TP",
        "position": {
          "$type": "DecorationMaster.V2, DecorationMaster",
          "x": 63.7833366,
          "y": 105.79483
        }
      },
      {
        "$type": "DecorationMaster.MyBehaviour.Gem.TransitionGem+TPItem, DecorationMaster",
        "Identity": "RUINS1_05CX",
        "Destination": "RUINS1_27",
        "sceneName": "Ruins1_05c",
        "pname": "IMG_TP",
        "position": {
          "$type": "DecorationMaster.V2, DecorationMaster",
          "x": 61.0145035,
          "y": 21.9990044
        }
      },
      {
        "$type": "DecorationMaster.MyBehaviour.Gem.TransitionGem+TPItem, DecorationMaster",
        "Identity": "RUINS1_18ZX",
        "Destination": "RUINS1_05C",
        "sceneName": "Ruins1_18",
        "pname": "IMG_TP",
        "position": {
          "$type": "DecorationMaster.V2, DecorationMaster",
          "x": 5.44643736,
          "y": -18.6463528
        }
      },
      {
        "$type": "DecorationMaster.MyBehaviour.Gem.TransitionGem+TPItem, DecorationMaster",
        "Identity": "RUINS1_27Z",
        "Destination": "RUINS1_27Z",
        "sceneName": "Ruins1_27",
        "pname": "IMG_TP",
        "position": {
          "$type": "DecorationMaster.V2, DecorationMaster",
          "x": 3.02073479,
          "y": 11.7643185
        }
      },
      {
        "$type": "DecorationMaster.MyBehaviour.Gem.TransitionGem+TPItem, DecorationMaster",
        "Identity": "RUINS1_27ZX",
        "Destination": "RUINS1_27Z",
        "sceneName": "Ruins1_27",
        "pname": "IMG_TP",
        "position": {
          "$type": "DecorationMaster.V2, DecorationMaster",
          "x": 11.4956112,
          "y": 0.591519356
        }
      },
      {
        "$type": "DecorationMaster.MyBehaviour.Gem.TransitionGem+TPItem, DecorationMaster",
        "Identity": "RUINS1_27YX",
        "Destination": "RUINS1_27Z",
        "sceneName": "Ruins1_27",
        "pname": "IMG_TP",
        "position": {
          "$type": "DecorationMaster.V2, DecorationMaster",
          "x": 46.9567833,
          "y": 0.5015359
        }
      },
      {
        "$type": "DecorationMaster.MyBehaviour.Gem.TransitionGem+TPItem, DecorationMaster",
        "Identity": "RUINS1_27",
        "Destination": "RUINS1_27",
        "sceneName": "Ruins1_27",
        "pname": "IMG_TP",
        "position": {
          "$type": "DecorationMaster.V2, DecorationMaster",
          "x": 29.663681,
          "y": 46.9885674
        }
      },
      {
        "$type": "DecorationMaster.MyBehaviour.Gem.TransitionGem+TPItem, DecorationMaster",
        "Identity": "RUINS1_18YX",
        "Destination": "RUINS1_05C",
        "sceneName": "Ruins1_18",
        "pname": "IMG_TP",
        "position": {
          "$type": "DecorationMaster.V2, DecorationMaster",
          "x": 59.81717,
          "y": -12.7157335
        }
      },
      {
        "$type": "DecorationMaster.MyBehaviour.Gem.TransitionGem+TPItem, DecorationMaster",
        "Identity": "Ruins1_31bZ",
        "Destination": "Ruins1_31bZ",
        "sceneName": "Ruins1_31b",
        "pname": "IMG_TP",
        "position": {
          "$type": "DecorationMaster.V2, DecorationMaster",
          "x": 33.2292137,
          "y": 50.63026
        }
      },
      {
        "$type": "DecorationMaster.MyBehaviour.Gem.TransitionGem+TPItem, DecorationMaster",
        "Identity": "CS06",
        "Destination": "Ruins1_18",
        "sceneName": "White_Palace_20",
        "pname": "IMG_TP",
        "position": {
          "$type": "DecorationMaster.V2, DecorationMaster",
          "x": 280.2092,
          "y": 8.719916
        }
      },
      {
        "$type": "DecorationMaster.MyBehaviour.Gem.TransitionGem+TPItem, DecorationMaster",
        "Identity": "DEEPNEST_10Z",
        "Destination": "DEEPNEST_10X",
        "sceneName": "Deepnest_10",
        "pname": "IMG_TP",
        "position": {
          "$type": "DecorationMaster.V2, DecorationMaster",
          "x": 6.805395,
          "y": 79.6906738
        }
      },
      {
        "$type": "DecorationMaster.MyBehaviour.Gem.TransitionGem+TPItem, DecorationMaster",
        "Identity": "DEEPNEST_10X",
        "Destination": "DEEPNEST_10Z",
        "sceneName": "Deepnest_10",
        "pname": "IMG_TP",
        "position": {
          "$type": "DecorationMaster.V2, DecorationMaster",
          "x": 12.4554224,
          "y": 23.971632
        }
      },
      {
        "$type": "DecorationMaster.MyBehaviour.Gem.TransitionGem+TPItem, DecorationMaster",
        "Identity": "DEEPNEST_10YX",
        "Destination": "DEEPNEST_41",
        "sceneName": "Deepnest_10",
        "pname": "IMG_TP",
        "position": {
          "$type": "DecorationMaster.V2, DecorationMaster",
          "x": 58.0180626,
          "y": 6.659741
        }
      },
      {
        "$type": "DecorationMaster.MyBehaviour.Gem.TransitionGem+TPItem, DecorationMaster",
        "Identity": "DEEPNEST_41",
        "Destination": "DEEPNEST_41",
        "sceneName": "Deepnest_41",
        "pname": "IMG_TP",
        "position": {
          "$type": "DecorationMaster.V2, DecorationMaster",
          "x": 28.2342014,
          "y": 90.72519
        }
      },
      {
        "$type": "DecorationMaster.MyBehaviour.Gem.TransitionGem+TPItem, DecorationMaster",
        "Identity": "GG_WATERWAYS",
        "Destination": "WHITE_PALACE_20",
        "sceneName": "GG_Waterways",
        "pname": "IMG_TP",
        "position": {
          "$type": "DecorationMaster.V2, DecorationMaster",
          "x": 186.946686,
          "y": 46.4059372
        }
      },
      {
        "$type": "DecorationMaster.MyBehaviour.Gem.TransitionGem+TPItem, DecorationMaster",
        "Identity": "CS07",
        "Destination": "GG_WATERWAYS",
        "sceneName": "White_Palace_20",
        "pname": "IMG_TP",
        "position": {
          "$type": "DecorationMaster.V2, DecorationMaster",
          "x": 285.7599,
          "y": 8.839892
        }
      },
      {
        "$type": "DecorationMaster.MyBehaviour.Gem.TransitionGem+TPItem, DecorationMaster",
        "Identity": "FUNGUS2_18",
        "Destination": "WHITE_PALACE_20",
        "sceneName": "Fungus2_18",
        "pname": "IMG_TP",
        "position": {
          "$type": "DecorationMaster.V2, DecorationMaster",
          "x": 89.15742,
          "y": 54.2664261
        }
      },
      {
        "$type": "DecorationMaster.MyBehaviour.Gem.TransitionGem+TPItem, DecorationMaster",
        "Identity": "CS08",
        "Destination": "FUNGUS2_18",
        "sceneName": "White_Palace_20",
        "pname": "IMG_TP",
        "position": {
          "$type": "DecorationMaster.V2, DecorationMaster",
          "x": 291.6987,
          "y": 9.04985
        }
      },
      {
        "$type": "DecorationMaster.MyBehaviour.Gem.TransitionGem+TPItem, DecorationMaster",
        "Identity": "ROOM_FINAL_BOSS_ATRIUM_Z",
        "Destination": "ROOM_FINAL_BOSS_ATRIUM_Y",
        "sceneName": "Room_Final_Boss_Atrium",
        "pname": "IMG_TP",
        "position": {
          "$type": "DecorationMaster.V2, DecorationMaster",
          "x": 129.908524,
          "y": 6.36321068
        }
      },
      {
        "$type": "DecorationMaster.MyBehaviour.Gem.TransitionGem+TPItem, DecorationMaster",
        "Identity": "ROOM_FINAL_BOSS_ATRIUM_Y",
        "Destination": "ROOM_FINAL_BOSS_ATRIUM_Y",
        "sceneName": "Room_Final_Boss_Atrium",
        "pname": "IMG_TP",
        "position": {
          "$type": "DecorationMaster.V2, DecorationMaster",
          "x": 189.909027,
          "y": 31.3633232
        }
      },
      {
        "$type": "DecorationMaster.MyBehaviour.Gem.TransitionGem+TPItem, DecorationMaster",
        "Identity": "ABYSS_06_COREX",
        "Destination": "ABYSS_06_CORES",
        "sceneName": "Abyss_06_Core",
        "pname": "IMG_TP",
        "position": {
          "$type": "DecorationMaster.V2, DecorationMaster",
          "x": 92.62857,
          "y": 28.8848171
        }
      },
      {
        "$type": "DecorationMaster.MyBehaviour.Gem.TransitionGem+TPItem, DecorationMaster",
        "Identity": "DEEPNEST_40Y",
        "Destination": "DEEPNEST_40Z",
        "sceneName": "Deepnest_40",
        "pname": "IMG_TP",
        "position": {
          "$type": "DecorationMaster.V2, DecorationMaster",
          "x": 65.21494,
          "y": 20.4646721
        }
      },
      {
        "$type": "DecorationMaster.MyBehaviour.Gem.TransitionGem+TPItem, DecorationMaster",
        "Identity": "DEEPNEST_40Z",
        "Destination": "DEEPNEST_40J",
        "sceneName": "Deepnest_40",
        "pname": "IMG_TP",
        "position": {
          "$type": "DecorationMaster.V2, DecorationMaster",
          "x": 40.1585655,
          "y": 20.4946671
        }
      },
      {
        "$type": "DecorationMaster.MyBehaviour.Gem.TransitionGem+TPItem, DecorationMaster",
        "Identity": "DEEPNEST_40J",
        "Destination": "DEEPNEST_40Y",
        "sceneName": "Deepnest_40",
        "pname": "IMG_TP",
        "position": {
          "$type": "DecorationMaster.V2, DecorationMaster",
          "x": 52.4821854,
          "y": 20.4796638
        }
      },
      {
        "$type": "DecorationMaster.MyBehaviour.Gem.TransitionGem+TPItem, DecorationMaster",
        "Identity": "ABYSS_06_CORES",
        "Destination": "ABYSS_06_COREX",
        "sceneName": "Abyss_06_Core",
        "pname": "IMG_TP",
        "position": {
          "$type": "DecorationMaster.V2, DecorationMaster",
          "x": 48.89673,
          "y": 233.665268
        }
      }
    ]
  }
}