{
  "$type": "DecorationMaster.ItemSettings, DecorationMaster",
  "scene_name": "Grimm_Main_Tent",
  "mod_version": 0.5,
  "items": {
    "$type": "System.Collections.Generic.List`1[[DecorationMaster.Item, DecorationMaster]], mscorlib",
    "$values": [
      {
        "$type": "DecorationMaster.MyBehaviour.Particle+CrystalDropping+ParticleItem, DecorationMaster",
        "xspeed": 0,
        "rate": 1,
        "sceneName": "Grimm_Main_Tent",
        "pname": "HK_crystal_dropping",
        "position": {
          "$type": "DecorationMaster.V2, DecorationMaster",
          "x": 24.1596985,
          "y": 9.350266
        }
      },
      {
        "$type": "DecorationMaster.MyBehaviour.Particle+CrystalDropping+ParticleItem, DecorationMaster",
        "xspeed": 0,
        "rate": 1,
        "sceneName": "Grimm_Main_Tent",
        "pname": "HK_crystal_dropping",
        "position": {
          "$type": "DecorationMaster.V2, DecorationMaster",
          "x": 34.8342857,
          "y": 9.56022549
        }
      },
      {
        "$type": "DecorationMaster.MyBehaviour.Particle+CrystalDropping+ParticleItem, DecorationMaster",
        "xspeed": 0,
        "rate": 1,
        "sceneName": "Grimm_Main_Tent",
        "pname": "HK_crystal_dropping",
        "position": {
          "$type": "DecorationMaster.V2, DecorationMaster",
          "x": 56.7091179,
          "y": 8.960343
        }
      },
      {
        "$type": "DecorationMaster.MyBehaviour.DefaultBehaviour+SharedItem, DecorationMaster",
        "size": 1.0,
        "angle": 0,
        "sceneName": "Grimm_Main_Tent",
        "pname": "HK_crystal",
        "position": {
          "$type": "DecorationMaster.V2, DecorationMaster",
          "x": 66.89624,
          "y": 6.410847
        }
      },
      {
        "$type": "DecorationMaster.ItemDef+DefaultItem, DecorationMaster",
        "sceneName": "Grimm_Main_Tent",
        "pname": "HK_fly",
        "position": {
          "$type": "DecorationMaster.V2, DecorationMaster",
          "x": 85.53981,
          "y": 47.0002174
        }
      },
      {
        "$type": "DecorationMaster.ItemDef+DefaultItem, DecorationMaster",
        "sceneName": "Grimm_Main_Tent",
        "pname": "HK_fly",
        "position": {
          "$type": "DecorationMaster.V2, DecorationMaster",
          "x": 85.40483,
          "y": 47.1051979
        }
      },
      {
        "$type": "DecorationMaster.ItemDef+DefaultItem, DecorationMaster",
        "sceneName": "Grimm_Main_Tent",
        "pname": "HK_fly",
        "position": {
          "$type": "DecorationMaster.V2, DecorationMaster",
          "x": 85.70478,
          "y": 47.0002174
        }
      },
      {
        "$type": "DecorationMaster.ItemDef+DefaultItem, DecorationMaster",
        "sceneName": "Grimm_Main_Tent",
        "pname": "HK_fly",
        "position": {
          "$type": "DecorationMaster.V2, DecorationMaster",
          "x": 85.46482,
          "y": 47.1201935
        }
      },
      {
        "$type": "DecorationMaster.ItemDef+DefaultItem, DecorationMaster",
        "sceneName": "Grimm_Main_Tent",
        "pname": "HK_fly",
        "position": {
          "$type": "DecorationMaster.V2, DecorationMaster",
          "x": 85.50981,
          "y": 47.0302124
        }
      },
      {
        "$type": "DecorationMaster.ItemDef+DefaultItem, DecorationMaster",
        "sceneName": "Grimm_Main_Tent",
        "pname": "HK_fly",
        "position": {
          "$type": "DecorationMaster.V2, DecorationMaster",
          "x": 85.34484,
          "y": 47.2701645
        }
      },
      {
        "$type": "DecorationMaster.ItemDef+DefaultItem, DecorationMaster",
        "sceneName": "Grimm_Main_Tent",
        "pname": "HK_fly",
        "position": {
          "$type": "DecorationMaster.V2, DecorationMaster",
          "x": 85.38984,
          "y": 47.15019
        }
      },
      {
        "$type": "DecorationMaster.ItemDef+DefaultItem, DecorationMaster",
        "sceneName": "Grimm_Main_Tent",
        "pname": "HK_fly",
        "position": {
          "$type": "DecorationMaster.V2, DecorationMaster",
          "x": 85.2398758,
          "y": 47.22517
        }
      },
      {
        "$type": "DecorationMaster.ItemDef+DefaultItem, DecorationMaster",
        "sceneName": "Grimm_Main_Tent",
        "pname": "HK_fly",
        "position": {
          "$type": "DecorationMaster.V2, DecorationMaster",
          "x": 85.23987,
          "y": 47.1051979
        }
      },
      {
        "$type": "DecorationMaster.ItemDef+DefaultItem, DecorationMaster",
        "sceneName": "Grimm_Main_Tent",
        "pname": "HK_fly",
        "position": {
          "$type": "DecorationMaster.V2, DecorationMaster",
          "x": 85.29986,
          "y": 47.31516
        }
      },
      {
        "$type": "DecorationMaster.ItemDef+DefaultItem, DecorationMaster",
        "sceneName": "Grimm_Main_Tent",
        "pname": "HK_fly",
        "position": {
          "$type": "DecorationMaster.V2, DecorationMaster",
          "x": 85.20988,
          "y": 47.165184
        }
      },
      {
        "$type": "DecorationMaster.ItemDef+DefaultItem, DecorationMaster",
        "sceneName": "Grimm_Main_Tent",
        "pname": "HK_fly",
        "position": {
          "$type": "DecorationMaster.V2, DecorationMaster",
          "x": 85.26986,
          "y": 47.3301544
        }
      },
      {
        "$type": "DecorationMaster.ItemDef+DefaultItem, DecorationMaster",
        "sceneName": "Grimm_Main_Tent",
        "pname": "HK_fly",
        "position": {
          "$type": "DecorationMaster.V2, DecorationMaster",
          "x": 85.29986,
          "y": 47.1201935
        }
      },
      {
        "$type": "DecorationMaster.ItemDef+DefaultItem, DecorationMaster",
        "sceneName": "Grimm_Main_Tent",
        "pname": "HK_fly",
        "position": {
          "$type": "DecorationMaster.V2, DecorationMaster",
          "x": 85.28485,
          "y": 47.3151665
        }
      },
      {
        "$type": "DecorationMaster.ItemDef+DefaultItem, DecorationMaster",
        "sceneName": "Grimm_Main_Tent",
        "pname": "HK_fly",
        "position": {
          "$type": "DecorationMaster.V2, DecorationMaster",
          "x": 85.22486,
          "y": 47.12021
        }
      },
      {
        "$type": "DecorationMaster.ItemDef+DefaultItem, DecorationMaster",
        "sceneName": "Grimm_Main_Tent",
        "pname": "HK_fly",
        "position": {
          "$type": "DecorationMaster.V2, DecorationMaster",
          "x": 85.22486,
          "y": 47.22518
        }
      },
      {
        "$type": "DecorationMaster.ItemDef+DefaultItem, DecorationMaster",
        "sceneName": "Grimm_Main_Tent",
        "pname": "HK_fly",
        "position": {
          "$type": "DecorationMaster.V2, DecorationMaster",
          "x": 85.25485,
          "y": 47.1352
        }
      },
      {
        "$type": "DecorationMaster.ItemDef+DefaultItem, DecorationMaster",
        "sceneName": "Grimm_Main_Tent",
        "pname": "HK_fly",
        "position": {
          "$type": "DecorationMaster.V2, DecorationMaster",
          "x": 85.3148346,
          "y": 47.24018
        }
      },
      {
        "$type": "DecorationMaster.ItemDef+DefaultItem, DecorationMaster",
        "sceneName": "Grimm_Main_Tent",
        "pname": "HK_fly",
        "position": {
          "$type": "DecorationMaster.V2, DecorationMaster",
          "x": 85.19486,
          "y": 47.1501961
        }
      },
      {
        "$type": "DecorationMaster.ItemDef+DefaultItem, DecorationMaster",
        "sceneName": "Grimm_Main_Tent",
        "pname": "HK_fly",
        "position": {
          "$type": "DecorationMaster.V2, DecorationMaster",
          "x": 85.14988,
          "y": 47.4201431
        }
      },
      {
        "$type": "DecorationMaster.ItemDef+DefaultItem, DecorationMaster",
        "sceneName": "Grimm_Main_Tent",
        "pname": "HK_fly",
        "position": {
          "$type": "DecorationMaster.V2, DecorationMaster",
          "x": 85.35983,
          "y": 47.12021
        }
      },
      {
        "$type": "DecorationMaster.ItemDef+DefaultItem, DecorationMaster",
        "sceneName": "Grimm_Main_Tent",
        "pname": "HK_fly",
        "position": {
          "$type": "DecorationMaster.V2, DecorationMaster",
          "x": 85.17987,
          "y": 47.30017
        }
      },
      {
        "$type": "DecorationMaster.ItemDef+DefaultItem, DecorationMaster",
        "sceneName": "Grimm_Main_Tent",
        "pname": "HK_fly",
        "position": {
          "$type": "DecorationMaster.V2, DecorationMaster",
          "x": 85.13487,
          "y": 47.1352
        }
      },
      {
        "$type": "DecorationMaster.ItemDef+DefaultItem, DecorationMaster",
        "sceneName": "Grimm_Main_Tent",
        "pname": "HK_fly",
        "position": {
          "$type": "DecorationMaster.V2, DecorationMaster",
          "x": 85.16487,
          "y": 47.22518
        }
      },
      {
        "$type": "DecorationMaster.ItemDef+DefaultItem, DecorationMaster",
        "sceneName": "Grimm_Main_Tent",
        "pname": "HK_fly",
        "position": {
          "$type": "DecorationMaster.V2, DecorationMaster",
          "x": 85.19486,
          "y": 47.4051476
        }
      },
      {
        "$type": "DecorationMaster.ItemDef+DefatulResizeItem, DecorationMaster",
        "size": 0.82,
        "angle": 0,
        "sceneName": "Grimm_Main_Tent",
        "pname": "HK_turret",
        "position": {
          "$type": "DecorationMaster.V2, DecorationMaster",
          "x": 77.77916,
          "y": 44.33074
        }
      },
      {
        "$type": "DecorationMaster.ItemDef+DefaultItem, DecorationMaster",
        "sceneName": "Grimm_Main_Tent",
        "pname": "IMG_RespawnPoint",
        "position": {
          "$type": "DecorationMaster.V2, DecorationMaster",
          "x": 122.872787,
          "y": 44.8106537
        }
      },
      {
        "$type": "DecorationMaster.ItemDef+AuidoItem, DecorationMaster",
        "Note": 1,
        "sceneName": "Grimm_Main_Tent",
        "pname": "note_platform",
        "position": {
          "$type": "DecorationMaster.V2, DecorationMaster",
          "x": 92.63683,
          "y": 43.13098
        }
      },
      {
        "$type": "DecorationMaster.MyBehaviour.DefaultBehaviour+SharedItem, DecorationMaster",
        "size": 0.82,
        "angle": 0,
        "sceneName": "Grimm_Main_Tent",
        "pname": "HK_crystal",
        "position": {
          "$type": "DecorationMaster.V2, DecorationMaster",
          "x": 46.1934166,
          "y": 6.140897
        }
      },
      {
        "$type": "DecorationMaster.ItemDef+SawItem, DecorationMaster",
        "span": 3,
        "speed": 0,
        "pitch": 1.0,
        "volume": 0.139821038,
        "Center": {
          "$type": "DecorationMaster.V2, DecorationMaster",
          "x": 1.87384033,
          "y": 7.02746773
        },
        "offset": 0,
        "size": 1.0,
        "angle": 0,
        "sceneName": "Grimm_Main_Tent",
        "pname": "HK_saw",
        "position": {
          "$type": "DecorationMaster.V2, DecorationMaster",
          "x": 1.87384033,
          "y": 7.02746773
        }
      }
    ]
  }
}