{
  "$type": "DecorationMaster.ItemSettings, DecorationMaster",
  "scene_name": "Mines_03",
  "mod_version": 0.5,
  "items": {
    "$type": "System.Collections.Generic.List`1[[DecorationMaster.Item, DecorationMaster]], mscorlib",
    "$values": [
      {
        "$type": "DecorationMaster.ItemDef+DefaultItem, DecorationMaster",
        "sceneName": "Mines_03",
        "pname": "IMG_RespawnPoint",
        "position": {
          "$type": "DecorationMaster.V2, DecorationMaster",
          "x": 8.405375,
          "y": 3.70436382
        }
      },
      {
        "$type": "DecorationMaster.ItemDef+DefaultItem, DecorationMaster",
        "sceneName": "Mines_03",
        "pname": "binoculars",
        "position": {
          "$type": "DecorationMaster.V2, DecorationMaster",
          "x": 19.2349854,
          "y": 5.58745
        }
      },
      {
        "$type": "DecorationMaster.ItemDef+SawItem, DecorationMaster",
        "span": 3,
        "speed": 0,
        "pitch": 1.0,
        "volume": 1.0,
        "Center": {
          "$type": "DecorationMaster.V2, DecorationMaster",
          "x": 26.8739433,
          "y": 6.12542772
        },
        "offset": 0,
        "size": 1.54,
        "angle": 0,
        "sceneName": "Mines_03",
        "pname": "HK_saw",
        "position": {
          "$type": "DecorationMaster.V2, DecorationMaster",
          "x": 26.8739433,
          "y": 6.12542772
        }
      },
      {
        "$type": "DecorationMaster.ItemDef+SawItem, DecorationMaster",
        "span": 9,
        "speed": 2,
        "pitch": 1.0,
        "volume": 0.0,
        "Center": {
          "$type": "DecorationMaster.V2, DecorationMaster",
          "x": 16.3759861,
          "y": 9.319799
        },
        "offset": 0,
        "size": 1.0,
        "angle": 0,
        "sceneName": "Mines_03",
        "pname": "HK_saw",
        "position": {
          "$type": "DecorationMaster.V2, DecorationMaster",
          "x": 16.3759861,
          "y": 9.319799
        }
      },
      {
        "$type": "DecorationMaster.ItemDef+SawItem, DecorationMaster",
        "span": 5,
        "speed": 2,
        "pitch": 1.0,
        "volume": 0.0,
        "Center": {
          "$type": "DecorationMaster.V2, DecorationMaster",
          "x": 1.68754,
          "y": 8.1671
        },
        "offset": 0,
        "size": 1.0,
        "angle": 90,
        "sceneName": "Mines_03",
        "pname": "HK_saw",
        "position": {
          "$type": "DecorationMaster.V2, DecorationMaster",
          "x": 1.68754,
          "y": 8.1671
        }
      },
      {
        "$type": "DecorationMaster.ItemDef+SawItem, DecorationMaster",
        "span": 3,
        "speed": 0,
        "pitch": 1.0,
        "volume": 1.0,
        "Center": {
          "$type": "DecorationMaster.V2, DecorationMaster",
          "x": 5.946703,
          "y": 6.626788
        },
        "offset": 0,
        "size": 1.0,
        "angle": 0,
        "sceneName": "Mines_03",
        "pname": "HK_saw",
        "position": {
          "$type": "DecorationMaster.V2, DecorationMaster",
          "x": 5.946703,
          "y": 6.626788
        }
      },
      {
        "$type": "DecorationMaster.ItemDef+LeverGateItem, DecorationMaster",
        "Number": 1,
        "size": 1.54,
        "angle": 90,
        "sceneName": "Mines_03",
        "pname": "HK_gate",
        "position": {
          "$type": "DecorationMaster.V2, DecorationMaster",
          "x": 14.7649727,
          "y": 15.1103725
        }
      },
      {
        "$type": "DecorationMaster.ItemDef+LeverGateItem, DecorationMaster",
        "Number": 1,
        "size": 1.0,
        "angle": 0,
        "sceneName": "Mines_03",
        "pname": "HK_lever",
        "position": {
          "$type": "DecorationMaster.V2, DecorationMaster",
          "x": 8.031291,
          "y": 20.1092472
        }
      },
      {
        "$type": "DecorationMaster.ItemDef+LeverGateItem, DecorationMaster",
        "Number": 1,
        "size": 1.0,
        "angle": 180,
        "sceneName": "Mines_03",
        "pname": "HK_lever",
        "position": {
          "$type": "DecorationMaster.V2, DecorationMaster",
          "x": 22.0324516,
          "y": 28.9039955
        }
      },
      {
        "$type": "DecorationMaster.ItemDef+DefaultItem, DecorationMaster",
        "sceneName": "Mines_03",
        "pname": "IMG_RespawnPoint",
        "position": {
          "$type": "DecorationMaster.V2, DecorationMaster",
          "x": 30.990612,
          "y": 3.49475765
        }
      },
      {
        "$type": "DecorationMaster.ItemDef+DefaultItem, DecorationMaster",
        "sceneName": "Mines_03",
        "pname": "binoculars",
        "position": {
          "$type": "DecorationMaster.V2, DecorationMaster",
          "x": 18.7775154,
          "y": 29.0574
        }
      },
      {
        "$type": "DecorationMaster.MyBehaviour.DefaultBehaviour+SharedItem, DecorationMaster",
        "size": 1.0,
        "angle": 0,
        "sceneName": "Mines_03",
        "pname": "HK_soul_totem",
        "position": {
          "$type": "DecorationMaster.V2, DecorationMaster",
          "x": 22.3702736,
          "y": 21.08929
        }
      },
      {
        "$type": "DecorationMaster.MyBehaviour.DefaultBehaviour+SharedItem, DecorationMaster",
        "size": 1.0,
        "angle": 90,
        "sceneName": "Mines_03",
        "pname": "HK_soul_totem",
        "position": {
          "$type": "DecorationMaster.V2, DecorationMaster",
          "x": 25.8424416,
          "y": 19.8273315
        }
      },
      {
        "$type": "DecorationMaster.ItemDef+DefaultItem, DecorationMaster",
        "sceneName": "Mines_03",
        "pname": "IMG_RespawnPoint",
        "position": {
          "$type": "DecorationMaster.V2, DecorationMaster",
          "x": 26.81092,
          "y": 20.9623432
        }
      },
      {
        "$type": "DecorationMaster.ItemDef+DefatulResizeItem, DecorationMaster",
        "size": 1.54,
        "angle": 165,
        "sceneName": "Mines_03",
        "pname": "white_thorn",
        "position": {
          "$type": "DecorationMaster.V2, DecorationMaster",
          "x": 28.7607613,
          "y": 23.5038681
        }
      },
      {
        "$type": "DecorationMaster.ItemDef+DefatulResizeItem, DecorationMaster",
        "size": 1.54,
        "angle": 345,
        "sceneName": "Mines_03",
        "pname": "white_thorn",
        "position": {
          "$type": "DecorationMaster.V2, DecorationMaster",
          "x": 29.29197,
          "y": 25.4245262
        }
      },
      {
        "$type": "DecorationMaster.ItemDef+DefaultItem, DecorationMaster",
        "sceneName": "Mines_03",
        "pname": "IMG_RespawnPoint",
        "position": {
          "$type": "DecorationMaster.V2, DecorationMaster",
          "x": 11.6605768,
          "y": 20.7267189
        }
      },
      {
        "$type": "DecorationMaster.ItemDef+DefaultItem, DecorationMaster",
        "sceneName": "Mines_03",
        "pname": "IMG_RespawnPoint",
        "position": {
          "$type": "DecorationMaster.V2, DecorationMaster",
          "x": 28.7897377,
          "y": 40.83901
        }
      },
      {
        "$type": "DecorationMaster.ItemDef+DefaultItem, DecorationMaster",
        "sceneName": "Mines_03",
        "pname": "IMG_RespawnPoint",
        "position": {
          "$type": "DecorationMaster.V2, DecorationMaster",
          "x": 20.1636257,
          "y": 69.8331146
        }
      },
      {
        "$type": "DecorationMaster.ItemDef+DefaultItem, DecorationMaster",
        "sceneName": "Mines_03",
        "pname": "binoculars",
        "position": {
          "$type": "DecorationMaster.V2, DecorationMaster",
          "x": 23.151329,
          "y": 70.5468445
        }
      },
      {
        "$type": "DecorationMaster.MyBehaviour.DelayResizableBehaviour+DelayResizeItem, DecorationMaster",
        "time_offset": 0.0,
        "size": 1.0,
        "angle": 180,
        "sceneName": "Mines_03",
        "pname": "HK_trap_spike",
        "position": {
          "$type": "DecorationMaster.V2, DecorationMaster",
          "x": 28.5607815,
          "y": 53.6486778
        }
      },
      {
        "$type": "DecorationMaster.MyBehaviour.DefaultBehaviour+SharedItem, DecorationMaster",
        "size": 1.0,
        "angle": 0,
        "sceneName": "Mines_03",
        "pname": "HK_soul_totem",
        "position": {
          "$type": "DecorationMaster.V2, DecorationMaster",
          "x": 33.1899452,
          "y": 48.9939728
        }
      },
      {
        "$type": "DecorationMaster.ItemDef+DefaultItem, DecorationMaster",
        "sceneName": "Mines_03",
        "pname": "binoculars",
        "position": {
          "$type": "DecorationMaster.V2, DecorationMaster",
          "x": 29.4851837,
          "y": 47.7577438
        }
      },
      {
        "$type": "DecorationMaster.ItemDef+DefaultItem, DecorationMaster",
        "sceneName": "Mines_03",
        "pname": "binoculars",
        "position": {
          "$type": "DecorationMaster.V2, DecorationMaster",
          "x": 16.3336067,
          "y": 77.2639
        }
      },
      {
        "$type": "DecorationMaster.ItemDef+DefaultItem, DecorationMaster",
        "sceneName": "Mines_03",
        "pname": "IMG_RespawnPoint",
        "position": {
          "$type": "DecorationMaster.V2, DecorationMaster",
          "x": 8.091284,
          "y": 75.80918
        }
      },
      {
        "$type": "DecorationMaster.ItemDef+DefaultItem, DecorationMaster",
        "sceneName": "Mines_03",
        "pname": "IMG_RespawnPoint",
        "position": {
          "$type": "DecorationMaster.V2, DecorationMaster",
          "x": 9.755951,
          "y": 40.9056931
        }
      },
      {
        "$type": "DecorationMaster.ItemDef+DefaultItem, DecorationMaster",
        "sceneName": "Mines_03",
        "pname": "binoculars",
        "position": {
          "$type": "DecorationMaster.V2, DecorationMaster",
          "x": 11.6984129,
          "y": 41.9254951
        }
      },
      {
        "$type": "DecorationMaster.MyBehaviour.DefaultBehaviour+SharedItem, DecorationMaster",
        "size": 1.36000013,
        "angle": 90,
        "sceneName": "Mines_03",
        "pname": "HK_stomper",
        "position": {
          "$type": "DecorationMaster.V2, DecorationMaster",
          "x": 3.25736523,
          "y": 52.6056976
        }
      },
      {
        "$type": "DecorationMaster.MyBehaviour.DefaultBehaviour+SharedItem, DecorationMaster",
        "size": 1.36000013,
        "angle": 90,
        "sceneName": "Mines_03",
        "pname": "HK_stomper",
        "position": {
          "$type": "DecorationMaster.V2, DecorationMaster",
          "x": 3.22087,
          "y": 63.2533569
        }
      },
      {
        "$type": "DecorationMaster.MyBehaviour.DefaultBehaviour+SharedItem, DecorationMaster",
        "size": 1.36000013,
        "angle": 90,
        "sceneName": "Mines_03",
        "pname": "HK_stomper",
        "position": {
          "$type": "DecorationMaster.V2, DecorationMaster",
          "x": 3.304037,
          "y": 73.6355438
        }
      },
      {
        "$type": "DecorationMaster.MyBehaviour.DefaultBehaviour+SharedItem, DecorationMaster",
        "size": 2.0,
        "angle": 85,
        "sceneName": "Mines_03",
        "pname": "HK_crystal_barrel",
        "position": {
          "$type": "DecorationMaster.V2, DecorationMaster",
          "x": 13.1259384,
          "y": 39.97321
        }
      },
      {
        "$type": "DecorationMaster.ItemDef+DefaultItem, DecorationMaster",
        "sceneName": "Mines_03",
        "pname": "binoculars",
        "position": {
          "$type": "DecorationMaster.V2, DecorationMaster",
          "x": 31.6255646,
          "y": 41.8028641
        }
      },
      {
        "$type": "DecorationMaster.MyBehaviour.DefaultBehaviour+SharedItem, DecorationMaster",
        "size": 1.0,
        "angle": 0,
        "sceneName": "Mines_03",
        "pname": "HK_flip_platform",
        "position": {
          "$type": "DecorationMaster.V2, DecorationMaster",
          "x": 19.5490265,
          "y": 1.55132818
        }
      },
      {
        "$type": "DecorationMaster.MyBehaviour.DefaultBehaviour+SharedItem, DecorationMaster",
        "size": 1.0,
        "angle": 0,
        "sceneName": "Mines_03",
        "pname": "HK_flip_platform",
        "position": {
          "$type": "DecorationMaster.V2, DecorationMaster",
          "x": 12.4427614,
          "y": 1.52133369
        }
      },
      {
        "$type": "DecorationMaster.MyBehaviour.DefaultBehaviour+SharedItem, DecorationMaster",
        "size": 0.64,
        "angle": 0,
        "sceneName": "Mines_03",
        "pname": "HK_soul_totem",
        "position": {
          "$type": "DecorationMaster.V2, DecorationMaster",
          "x": 26.97112,
          "y": 3.26734829
        }
      },
      {
        "$type": "DecorationMaster.MyBehaviour.DefaultBehaviour+SharedItem, DecorationMaster",
        "size": 1.0,
        "angle": 0,
        "sceneName": "Mines_03",
        "pname": "HK_laser_turret",
        "position": {
          "$type": "DecorationMaster.V2, DecorationMaster",
          "x": 14.44879,
          "y": -3.07569981
        }
      },
      {
        "$type": "DecorationMaster.MyBehaviour.DefaultBehaviour+SharedItem, DecorationMaster",
        "size": 1.0,
        "angle": 0,
        "sceneName": "Mines_03",
        "pname": "HK_flip_platform",
        "position": {
          "$type": "DecorationMaster.V2, DecorationMaster",
          "x": 9.252888,
          "y": 7.331843
        }
      },
      {
        "$type": "DecorationMaster.MyBehaviour.DefaultBehaviour+SharedItem, DecorationMaster",
        "size": 1.0,
        "angle": 0,
        "sceneName": "Mines_03",
        "pname": "HK_flip_platform",
        "position": {
          "$type": "DecorationMaster.V2, DecorationMaster",
          "x": 12.237299,
          "y": 7.316846
        }
      },
      {
        "$type": "DecorationMaster.MyBehaviour.DefaultBehaviour+SharedItem, DecorationMaster",
        "size": 1.0,
        "angle": 0,
        "sceneName": "Mines_03",
        "pname": "HK_flip_platform",
        "position": {
          "$type": "DecorationMaster.V2, DecorationMaster",
          "x": 15.2817011,
          "y": 7.316846
        }
      },
      {
        "$type": "DecorationMaster.MyBehaviour.DefaultBehaviour+SharedItem, DecorationMaster",
        "size": 1.0,
        "angle": 0,
        "sceneName": "Mines_03",
        "pname": "HK_flip_platform",
        "position": {
          "$type": "DecorationMaster.V2, DecorationMaster",
          "x": 18.3111038,
          "y": 7.30184841
        }
      },
      {
        "$type": "DecorationMaster.MyBehaviour.DefaultBehaviour+SharedItem, DecorationMaster",
        "size": 1.0,
        "angle": 0,
        "sceneName": "Mines_03",
        "pname": "HK_flip_platform",
        "position": {
          "$type": "DecorationMaster.V2, DecorationMaster",
          "x": 21.3255119,
          "y": 7.30184841
        }
      },
      {
        "$type": "DecorationMaster.MyBehaviour.DefaultBehaviour+SharedItem, DecorationMaster",
        "size": 1.0,
        "angle": 0,
        "sceneName": "Mines_03",
        "pname": "HK_flip_platform",
        "position": {
          "$type": "DecorationMaster.V2, DecorationMaster",
          "x": 24.2499352,
          "y": 7.256858
        }
      },
      {
        "$type": "DecorationMaster.MyBehaviour.DefaultBehaviour+SharedItem, DecorationMaster",
        "size": 1.0,
        "angle": 0,
        "sceneName": "Mines_03",
        "pname": "HK_platform_rect",
        "position": {
          "$type": "DecorationMaster.V2, DecorationMaster",
          "x": 15.2667036,
          "y": 8.171678
        }
      },
      {
        "$type": "DecorationMaster.MyBehaviour.DefaultBehaviour+SharedItem, DecorationMaster",
        "size": 1.0,
        "angle": 0,
        "sceneName": "Mines_03",
        "pname": "HK_platform_rect",
        "position": {
          "$type": "DecorationMaster.V2, DecorationMaster",
          "x": 18.53606,
          "y": 8.171678
        }
      },
      {
        "$type": "DecorationMaster.MyBehaviour.DefaultBehaviour+SharedItem, DecorationMaster",
        "size": 1.0,
        "angle": 0,
        "sceneName": "Mines_03",
        "pname": "HK_platform_rect",
        "position": {
          "$type": "DecorationMaster.V2, DecorationMaster",
          "x": 21.805418,
          "y": 8.15668
        }
      },
      {
        "$type": "DecorationMaster.MyBehaviour.DefaultBehaviour+SharedItem, DecorationMaster",
        "size": 1.0,
        "angle": 0,
        "sceneName": "Mines_03",
        "pname": "HK_platform_rect",
        "position": {
          "$type": "DecorationMaster.V2, DecorationMaster",
          "x": 25.0297813,
          "y": 8.141683
        }
      },
      {
        "$type": "DecorationMaster.MyBehaviour.DefaultBehaviour+SharedItem, DecorationMaster",
        "size": 1.0,
        "angle": 0,
        "sceneName": "Mines_03",
        "pname": "HK_platform_rect",
        "position": {
          "$type": "DecorationMaster.V2, DecorationMaster",
          "x": 11.9973469,
          "y": 8.186675
        }
      },
      {
        "$type": "DecorationMaster.MyBehaviour.DefaultBehaviour+SharedItem, DecorationMaster",
        "size": 1.0,
        "angle": 0,
        "sceneName": "Mines_03",
        "pname": "HK_platform_rect",
        "position": {
          "$type": "DecorationMaster.V2, DecorationMaster",
          "x": 8.742989,
          "y": 8.15668
        }
      },
      {
        "$type": "DecorationMaster.MyBehaviour.DefaultBehaviour+SharedItem, DecorationMaster",
        "size": 0.82,
        "angle": 90,
        "sceneName": "Mines_03",
        "pname": "HK_platform_rect",
        "position": {
          "$type": "DecorationMaster.V2, DecorationMaster",
          "x": 6.06856632,
          "y": 7.946722
        }
      },
      {
        "$type": "DecorationMaster.MyBehaviour.DefaultBehaviour+SharedItem, DecorationMaster",
        "size": 0.82,
        "angle": 90,
        "sceneName": "Mines_03",
        "pname": "HK_platform_rect",
        "position": {
          "$type": "DecorationMaster.V2, DecorationMaster",
          "x": 27.0351734,
          "y": 7.8117485
        }
      },
      {
        "$type": "DecorationMaster.ItemDef+ConveyorItem, DecorationMaster",
        "speed": 8,
        "size": 0.82,
        "angle": 0,
        "sceneName": "Mines_03",
        "pname": "HK_Rconveyor",
        "position": {
          "$type": "DecorationMaster.V2, DecorationMaster",
          "x": 22.6014423,
          "y": 15.6760387
        }
      },
      {
        "$type": "DecorationMaster.ItemDef+ConveyorItem, DecorationMaster",
        "speed": 8,
        "size": 1.0,
        "angle": 0,
        "sceneName": "Mines_03",
        "pname": "HK_Rconveyor",
        "position": {
          "$type": "DecorationMaster.V2, DecorationMaster",
          "x": 6.552386,
          "y": 15.8164043
        }
      },
      {
        "$type": "DecorationMaster.MyBehaviour.DefaultBehaviour+SharedItem, DecorationMaster",
        "size": 1.0,
        "angle": 90,
        "sceneName": "Mines_03",
        "pname": "HK_stomper",
        "position": {
          "$type": "DecorationMaster.V2, DecorationMaster",
          "x": 28.03441,
          "y": 19.8896866
        }
      },
      {
        "$type": "DecorationMaster.ItemDef+LeverGateItem, DecorationMaster",
        "Number": 2,
        "size": 1.0,
        "angle": 0,
        "sceneName": "Mines_03",
        "pname": "HK_lever",
        "position": {
          "$type": "DecorationMaster.V2, DecorationMaster",
          "x": 8.046291,
          "y": 20.1231785
        }
      },
      {
        "$type": "DecorationMaster.ItemDef+LeverGateItem, DecorationMaster",
        "Number": 2,
        "size": 1.0,
        "angle": 0,
        "sceneName": "Mines_03",
        "pname": "HK_gate",
        "position": {
          "$type": "DecorationMaster.V2, DecorationMaster",
          "x": 8.481205,
          "y": 32.918026
        }
      },
      {
        "$type": "DecorationMaster.ItemDef+DefaultItem, DecorationMaster",
        "sceneName": "Mines_03",
        "pname": "IMG_RespawnPoint",
        "position": {
          "$type": "DecorationMaster.V2, DecorationMaster",
          "x": 11.1356831,
          "y": 32.9030266
        }
      },
      {
        "$type": "DecorationMaster.MyBehaviour.DefaultBehaviour+SharedItem, DecorationMaster",
        "size": 0.2,
        "angle": 0,
        "sceneName": "Mines_03",
        "pname": "HK_infinte_soul",
        "position": {
          "$type": "DecorationMaster.V2, DecorationMaster",
          "x": 4.91191,
          "y": 19.8232384
        }
      },
      {
        "$type": "DecorationMaster.ItemDef+SawItem, DecorationMaster",
        "span": 12,
        "speed": 1,
        "pitch": 1.0,
        "volume": 0.552293062,
        "Center": {
          "$type": "DecorationMaster.V2, DecorationMaster",
          "x": 16.6731243,
          "y": 57.4773636
        },
        "offset": 0,
        "size": 0.82,
        "angle": 90,
        "sceneName": "Mines_03",
        "pname": "HK_saw",
        "position": {
          "$type": "DecorationMaster.V2, DecorationMaster",
          "x": 16.6731243,
          "y": 57.4773636
        }
      },
      {
        "$type": "DecorationMaster.ItemDef+SawItem, DecorationMaster",
        "span": 12,
        "speed": 1,
        "pitch": 1.0,
        "volume": 0.5243289,
        "Center": {
          "$type": "DecorationMaster.V2, DecorationMaster",
          "x": 16.69458,
          "y": 57.45076
        },
        "offset": 6,
        "size": 0.82,
        "angle": 90,
        "sceneName": "Mines_03",
        "pname": "HK_saw",
        "position": {
          "$type": "DecorationMaster.V2, DecorationMaster",
          "x": 16.69458,
          "y": 57.45076
        }
      },
      {
        "$type": "DecorationMaster.ItemDef+SawItem, DecorationMaster",
        "span": 4,
        "speed": 3,
        "pitch": 1.0,
        "volume": 0.0,
        "Center": {
          "$type": "DecorationMaster.V2, DecorationMaster",
          "x": 25.1545124,
          "y": 60.9589767
        },
        "offset": 0,
        "size": 0.459999979,
        "angle": 0,
        "sceneName": "Mines_03",
        "pname": "HK_saw",
        "position": {
          "$type": "DecorationMaster.V2, DecorationMaster",
          "x": 25.1545124,
          "y": 60.9589767
        }
      },
      {
        "$type": "DecorationMaster.MyBehaviour.DefaultBehaviour+SharedItem, DecorationMaster",
        "size": 1.0,
        "angle": 0,
        "sceneName": "Mines_03",
        "pname": "HK_laser_turret",
        "position": {
          "$type": "DecorationMaster.V2, DecorationMaster",
          "x": 25.5000343,
          "y": 48.7796021
        }
      },
      {
        "$type": "DecorationMaster.MyBehaviour.DefaultBehaviour+SharedItem, DecorationMaster",
        "size": 2.0,
        "angle": 0,
        "sceneName": "Mines_03",
        "pname": "HK_platform_small",
        "position": {
          "$type": "DecorationMaster.V2, DecorationMaster",
          "x": 29.5045433,
          "y": 45.3048
        }
      },
      {
        "$type": "DecorationMaster.MyBehaviour.DefaultBehaviour+SharedItem, DecorationMaster",
        "size": 1.0,
        "angle": 180,
        "sceneName": "Mines_03",
        "pname": "HK_laser_turret",
        "position": {
          "$type": "DecorationMaster.V2, DecorationMaster",
          "x": 35.8544273,
          "y": 62.04794
        }
      },
      {
        "$type": "DecorationMaster.MyBehaviour.DefaultBehaviour+SharedItem, DecorationMaster",
        "size": 1.0,
        "angle": 0,
        "sceneName": "Mines_03",
        "pname": "HK_laser_turret",
        "position": {
          "$type": "DecorationMaster.V2, DecorationMaster",
          "x": 35.61447,
          "y": 65.56543
        }
      },
      {
        "$type": "DecorationMaster.MyBehaviour.DefaultBehaviour+SharedItem, DecorationMaster",
        "size": 1.0,
        "angle": 75,
        "sceneName": "Mines_03",
        "pname": "HK_platform_rect",
        "position": {
          "$type": "DecorationMaster.V2, DecorationMaster",
          "x": 22.2193756,
          "y": 61.307045
        }
      },
      {
        "$type": "DecorationMaster.MyBehaviour.DefaultBehaviour+SharedItem, DecorationMaster",
        "size": 0.64,
        "angle": 0,
        "sceneName": "Mines_03",
        "pname": "HK_soul_totem",
        "position": {
          "$type": "DecorationMaster.V2, DecorationMaster",
          "x": 33.3069229,
          "y": 51.0728
        }
      },
      {
        "$type": "DecorationMaster.MyBehaviour.DefaultBehaviour+SharedItem, DecorationMaster",
        "size": 0.459999979,
        "angle": 0,
        "sceneName": "Mines_03",
        "pname": "HK_soul_totem",
        "position": {
          "$type": "DecorationMaster.V2, DecorationMaster",
          "x": 23.5270767,
          "y": 69.0126648
        }
      },
      {
        "$type": "DecorationMaster.MyBehaviour.DefaultBehaviour+SharedItem, DecorationMaster",
        "size": 0.459999979,
        "angle": 0,
        "sceneName": "Mines_03",
        "pname": "HK_soul_totem",
        "position": {
          "$type": "DecorationMaster.V2, DecorationMaster",
          "x": 22.7871246,
          "y": 69.0726547
        }
      },
      {
        "$type": "DecorationMaster.MyBehaviour.DefaultBehaviour+SharedItem, DecorationMaster",
        "size": 0.459999979,
        "angle": 0,
        "sceneName": "Mines_03",
        "pname": "HK_soul_totem",
        "position": {
          "$type": "DecorationMaster.V2, DecorationMaster",
          "x": 33.3544121,
          "y": 52.5473175
        }
      },
      {
        "$type": "DecorationMaster.MyBehaviour.DefaultBehaviour+SharedItem, DecorationMaster",
        "size": 0.459999979,
        "angle": 0,
        "sceneName": "Mines_03",
        "pname": "HK_infinte_soul",
        "position": {
          "$type": "DecorationMaster.V2, DecorationMaster",
          "x": 25.785202,
          "y": 75.7642
        }
      },
      {
        "$type": "DecorationMaster.MyBehaviour.DefaultBehaviour+SharedItem, DecorationMaster",
        "size": 0.82,
        "angle": 0,
        "sceneName": "Mines_03",
        "pname": "HK_soul_totem",
        "position": {
          "$type": "DecorationMaster.V2, DecorationMaster",
          "x": 16.5198078,
          "y": 40.610157
        }
      },
      {
        "$type": "DecorationMaster.MyBehaviour.Bench+BenchItem, DecorationMaster",
        "bench_name": "D_bench1_437945_91926665",
        "sceneName": "Mines_03",
        "pname": "HK_bench",
        "position": {
          "$type": "DecorationMaster.V2, DecorationMaster",
          "x": 27.9052353,
          "y": 74.68442
        }
      },
      {
        "$type": "DecorationMaster.ItemDef+DefatulResizeItem, DecorationMaster",
        "size": 1.0,
        "angle": 180,
        "sceneName": "Mines_03",
        "pname": "white_thorn",
        "position": {
          "$type": "DecorationMaster.V2, DecorationMaster",
          "x": 8.837294,
          "y": 13.7544165
        }
      },
      {
        "$type": "DecorationMaster.MyBehaviour.Bench+BenchItem, DecorationMaster",
        "bench_name": "D_bench1_106546_92276900",
        "sceneName": "Mines_03",
        "pname": "HK_bench",
        "position": {
          "$type": "DecorationMaster.V2, DecorationMaster",
          "x": 9.756074,
          "y": 28.6540337
        }
      },
      {
        "$type": "DecorationMaster.ItemDef+DefatulResizeItem, DecorationMaster",
        "size": 1.0,
        "angle": 0,
        "sceneName": "Mines_03",
        "pname": "jarcol_floor",
        "position": {
          "$type": "DecorationMaster.V2, DecorationMaster",
          "x": 12.286068,
          "y": 27.4098682
        }
      },
      {
        "$type": "DecorationMaster.MyBehaviour.DelayResizableBehaviour+DelayResizeItem, DecorationMaster",
        "time_offset": 0.0,
        "size": 2.0,
        "angle": 90,
        "sceneName": "Mines_03",
        "pname": "HK_trap_spike",
        "position": {
          "$type": "DecorationMaster.V2, DecorationMaster",
          "x": 38.85077,
          "y": 65.72444
        }
      },
      {
        "$type": "DecorationMaster.ItemDef+SawItem, DecorationMaster",
        "span": 15,
        "speed": 8,
        "pitch": 1.0,
        "volume": 1.0,
        "Center": {
          "$type": "DecorationMaster.V2, DecorationMaster",
          "x": 40.74785,
          "y": 36.95435
        },
        "offset": 0,
        "size": 0.64,
        "angle": 0,
        "sceneName": "Mines_03",
        "pname": "HK_saw",
        "position": {
          "$type": "DecorationMaster.V2, DecorationMaster",
          "x": 40.74785,
          "y": 36.95435
        }
      },
      {
        "$type": "DecorationMaster.ItemDef+DefatulResizeItem, DecorationMaster",
        "size": 1.0,
        "angle": 90,
        "sceneName": "Mines_03",
        "pname": "white_spike",
        "position": {
          "$type": "DecorationMaster.V2, DecorationMaster",
          "x": 8.245613,
          "y": 51.0787735
        }
      },
      {
        "$type": "DecorationMaster.ItemDef+DefatulResizeItem, DecorationMaster",
        "size": 1.0,
        "angle": 90,
        "sceneName": "Mines_03",
        "pname": "white_spike",
        "position": {
          "$type": "DecorationMaster.V2, DecorationMaster",
          "x": 8.245613,
          "y": 61.82877
        }
      },
      {
        "$type": "DecorationMaster.ItemDef+DefatulResizeItem, DecorationMaster",
        "size": 1.54,
        "angle": 270,
        "sceneName": "Mines_03",
        "pname": "white_thorn",
        "position": {
          "$type": "DecorationMaster.V2, DecorationMaster",
          "x": 3.85177422,
          "y": 53.23311
        }
      },
      {
        "$type": "DecorationMaster.ItemDef+DefatulResizeItem, DecorationMaster",
        "size": 1.54,
        "angle": 270,
        "sceneName": "Mines_03",
        "pname": "white_thorn",
        "position": {
          "$type": "DecorationMaster.V2, DecorationMaster",
          "x": 3.75684261,
          "y": 63.6131325
        }
      },
      {
        "$type": "DecorationMaster.ItemDef+DefatulResizeItem, DecorationMaster",
        "size": 1.0,
        "angle": 180,
        "sceneName": "Mines_03",
        "pname": "white_thorn",
        "position": {
          "$type": "DecorationMaster.V2, DecorationMaster",
          "x": 6.126671,
          "y": 77.7288055
        }
      }
    ]
  }
}