{
  "$type": "DecorationMaster.ItemSettings, DecorationMaster",
  "scene_name": "Room_ruinhouse",
  "mod_version": 0.4,
  "items": {
    "$type": "System.Collections.Generic.List`1[[DecorationMaster.Item, DecorationMaster]], mscorlib",
    "$values": [
      {
        "$type": "DecorationMaster.MyBehaviour.Bench+BenchItem, DecorationMaster",
        "bench_name": "D_bench1_327339_47633210",
        "sceneName": "Room_ruinhouse",
        "pname": "HK_bench",
        "position": {
          "$type": "DecorationMaster.V2, DecorationMaster",
          "x": 13.4103708,
          "y": 6.67581129
        }
      },
      {
        "$type": "DecorationMaster.ItemDef+DefatulResizeItem, DecorationMaster",
        "size": 1.0,
        "angle": 0,
        "sceneName": "Room_ruinhouse",
        "pname": "jarcol_floor",
        "position": {
          "$type": "DecorationMaster.V2, DecorationMaster",
          "x": 14.9850607,
          "y": 10.2301111
        }
      },
      {
        "$type": "DecorationMaster.ItemDef+DefaultItem, DecorationMaster",
        "sceneName": "Room_ruinhouse",
        "pname": "binoculars",
        "position": {
          "$type": "DecorationMaster.V2, DecorationMaster",
          "x": 19.1392441,
          "y": 6.19590664
        }
      },
      {
        "$type": "DecorationMaster.MyBehaviour.OtherBehaviour+BackColorFill+PartResizeColor, DecorationMaster",
        "size_x": 1.3599999,
        "size_y": 1.3599999,
        "angle": 0,
        "Order": 0,
        "A": 0.0,
        "R": 1.0,
        "G": 0.8,
        "B": 0.7,
        "sceneName": "Room_ruinhouse",
        "pname": "back_colorfull_fill",
        "position": {
          "$type": "DecorationMaster.V2, DecorationMaster",
          "x": 88.33481,
          "y": 10.9949617
        }
      },
      {
        "$type": "DecorationMaster.MyBehaviour.OtherBehaviour+BackColorFill+PartResizeColor, DecorationMaster",
        "size_x": 1.55640936,
        "size_y": 0.38,
        "angle": 0,
        "Order": 1,
        "A": 0.0,
        "R": 1.0,
        "G": 0.8,
        "B": 0.2,
        "sceneName": "Room_ruinhouse",
        "pname": "back_colorfull_fill",
        "position": {
          "$type": "DecorationMaster.V2, DecorationMaster",
          "x": 88.3751144,
          "y": 13.3494978
        }
      },
      {
        "$type": "DecorationMaster.MyBehaviour.OtherBehaviour+BackColorFill+PartResizeColor, DecorationMaster",
        "size_x": 0.56,
        "size_y": 0.38,
        "angle": 10,
        "Order": 1,
        "A": 0.0,
        "R": 1.0,
        "G": 0.8,
        "B": 0.2,
        "sceneName": "Room_ruinhouse",
        "pname": "back_colorfull_fill",
        "position": {
          "$type": "DecorationMaster.V2, DecorationMaster",
          "x": 90.45479,
          "y": 12.1452255
        }
      },
      {
        "$type": "DecorationMaster.MyBehaviour.OtherBehaviour+BackColorFill+PartResizeColor, DecorationMaster",
        "size_x": 0.56,
        "size_y": 0.38,
        "angle": 355,
        "Order": 1,
        "A": 0.0,
        "R": 1.0,
        "G": 0.8,
        "B": 0.2,
        "sceneName": "Room_ruinhouse",
        "pname": "back_colorfull_fill",
        "position": {
          "$type": "DecorationMaster.V2, DecorationMaster",
          "x": 86.37514,
          "y": 12.02525
        }
      },
      {
        "$type": "DecorationMaster.MyBehaviour.OtherBehaviour+BackColorFill+PartResizeColor, DecorationMaster",
        "size_x": 0.2,
        "size_y": 1.18000007,
        "angle": 10,
        "Order": 1,
        "A": 0.0,
        "R": 1.0,
        "G": 0.8,
        "B": 0.2,
        "sceneName": "Room_ruinhouse",
        "pname": "back_colorfull_fill",
        "position": {
          "$type": "DecorationMaster.V2, DecorationMaster",
          "x": 91.66954,
          "y": 9.400767
        }
      },
      {
        "$type": "DecorationMaster.MyBehaviour.OtherBehaviour+BackColorFill+PartResizeColor, DecorationMaster",
        "size_x": 0.2,
        "size_y": 1.18000007,
        "angle": 350,
        "Order": 1,
        "A": 0.0,
        "R": 1.0,
        "G": 0.8,
        "B": 0.2,
        "sceneName": "Room_ruinhouse",
        "pname": "back_colorfull_fill",
        "position": {
          "$type": "DecorationMaster.V2, DecorationMaster",
          "x": 85.17015,
          "y": 9.160815
        }
      },
      {
        "$type": "DecorationMaster.MyBehaviour.OtherBehaviour+BackColorFill+PartResizeColor, DecorationMaster",
        "size_x": 1.48583877,
        "size_y": 0.38,
        "angle": 0,
        "Order": 1,
        "A": 0.0,
        "R": 1.0,
        "G": 0.8,
        "B": 0.2,
        "sceneName": "Room_ruinhouse",
        "pname": "back_colorfull_fill",
        "position": {
          "$type": "DecorationMaster.V2, DecorationMaster",
          "x": 88.35008,
          "y": 13.5549488
        }
      },
      {
        "$type": "DecorationMaster.MyBehaviour.OtherBehaviour+BackColorFill+PartResizeColor, DecorationMaster",
        "size_x": 0.64,
        "size_y": 0.82,
        "angle": 0,
        "Order": -1,
        "A": 0.0,
        "R": 0.700000048,
        "G": 0.1,
        "B": 0.2,
        "sceneName": "Room_ruinhouse",
        "pname": "back_colorfull_fill",
        "position": {
          "$type": "DecorationMaster.V2, DecorationMaster",
          "x": 91.3746948,
          "y": 14.0948439
        }
      },
      {
        "$type": "DecorationMaster.MyBehaviour.OtherBehaviour+BackColorFill+PartResizeColor, DecorationMaster",
        "size_x": 0.64,
        "size_y": 0.82,
        "angle": 0,
        "Order": -1,
        "A": 0.0,
        "R": 0.700000048,
        "G": 0.1,
        "B": 0.2,
        "sceneName": "Room_ruinhouse",
        "pname": "back_colorfull_fill",
        "position": {
          "$type": "DecorationMaster.V2, DecorationMaster",
          "x": 85.36089,
          "y": 14.0498514
        }
      },
      {
        "$type": "DecorationMaster.MyBehaviour.OtherBehaviour+BackColorFill+PartResizeColor, DecorationMaster",
        "size_x": 0.64,
        "size_y": 1.17999983,
        "angle": 30,
        "Order": -1,
        "A": 0.0,
        "R": 0.700000048,
        "G": 0.1,
        "B": 0.2,
        "sceneName": "Room_ruinhouse",
        "pname": "back_colorfull_fill",
        "position": {
          "$type": "DecorationMaster.V2, DecorationMaster",
          "x": 91.27949,
          "y": 14.2898035
        }
      },
      {
        "$type": "DecorationMaster.MyBehaviour.OtherBehaviour+BackColorFill+PartResizeColor, DecorationMaster",
        "size_x": 0.64,
        "size_y": 1.18000007,
        "angle": 330,
        "Order": -1,
        "A": 0.0,
        "R": 0.700000048,
        "G": 0.1,
        "B": 0.2,
        "sceneName": "Room_ruinhouse",
        "pname": "back_colorfull_fill",
        "position": {
          "$type": "DecorationMaster.V2, DecorationMaster",
          "x": 85.38578,
          "y": 14.2298164
        }
      },
      {
        "$type": "DecorationMaster.MyBehaviour.OtherBehaviour+BackColorFill+PartResizeColor, DecorationMaster",
        "size_x": 0.56,
        "size_y": 2.0,
        "angle": 0,
        "Order": -2,
        "A": 0.0,
        "R": 0.900000036,
        "G": 0.6978746,
        "B": 0.2,
        "sceneName": "Room_ruinhouse",
        "pname": "back_colorfull_fill",
        "position": {
          "$type": "DecorationMaster.V2, DecorationMaster",
          "x": 92.789505,
          "y": 10.61553
        }
      },
      {
        "$type": "DecorationMaster.MyBehaviour.OtherBehaviour+BackColorFill+PartResizeColor, DecorationMaster",
        "size_x": 0.56,
        "size_y": 2.0,
        "angle": 0,
        "Order": -2,
        "A": 0.0,
        "R": 0.900000036,
        "G": 0.6978746,
        "B": 0.2,
        "sceneName": "Room_ruinhouse",
        "pname": "back_colorfull_fill",
        "position": {
          "$type": "DecorationMaster.V2, DecorationMaster",
          "x": 84.12121,
          "y": 10.40557
        }
      },
      {
        "$type": "DecorationMaster.MyBehaviour.OtherBehaviour+BackColorFill+PartResizeColor, DecorationMaster",
        "size_x": 0.2,
        "size_y": 2.0,
        "angle": 5,
        "Order": -2,
        "A": 0.0,
        "R": 0.900000036,
        "G": 0.6978746,
        "B": 0.2,
        "sceneName": "Room_ruinhouse",
        "pname": "back_colorfull_fill",
        "position": {
          "$type": "DecorationMaster.V2, DecorationMaster",
          "x": 93.84904,
          "y": 7.46526337
        }
      },
      {
        "$type": "DecorationMaster.MyBehaviour.OtherBehaviour+BackColorFill+PartResizeColor, DecorationMaster",
        "size_x": 0.2,
        "size_y": 2.0,
        "angle": 355,
        "Order": -2,
        "A": 0.0,
        "R": 0.900000036,
        "G": 0.6978746,
        "B": 0.2,
        "sceneName": "Room_ruinhouse",
        "pname": "back_colorfull_fill",
        "position": {
          "$type": "DecorationMaster.V2, DecorationMaster",
          "x": 83.21568,
          "y": 7.25530529
        }
      },
      {
        "$type": "DecorationMaster.MyBehaviour.OtherBehaviour+BackColorFill+PartResizeColor, DecorationMaster",
        "size_x": 0.2,
        "size_y": 2.0,
        "angle": 5,
        "Order": -2,
        "A": 0.0,
        "R": 0.900000036,
        "G": 0.6978746,
        "B": 0.2,
        "sceneName": "Room_ruinhouse",
        "pname": "back_colorfull_fill",
        "position": {
          "$type": "DecorationMaster.V2, DecorationMaster",
          "x": 92.9447,
          "y": 6.80494976
        }
      },
      {
        "$type": "DecorationMaster.MyBehaviour.OtherBehaviour+BackColorFill+PartResizeColor, DecorationMaster",
        "size_x": 0.2,
        "size_y": 2.0,
        "angle": 355,
        "Order": -2,
        "A": 0.0,
        "R": 0.900000036,
        "G": 0.6978746,
        "B": 0.2,
        "sceneName": "Room_ruinhouse",
        "pname": "back_colorfull_fill",
        "position": {
          "$type": "DecorationMaster.V2, DecorationMaster",
          "x": 84.1261749,
          "y": 6.669976
        }
      },
      {
        "$type": "DecorationMaster.MyBehaviour.OtherBehaviour+BackColorFill+PartResizeColor, DecorationMaster",
        "size_x": 0.2,
        "size_y": 2.0,
        "angle": 0,
        "Order": -2,
        "A": 0.0,
        "R": 0.900000036,
        "G": 0.6978746,
        "B": 0.2,
        "sceneName": "Room_ruinhouse",
        "pname": "back_colorfull_fill",
        "position": {
          "$type": "DecorationMaster.V2, DecorationMaster",
          "x": 84.90603,
          "y": 6.52000475
        }
      },
      {
        "$type": "DecorationMaster.MyBehaviour.OtherBehaviour+BackColorFill+PartResizeColor, DecorationMaster",
        "size_x": 0.2,
        "size_y": 2.0,
        "angle": 0,
        "Order": -2,
        "A": 0.0,
        "R": 0.900000036,
        "G": 0.6978746,
        "B": 0.2,
        "sceneName": "Room_ruinhouse",
        "pname": "back_colorfull_fill",
        "position": {
          "$type": "DecorationMaster.V2, DecorationMaster",
          "x": 92.05961,
          "y": 6.280052
        }
      },
      {
        "$type": "DecorationMaster.MyBehaviour.OtherBehaviour+BackColorFill+PartResizeColor, DecorationMaster",
        "size_x": 0.279999971,
        "size_y": 0.279999971,
        "angle": 0,
        "Order": 2,
        "A": 0.0,
        "R": 1.0,
        "G": 1.0,
        "B": 1.0,
        "sceneName": "Room_ruinhouse",
        "pname": "back_colorfull_fill",
        "position": {
          "$type": "DecorationMaster.V2, DecorationMaster",
          "x": 86.7352142,
          "y": 10.3200932
        }
      },
      {
        "$type": "DecorationMaster.MyBehaviour.OtherBehaviour+BackColorFill+PartResizeColor, DecorationMaster",
        "size_x": 0.279999971,
        "size_y": 0.279999971,
        "angle": 0,
        "Order": 2,
        "A": 0.0,
        "R": 1.0,
        "G": 1.0,
        "B": 1.0,
        "sceneName": "Room_ruinhouse",
        "pname": "back_colorfull_fill",
        "position": {
          "$type": "DecorationMaster.V2, DecorationMaster",
          "x": 89.96977,
          "y": 10.3800821
        }
      },
      {
        "$type": "DecorationMaster.MyBehaviour.OtherBehaviour+BackColorFill+PartResizeColor, DecorationMaster",
        "size_x": 0.305167764,
        "size_y": 0.305167764,
        "angle": 0,
        "Order": 1,
        "A": 0.0,
        "R": 0.0,
        "G": 0.0,
        "B": 0.0,
        "sceneName": "Room_ruinhouse",
        "pname": "back_colorfull_fill",
        "position": {
          "$type": "DecorationMaster.V2, DecorationMaster",
          "x": 89.96977,
          "y": 10.38518
        }
      },
      {
        "$type": "DecorationMaster.MyBehaviour.OtherBehaviour+BackColorFill+PartResizeColor, DecorationMaster",
        "size_x": 0.305167764,
        "size_y": 0.305167764,
        "angle": 0,
        "Order": 1,
        "A": 0.0,
        "R": 0.0,
        "G": 0.0,
        "B": 0.0,
        "sceneName": "Room_ruinhouse",
        "pname": "back_colorfull_fill",
        "position": {
          "$type": "DecorationMaster.V2, DecorationMaster",
          "x": 86.73464,
          "y": 10.340189
        }
      },
      {
        "$type": "DecorationMaster.MyBehaviour.OtherBehaviour+BackColorFill+PartResizeColor, DecorationMaster",
        "size_x": 0.2,
        "size_y": 0.2415772,
        "angle": 0,
        "Order": 3,
        "A": 0.0,
        "R": 0.0,
        "G": 1.0,
        "B": 0.0,
        "sceneName": "Room_ruinhouse",
        "pname": "back_colorfull_fill",
        "position": {
          "$type": "DecorationMaster.V2, DecorationMaster",
          "x": 89.97488,
          "y": 10.3701839
        }
      },
      {
        "$type": "DecorationMaster.MyBehaviour.OtherBehaviour+BackColorFill+PartResizeColor, DecorationMaster",
        "size_x": 0.2,
        "size_y": 0.2415772,
        "angle": 0,
        "Order": 3,
        "A": 0.0,
        "R": 0.0,
        "G": 1.0,
        "B": 0.0,
        "sceneName": "Room_ruinhouse",
        "pname": "back_colorfull_fill",
        "position": {
          "$type": "DecorationMaster.V2, DecorationMaster",
          "x": 86.74512,
          "y": 10.33509
        }
      },
      {
        "$type": "DecorationMaster.MyBehaviour.OtherBehaviour+BackColorFill+PartResizeColor, DecorationMaster",
        "size_x": 0.28,
        "size_y": 0.2,
        "angle": 0,
        "Order": 5,
        "A": 0.0,
        "R": 1.0,
        "G": 0.734955251,
        "B": 0.8112416,
        "sceneName": "Room_ruinhouse",
        "pname": "back_colorfull_fill",
        "position": {
          "$type": "DecorationMaster.V2, DecorationMaster",
          "x": 90.2697144,
          "y": 9.345432
        }
      },
      {
        "$type": "DecorationMaster.MyBehaviour.OtherBehaviour+BackColorFill+PartResizeColor, DecorationMaster",
        "size_x": 0.28,
        "size_y": 0.2,
        "angle": 0,
        "Order": 5,
        "A": 0.0,
        "R": 1.0,
        "G": 0.734955251,
        "B": 0.8112416,
        "sceneName": "Room_ruinhouse",
        "pname": "back_colorfull_fill",
        "position": {
          "$type": "DecorationMaster.V2, DecorationMaster",
          "x": 86.5204544,
          "y": 9.315438
        }
      }
    ]
  }
}