{
  "$type": "DecorationMaster.ItemSettings, DecorationMaster",
  "scene_name": "Room_Mender_House",
  "mod_version": 0.5,
  "items": {
    "$type": "System.Collections.Generic.List`1[[DecorationMaster.Item, DecorationMaster]], mscorlib",
    "$values": [
      {
        "$type": "DecorationMaster.MyBehaviour.OtherBehaviour+BackColorFill+PartResizeColor, DecorationMaster",
        "size_x": 1.54,
        "size_y": 1.54,
        "angle": 0,
        "Order": 5,
        "A": 0.0,
        "R": 0.900000036,
        "G": 0.799999952,
        "B": 0.799999952,
        "sceneName": "Room_Mender_House",
        "pname": "back_colorfull_fill",
        "position": {
          "$type": "DecorationMaster.V2, DecorationMaster",
          "x": 86.05994,
          "y": 10.3731518
        }
      },
      {
        "$type": "DecorationMaster.MyBehaviour.OtherBehaviour+BackColorFill+PartResizeColor, DecorationMaster",
        "size_x": 1.72,
        "size_y": 0.64,
        "angle": 0,
        "Order": 6,
        "A": 0.0,
        "R": 1.0,
        "G": 0.4,
        "B": 0.6,
        "sceneName": "Room_Mender_House",
        "pname": "back_colorfull_fill",
        "position": {
          "$type": "DecorationMaster.V2, DecorationMaster",
          "x": 86.06124,
          "y": 13.6412458
        }
      },
      {
        "$type": "DecorationMaster.MyBehaviour.OtherBehaviour+BackColorFill+PartResizeColor, DecorationMaster",
        "size_x": 1.0,
        "size_y": 0.28,
        "angle": 110,
        "Order": 6,
        "A": 0.0,
        "R": 1.0,
        "G": 0.4,
        "B": 0.6,
        "sceneName": "Room_Mender_House",
        "pname": "back_colorfull_fill",
        "position": {
          "$type": "DecorationMaster.V2, DecorationMaster",
          "x": 89.66041,
          "y": 12.8408947
        }
      },
      {
        "$type": "DecorationMaster.MyBehaviour.OtherBehaviour+BackColorFill+PartResizeColor, DecorationMaster",
        "size_x": 1.0,
        "size_y": 0.28,
        "angle": 70,
        "Order": 6,
        "A": 0.0,
        "R": 1.0,
        "G": 0.4,
        "B": 0.6,
        "sceneName": "Room_Mender_House",
        "pname": "back_colorfull_fill",
        "position": {
          "$type": "DecorationMaster.V2, DecorationMaster",
          "x": 82.47776,
          "y": 12.8242216
        }
      },
      {
        "$type": "DecorationMaster.MyBehaviour.OtherBehaviour+BackColorFill+PartResizeColor, DecorationMaster",
        "size_x": 0.64,
        "size_y": 0.64,
        "angle": 45,
        "Order": 6,
        "A": 0.0,
        "R": 1.0,
        "G": 0.4,
        "B": 0.6,
        "sceneName": "Room_Mender_House",
        "pname": "back_colorfull_fill",
        "position": {
          "$type": "DecorationMaster.V2, DecorationMaster",
          "x": 86.07881,
          "y": 12.624135
        }
      },
      {
        "$type": "DecorationMaster.MyBehaviour.OtherBehaviour+BackColorFill+PartResizeColor, DecorationMaster",
        "size_x": 0.28,
        "size_y": 0.279999971,
        "angle": 45,
        "Order": 6,
        "A": 0.0,
        "R": 1.0,
        "G": 0.4,
        "B": 0.6,
        "sceneName": "Room_Mender_House",
        "pname": "back_colorfull_fill",
        "position": {
          "$type": "DecorationMaster.V2, DecorationMaster",
          "x": 84.37741,
          "y": 12.1572647
        }
      },
      {
        "$type": "DecorationMaster.MyBehaviour.OtherBehaviour+BackColorFill+PartResizeColor, DecorationMaster",
        "size_x": 0.28,
        "size_y": 0.279999971,
        "angle": 45,
        "Order": 6,
        "A": 0.0,
        "R": 1.0,
        "G": 0.4,
        "B": 0.6,
        "sceneName": "Room_Mender_House",
        "pname": "back_colorfull_fill",
        "position": {
          "$type": "DecorationMaster.V2, DecorationMaster",
          "x": 87.8456,
          "y": 12.1239157
        }
      },
      {
        "$type": "DecorationMaster.MyBehaviour.OtherBehaviour+BackColorFill+PartResizeColor, DecorationMaster",
        "size_x": 0.28,
        "size_y": 0.279999971,
        "angle": 45,
        "Order": 6,
        "A": 0.0,
        "R": 1.0,
        "G": 0.4,
        "B": 0.6,
        "sceneName": "Room_Mender_House",
        "pname": "back_colorfull_fill",
        "position": {
          "$type": "DecorationMaster.V2, DecorationMaster",
          "x": 88.84602,
          "y": 12.4407206
        }
      },
      {
        "$type": "DecorationMaster.MyBehaviour.OtherBehaviour+BackColorFill+PartResizeColor, DecorationMaster",
        "size_x": 0.28,
        "size_y": 0.279999971,
        "angle": 45,
        "Order": 6,
        "A": 0.0,
        "R": 1.0,
        "G": 0.4,
        "B": 0.6,
        "sceneName": "Room_Mender_House",
        "pname": "back_colorfull_fill",
        "position": {
          "$type": "DecorationMaster.V2, DecorationMaster",
          "x": 83.34363,
          "y": 12.5074167
        }
      },
      {
        "$type": "DecorationMaster.MyBehaviour.OtherBehaviour+BackColorFill+PartResizeColor, DecorationMaster",
        "size_x": 1.59731543,
        "size_y": 0.279999971,
        "angle": 0,
        "Order": 6,
        "A": 0.0,
        "R": 1.0,
        "G": 0.4,
        "B": 0.6,
        "sceneName": "Room_Mender_House",
        "pname": "back_colorfull_fill",
        "position": {
          "$type": "DecorationMaster.V2, DecorationMaster",
          "x": 86.04328,
          "y": 14.5916538
        }
      },
      {
        "$type": "DecorationMaster.MyBehaviour.OtherBehaviour+BackColorFill+PartResizeColor, DecorationMaster",
        "size_x": 0.46,
        "size_y": 0.64,
        "angle": 0,
        "Order": 8,
        "A": 0.0,
        "R": 0.0,
        "G": 0.0,
        "B": 0.0,
        "sceneName": "Room_Mender_House",
        "pname": "back_colorfull_fill",
        "position": {
          "$type": "DecorationMaster.V2, DecorationMaster",
          "x": 84.2749557,
          "y": 9.922948
        }
      },
      {
        "$type": "DecorationMaster.MyBehaviour.OtherBehaviour+BackColorFill+PartResizeColor, DecorationMaster",
        "size_x": 0.46,
        "size_y": 0.64,
        "angle": 0,
        "Order": 8,
        "A": 0.0,
        "R": 0.0,
        "G": 0.0,
        "B": 0.0,
        "sceneName": "Room_Mender_House",
        "pname": "back_colorfull_fill",
        "position": {
          "$type": "DecorationMaster.V2, DecorationMaster",
          "x": 87.80982,
          "y": 9.889602
        }
      },
      {
        "$type": "DecorationMaster.MyBehaviour.OtherBehaviour+BackColorFill+PartResizeColor, DecorationMaster",
        "size_x": 0.371912718,
        "size_y": 0.5644966,
        "angle": 0,
        "Order": 9,
        "A": 0.0,
        "R": 0.0,
        "G": 0.599999964,
        "B": 0.3,
        "sceneName": "Room_Mender_House",
        "pname": "back_colorfull_fill",
        "position": {
          "$type": "DecorationMaster.V2, DecorationMaster",
          "x": 87.79304,
          "y": 9.889602
        }
      },
      {
        "$type": "DecorationMaster.MyBehaviour.OtherBehaviour+BackColorFill+PartResizeColor, DecorationMaster",
        "size_x": 0.371912718,
        "size_y": 0.5644966,
        "angle": 0,
        "Order": 9,
        "A": 0.0,
        "R": 0.0,
        "G": 0.599999964,
        "B": 0.3,
        "sceneName": "Room_Mender_House",
        "pname": "back_colorfull_fill",
        "position": {
          "$type": "DecorationMaster.V2, DecorationMaster",
          "x": 84.27485,
          "y": 9.922948
        }
      },
      {
        "$type": "DecorationMaster.MyBehaviour.OtherBehaviour+BackColorFill+PartResizeColor, DecorationMaster",
        "size_x": 0.2,
        "size_y": 0.2,
        "angle": 0,
        "Order": 10,
        "A": 0.0,
        "R": 1.0,
        "G": 1.0,
        "B": 1.0,
        "sceneName": "Room_Mender_House",
        "pname": "back_colorfull_fill",
        "position": {
          "$type": "DecorationMaster.V2, DecorationMaster",
          "x": 87.42645,
          "y": 9.155948
        }
      },
      {
        "$type": "DecorationMaster.MyBehaviour.OtherBehaviour+BackColorFill+PartResizeColor, DecorationMaster",
        "size_x": 0.2,
        "size_y": 0.2,
        "angle": 0,
        "Order": 10,
        "A": 0.0,
        "R": 1.0,
        "G": 1.0,
        "B": 1.0,
        "sceneName": "Room_Mender_House",
        "pname": "back_colorfull_fill",
        "position": {
          "$type": "DecorationMaster.V2, DecorationMaster",
          "x": 83.9083557,
          "y": 9.155948
        }
      },
      {
        "$type": "DecorationMaster.MyBehaviour.OtherBehaviour+BackColorFill+PartResizeColor, DecorationMaster",
        "size_x": 0.2,
        "size_y": 0.38449657,
        "angle": 0,
        "Order": 11,
        "A": 0.0,
        "R": 0.0,
        "G": 0.3,
        "B": 0.0,
        "sceneName": "Room_Mender_House",
        "pname": "back_colorfull_fill",
        "position": {
          "$type": "DecorationMaster.V2, DecorationMaster",
          "x": 84.2922745,
          "y": 10.30645
        }
      },
      {
        "$type": "DecorationMaster.MyBehaviour.OtherBehaviour+BackColorFill+PartResizeColor, DecorationMaster",
        "size_x": 0.2,
        "size_y": 0.38449657,
        "angle": 0,
        "Order": 11,
        "A": 0.0,
        "R": 0.0,
        "G": 0.3,
        "B": 0.0,
        "sceneName": "Room_Mender_House",
        "pname": "back_colorfull_fill",
        "position": {
          "$type": "DecorationMaster.V2, DecorationMaster",
          "x": 87.8605,
          "y": 10.2731018
        }
      },
      {
        "$type": "DecorationMaster.MyBehaviour.OtherBehaviour+BackColorFill+PartResizeColor, DecorationMaster",
        "size_x": 0.38,
        "size_y": 0.237751678,
        "angle": 0,
        "Order": 11,
        "A": 0.0,
        "R": 0.0,
        "G": 0.4,
        "B": 0.1,
        "sceneName": "Room_Mender_House",
        "pname": "back_colorfull_fill",
        "position": {
          "$type": "DecorationMaster.V2, DecorationMaster",
          "x": 84.25971,
          "y": 10.6232548
        }
      },
      {
        "$type": "DecorationMaster.MyBehaviour.OtherBehaviour+BackColorFill+PartResizeColor, DecorationMaster",
        "size_x": 0.38,
        "size_y": 0.237751678,
        "angle": 0,
        "Order": 11,
        "A": 0.0,
        "R": 0.0,
        "G": 0.4,
        "B": 0.1,
        "sceneName": "Room_Mender_House",
        "pname": "back_colorfull_fill",
        "position": {
          "$type": "DecorationMaster.V2, DecorationMaster",
          "x": 87.77791,
          "y": 10.5565577
        }
      },
      {
        "$type": "DecorationMaster.MyBehaviour.OtherBehaviour+BackColorFill+PartResizeColor, DecorationMaster",
        "size_x": 0.484496683,
        "size_y": 0.2,
        "angle": 0,
        "Order": 9,
        "A": 0.0,
        "R": 0.0,
        "G": 0.0,
        "B": 0.0,
        "sceneName": "Room_Mender_House",
        "pname": "back_colorfull_fill",
        "position": {
          "$type": "DecorationMaster.V2, DecorationMaster",
          "x": 84.25938,
          "y": 10.8566885
        }
      },
      {
        "$type": "DecorationMaster.MyBehaviour.OtherBehaviour+BackColorFill+PartResizeColor, DecorationMaster",
        "size_x": 0.484496683,
        "size_y": 0.2,
        "angle": 0,
        "Order": 9,
        "A": 0.0,
        "R": 0.0,
        "G": 0.0,
        "B": 0.0,
        "sceneName": "Room_Mender_House",
        "pname": "back_colorfull_fill",
        "position": {
          "$type": "DecorationMaster.V2, DecorationMaster",
          "x": 87.7942657,
          "y": 10.8400154
        }
      },
      {
        "$type": "DecorationMaster.MyBehaviour.OtherBehaviour+BackColorFill+PartResizeColor, DecorationMaster",
        "size_x": 0.484496683,
        "size_y": 1.54,
        "angle": 0,
        "Order": -1,
        "A": 0.0,
        "R": 0.8,
        "G": 0.4279642,
        "B": 0.486017883,
        "sceneName": "Room_Mender_House",
        "pname": "back_colorfull_fill",
        "position": {
          "$type": "DecorationMaster.V2, DecorationMaster",
          "x": 89.27516,
          "y": 9.45607948
        }
      },
      {
        "$type": "DecorationMaster.MyBehaviour.OtherBehaviour+BackColorFill+PartResizeColor, DecorationMaster",
        "size_x": 0.484496683,
        "size_y": 1.54,
        "angle": 0,
        "Order": -1,
        "A": 0.0,
        "R": 0.8,
        "G": 0.4279642,
        "B": 0.486017883,
        "sceneName": "Room_Mender_House",
        "pname": "back_colorfull_fill",
        "position": {
          "$type": "DecorationMaster.V2, DecorationMaster",
          "x": 83.08913,
          "y": 9.522775
        }
      },
      {
        "$type": "DecorationMaster.MyBehaviour.OtherBehaviour+BackColorFill+PartResizeColor, DecorationMaster",
        "size_x": 0.279999971,
        "size_y": 0.279999971,
        "angle": 45,
        "Order": -1,
        "A": 0.0,
        "R": 0.8,
        "G": 0.4279642,
        "B": 0.486017883,
        "sceneName": "Room_Mender_House",
        "pname": "back_colorfull_fill",
        "position": {
          "$type": "DecorationMaster.V2, DecorationMaster",
          "x": 82.90716,
          "y": 6.438095
        }
      },
      {
        "$type": "DecorationMaster.MyBehaviour.OtherBehaviour+BackColorFill+PartResizeColor, DecorationMaster",
        "size_x": 0.279999971,
        "size_y": 0.279999971,
        "angle": 45,
        "Order": -1,
        "A": 0.0,
        "R": 0.8,
        "G": 0.4279642,
        "B": 0.486017883,
        "sceneName": "Room_Mender_House",
        "pname": "back_colorfull_fill",
        "position": {
          "$type": "DecorationMaster.V2, DecorationMaster",
          "x": 89.409996,
          "y": 6.35472441
        }
      },
      {
        "$type": "DecorationMaster.MyBehaviour.OtherBehaviour+BackColorFill+PartResizeColor, DecorationMaster",
        "size_x": 0.279999971,
        "size_y": 0.279999971,
        "angle": 45,
        "Order": -1,
        "A": 0.0,
        "R": 0.8,
        "G": 0.4279642,
        "B": 0.486017883,
        "sceneName": "Room_Mender_House",
        "pname": "back_colorfull_fill",
        "position": {
          "$type": "DecorationMaster.V2, DecorationMaster",
          "x": 88.4429,
          "y": 6.771573
        }
      },
      {
        "$type": "DecorationMaster.MyBehaviour.OtherBehaviour+BackColorFill+PartResizeColor, DecorationMaster",
        "size_x": 0.279999971,
        "size_y": 0.279999971,
        "angle": 45,
        "Order": -1,
        "A": 0.0,
        "R": 0.8,
        "G": 0.4279642,
        "B": 0.486017883,
        "sceneName": "Room_Mender_House",
        "pname": "back_colorfull_fill",
        "position": {
          "$type": "DecorationMaster.V2, DecorationMaster",
          "x": 87.89266,
          "y": 6.88829041
        }
      },
      {
        "$type": "DecorationMaster.MyBehaviour.OtherBehaviour+BackColorFill+PartResizeColor, DecorationMaster",
        "size_x": 0.279999971,
        "size_y": 0.279999971,
        "angle": 45,
        "Order": -1,
        "A": 0.0,
        "R": 0.8,
        "G": 0.4279642,
        "B": 0.486017883,
        "sceneName": "Room_Mender_House",
        "pname": "back_colorfull_fill",
        "position": {
          "$type": "DecorationMaster.V2, DecorationMaster",
          "x": 83.72417,
          "y": 6.7549
        }
      },
      {
        "$type": "DecorationMaster.MyBehaviour.OtherBehaviour+BackColorFill+PartResizeColor, DecorationMaster",
        "size_x": 0.279999971,
        "size_y": 0.279999971,
        "angle": 45,
        "Order": -1,
        "A": 0.0,
        "R": 0.8,
        "G": 0.4279642,
        "B": 0.486017883,
        "sceneName": "Room_Mender_House",
        "pname": "back_colorfull_fill",
        "position": {
          "$type": "DecorationMaster.V2, DecorationMaster",
          "x": 84.37445,
          "y": 6.921639
        }
      },
      {
        "$type": "DecorationMaster.MyBehaviour.OtherBehaviour+BackColorFill+PartResizeColor, DecorationMaster",
        "size_x": 0.279999971,
        "size_y": 0.279999971,
        "angle": 45,
        "Order": -1,
        "A": 0.0,
        "R": 0.8,
        "G": 0.4279642,
        "B": 0.486017883,
        "sceneName": "Room_Mender_House",
        "pname": "back_colorfull_fill",
        "position": {
          "$type": "DecorationMaster.V2, DecorationMaster",
          "x": 85.12479,
          "y": 7.05502939
        }
      },
      {
        "$type": "DecorationMaster.MyBehaviour.OtherBehaviour+BackColorFill+PartResizeColor, DecorationMaster",
        "size_x": 0.279999971,
        "size_y": 0.279999971,
        "angle": 45,
        "Order": -1,
        "A": 0.0,
        "R": 0.8,
        "G": 0.4279642,
        "B": 0.486017883,
        "sceneName": "Room_Mender_House",
        "pname": "back_colorfull_fill",
        "position": {
          "$type": "DecorationMaster.V2, DecorationMaster",
          "x": 87.00894,
          "y": 7.088378
        }
      },
      {
        "$type": "DecorationMaster.MyBehaviour.OtherBehaviour+BackColorFill+PartResizeColor, DecorationMaster",
        "size_x": 0.279999971,
        "size_y": 0.279999971,
        "angle": 45,
        "Order": -1,
        "A": 0.0,
        "R": 0.8,
        "G": 0.4279642,
        "B": 0.486017883,
        "sceneName": "Room_Mender_House",
        "pname": "back_colorfull_fill",
        "position": {
          "$type": "DecorationMaster.V2, DecorationMaster",
          "x": 86.0918655,
          "y": 7.038356
        }
      },
      {
        "$type": "DecorationMaster.MyBehaviour.OtherBehaviour+BackColorFill+PartResizeColor, DecorationMaster",
        "size_x": 0.279999971,
        "size_y": 0.46,
        "angle": 20,
        "Order": -2,
        "A": 0.0,
        "R": 0.9,
        "G": 0.8,
        "B": 0.9,
        "sceneName": "Room_Mender_House",
        "pname": "back_colorfull_fill",
        "position": {
          "$type": "DecorationMaster.V2, DecorationMaster",
          "x": 90.36094,
          "y": 10.2897749
        }
      },
      {
        "$type": "DecorationMaster.MyBehaviour.OtherBehaviour+BackColorFill+PartResizeColor, DecorationMaster",
        "size_x": 0.279999971,
        "size_y": 0.46,
        "angle": 340,
        "Order": -2,
        "A": 0.0,
        "R": 0.9,
        "G": 0.8,
        "B": 0.9,
        "sceneName": "Room_Mender_House",
        "pname": "back_colorfull_fill",
        "position": {
          "$type": "DecorationMaster.V2, DecorationMaster",
          "x": 81.9262161,
          "y": 10.1897326
        }
      },
      {
        "$type": "DecorationMaster.MyBehaviour.OtherBehaviour+BackColorFill+PartResizeColor, DecorationMaster",
        "size_x": 1.0,
        "size_y": 0.2,
        "angle": 0,
        "Order": 10,
        "A": 0.0,
        "R": 0.1,
        "G": 0.1,
        "B": 0.1,
        "sceneName": "Room_Mender_House",
        "pname": "back_colorfull_fill",
        "position": {
          "$type": "DecorationMaster.V2, DecorationMaster",
          "x": 86.17752,
          "y": 6.92164564
        }
      },
      {
        "$type": "DecorationMaster.MyBehaviour.OtherBehaviour+BackColorFill+PartResizeColor, DecorationMaster",
        "size_x": 0.2,
        "size_y": 0.459999979,
        "angle": 30,
        "Order": 10,
        "A": 0.0,
        "R": 0.1,
        "G": 0.1,
        "B": 0.1,
        "sceneName": "Room_Mender_House",
        "pname": "back_colorfull_fill",
        "position": {
          "$type": "DecorationMaster.V2, DecorationMaster",
          "x": 86.7438,
          "y": 6.022234
        }
      },
      {
        "$type": "DecorationMaster.ItemDef+LeverGateItem, DecorationMaster",
        "Number": 1,
        "size": 0.82,
        "angle": 0,
        "sceneName": "Room_Mender_House",
        "pname": "HK_gate",
        "position": {
          "$type": "DecorationMaster.V2, DecorationMaster",
          "x": 11.7962112,
          "y": 6.740797
        }
      },
      {
        "$type": "DecorationMaster.ItemDef+DefaultItem, DecorationMaster",
        "sceneName": "Room_Mender_House",
        "pname": "binoculars",
        "position": {
          "$type": "DecorationMaster.V2, DecorationMaster",
          "x": 14.5856628,
          "y": 9.21531
        }
      },
      {
        "$type": "DecorationMaster.MyBehaviour.OtherBehaviour+BackColorFill+PartResizeColor, DecorationMaster",
        "size_x": 1.81999993,
        "size_y": 0.64,
        "angle": 0,
        "Order": 1,
        "A": 0.0,
        "R": 1.0,
        "G": 1.0,
        "B": 0.4,
        "sceneName": "Room_Mender_House",
        "pname": "back_colorfull_fill",
        "position": {
          "$type": "DecorationMaster.V2, DecorationMaster",
          "x": 69.41143,
          "y": 12.8189192
        }
      },
      {
        "$type": "DecorationMaster.MyBehaviour.OtherBehaviour+BackColorFill+PartResizeColor, DecorationMaster",
        "size_x": 1.54,
        "size_y": 1.54,
        "angle": 0,
        "Order": 0,
        "A": 0.0,
        "R": 1.0,
        "G": 0.7720358,
        "B": 1.0,
        "sceneName": "Room_Mender_House",
        "pname": "back_colorfull_fill",
        "position": {
          "$type": "DecorationMaster.V2, DecorationMaster",
          "x": 69.42439,
          "y": 9.97937
        }
      },
      {
        "$type": "DecorationMaster.MyBehaviour.OtherBehaviour+BackColorFill+PartResizeColor, DecorationMaster",
        "size_x": 1.91191268,
        "size_y": 0.5229195,
        "angle": 0,
        "Order": 1,
        "A": 0.0,
        "R": 1.0,
        "G": 1.0,
        "B": 0.4,
        "sceneName": "Room_Mender_House",
        "pname": "back_colorfull_fill",
        "position": {
          "$type": "DecorationMaster.V2, DecorationMaster",
          "x": 69.40342,
          "y": 12.8288088
        }
      },
      {
        "$type": "DecorationMaster.MyBehaviour.OtherBehaviour+BackColorFill+PartResizeColor, DecorationMaster",
        "size_x": 0.38,
        "size_y": 2.0,
        "angle": 5,
        "Order": 1,
        "A": 0.0,
        "R": 1.0,
        "G": 1.0,
        "B": 0.4,
        "sceneName": "Room_Mender_House",
        "pname": "back_colorfull_fill",
        "position": {
          "$type": "DecorationMaster.V2, DecorationMaster",
          "x": 72.85436,
          "y": 8.509661
        }
      },
      {
        "$type": "DecorationMaster.MyBehaviour.OtherBehaviour+BackColorFill+PartResizeColor, DecorationMaster",
        "size_x": 0.38,
        "size_y": 2.0,
        "angle": 355,
        "Order": 1,
        "A": 0.0,
        "R": 1.0,
        "G": 1.0,
        "B": 0.4,
        "sceneName": "Room_Mender_House",
        "pname": "back_colorfull_fill",
        "position": {
          "$type": "DecorationMaster.V2, DecorationMaster",
          "x": 65.95468,
          "y": 8.524658
        }
      },
      {
        "$type": "DecorationMaster.MyBehaviour.OtherBehaviour+BackColorFill+PartResizeColor, DecorationMaster",
        "size_x": 0.38,
        "size_y": 0.2,
        "angle": 30,
        "Order": 1,
        "A": 0.0,
        "R": 1.0,
        "G": 0.7720358,
        "B": 1.0,
        "sceneName": "Room_Mender_House",
        "pname": "back_colorfull_fill",
        "position": {
          "$type": "DecorationMaster.V2, DecorationMaster",
          "x": 73.48875,
          "y": 9.889388
        }
      },
      {
        "$type": "DecorationMaster.MyBehaviour.OtherBehaviour+BackColorFill+PartResizeColor, DecorationMaster",
        "size_x": 0.38,
        "size_y": 0.2044966,
        "angle": 330,
        "Order": 0,
        "A": 0.0,
        "R": 1.0,
        "G": 0.7720358,
        "B": 1.0,
        "sceneName": "Room_Mender_House",
        "pname": "back_colorfull_fill",
        "position": {
          "$type": "DecorationMaster.V2, DecorationMaster",
          "x": 65.42308,
          "y": 9.75441551
        }
      },
      {
        "$type": "DecorationMaster.MyBehaviour.OtherBehaviour+BackColorFill+PartResizeColor, DecorationMaster",
        "size_x": 0.459999979,
        "size_y": 0.384496629,
        "angle": 80,
        "Order": 2,
        "A": 0.0,
        "R": 1.0,
        "G": 0.4,
        "B": 0.4,
        "sceneName": "Room_Mender_House",
        "pname": "back_colorfull_fill",
        "position": {
          "$type": "DecorationMaster.V2, DecorationMaster",
          "x": 64.9214554,
          "y": 10.9991684
        }
      },
      {
        "$type": "DecorationMaster.MyBehaviour.OtherBehaviour+BackColorFill+PartResizeColor, DecorationMaster",
        "size_x": 0.397080541,
        "size_y": 0.46,
        "angle": 190,
        "Order": 3,
        "A": 0.0,
        "R": 1.0,
        "G": 0.4,
        "B": 0.4,
        "sceneName": "Room_Mender_House",
        "pname": "back_colorfull_fill",
        "position": {
          "$type": "DecorationMaster.V2, DecorationMaster",
          "x": 73.87867,
          "y": 11.0141678
        }
      },
      {
        "$type": "DecorationMaster.MyBehaviour.OtherBehaviour+BackColorFill+PartResizeColor, DecorationMaster",
        "size_x": 0.56,
        "size_y": 0.56,
        "angle": 60,
        "Order": 3,
        "A": 0.0,
        "R": 1.0,
        "G": 0.4,
        "B": 0.4,
        "sceneName": "Room_Mender_House",
        "pname": "back_colorfull_fill",
        "position": {
          "$type": "DecorationMaster.V2, DecorationMaster",
          "x": 64.54246,
          "y": 12.3339062
        }
      },
      {
        "$type": "DecorationMaster.MyBehaviour.OtherBehaviour+BackColorFill+PartResizeColor, DecorationMaster",
        "size_x": 0.56,
        "size_y": 0.56,
        "angle": 290,
        "Order": 3,
        "A": 0.0,
        "R": 1.0,
        "G": 0.4,
        "B": 0.4,
        "sceneName": "Room_Mender_House",
        "pname": "back_colorfull_fill",
        "position": {
          "$type": "DecorationMaster.V2, DecorationMaster",
          "x": 74.32319,
          "y": 12.3938942
        }
      },
      {
        "$type": "DecorationMaster.MyBehaviour.OtherBehaviour+BackColorFill+PartResizeColor, DecorationMaster",
        "size_x": 0.82,
        "size_y": 2.0,
        "angle": 0,
        "Order": 1,
        "A": 0.0,
        "R": 1.0,
        "G": 1.0,
        "B": 0.4,
        "sceneName": "Room_Mender_House",
        "pname": "back_colorfull_fill",
        "position": {
          "$type": "DecorationMaster.V2, DecorationMaster",
          "x": 75.60886,
          "y": 10.4643745
        }
      },
      {
        "$type": "DecorationMaster.MyBehaviour.OtherBehaviour+BackColorFill+PartResizeColor, DecorationMaster",
        "size_x": 0.82,
        "size_y": 2.0,
        "angle": 0,
        "Order": 1,
        "A": 0.0,
        "R": 1.0,
        "G": 1.0,
        "B": 0.4,
        "sceneName": "Room_Mender_House",
        "pname": "back_colorfull_fill",
        "position": {
          "$type": "DecorationMaster.V2, DecorationMaster",
          "x": 63.2272339,
          "y": 10.2544174
        }
      },
      {
        "$type": "DecorationMaster.MyBehaviour.OtherBehaviour+BackColorFill+PartResizeColor, DecorationMaster",
        "size_x": 0.2,
        "size_y": 2.0,
        "angle": 5,
        "Order": 1,
        "A": 0.0,
        "R": 1.0,
        "G": 1.0,
        "B": 0.4,
        "sceneName": "Room_Mender_House",
        "pname": "back_colorfull_fill",
        "position": {
          "$type": "DecorationMaster.V2, DecorationMaster",
          "x": 77.2083054,
          "y": 4.69981956
        }
      },
      {
        "$type": "DecorationMaster.MyBehaviour.OtherBehaviour+BackColorFill+PartResizeColor, DecorationMaster",
        "size_x": 0.2,
        "size_y": 2.0,
        "angle": 355,
        "Order": 1,
        "A": 0.0,
        "R": 1.0,
        "G": 1.0,
        "B": 0.4,
        "sceneName": "Room_Mender_House",
        "pname": "back_colorfull_fill",
        "position": {
          "$type": "DecorationMaster.V2, DecorationMaster",
          "x": 61.8642769,
          "y": 4.86914635
        }
      },
      {
        "$type": "DecorationMaster.MyBehaviour.OtherBehaviour+BackColorFill+PartResizeColor, DecorationMaster",
        "size_x": 0.2,
        "size_y": 2.0,
        "angle": 355,
        "Order": 1,
        "A": 0.0,
        "R": 1.0,
        "G": 1.0,
        "B": 0.4,
        "sceneName": "Room_Mender_House",
        "pname": "back_colorfull_fill",
        "position": {
          "$type": "DecorationMaster.V2, DecorationMaster",
          "x": 62.69767,
          "y": 4.20927668
        }
      },
      {
        "$type": "DecorationMaster.MyBehaviour.OtherBehaviour+BackColorFill+PartResizeColor, DecorationMaster",
        "size_x": 0.2,
        "size_y": 2.0,
        "angle": 5,
        "Order": 1,
        "A": 0.0,
        "R": 1.0,
        "G": 1.0,
        "B": 0.4,
        "sceneName": "Room_Mender_House",
        "pname": "back_colorfull_fill",
        "position": {
          "$type": "DecorationMaster.V2, DecorationMaster",
          "x": 76.32844,
          "y": 4.2692647
        }
      },
      {
        "$type": "DecorationMaster.MyBehaviour.OtherBehaviour+BackColorFill+PartResizeColor, DecorationMaster",
        "size_x": 0.2,
        "size_y": 2.0,
        "angle": 0,
        "Order": 1,
        "A": 0.0,
        "R": 1.0,
        "G": 1.0,
        "B": 0.4,
        "sceneName": "Room_Mender_House",
        "pname": "back_colorfull_fill",
        "position": {
          "$type": "DecorationMaster.V2, DecorationMaster",
          "x": 75.53359,
          "y": 3.92433238
        }
      },
      {
        "$type": "DecorationMaster.MyBehaviour.OtherBehaviour+BackColorFill+PartResizeColor, DecorationMaster",
        "size_x": 0.2,
        "size_y": 2.0,
        "angle": 0,
        "Order": 1,
        "A": 0.0,
        "R": 1.0,
        "G": 1.0,
        "B": 0.4,
        "sceneName": "Room_Mender_House",
        "pname": "back_colorfull_fill",
        "position": {
          "$type": "DecorationMaster.V2, DecorationMaster",
          "x": 63.5446739,
          "y": 3.459424
        }
      },
      {
        "$type": "DecorationMaster.MyBehaviour.OtherBehaviour+BackColorFill+PartResizeColor, DecorationMaster",
        "size_x": 0.2,
        "size_y": 2.0,
        "angle": 0,
        "Order": 1,
        "A": 0.0,
        "R": 1.0,
        "G": 1.0,
        "B": 0.4,
        "sceneName": "Room_Mender_House",
        "pname": "back_colorfull_fill",
        "position": {
          "$type": "DecorationMaster.V2, DecorationMaster",
          "x": 64.4295044,
          "y": 2.99451542
        }
      },
      {
        "$type": "DecorationMaster.MyBehaviour.OtherBehaviour+BackColorFill+PartResizeColor, DecorationMaster",
        "size_x": 0.2,
        "size_y": 2.0,
        "angle": 0,
        "Order": 1,
        "A": 0.0,
        "R": 1.0,
        "G": 1.0,
        "B": 0.4,
        "sceneName": "Room_Mender_House",
        "pname": "back_colorfull_fill",
        "position": {
          "$type": "DecorationMaster.V2, DecorationMaster",
          "x": 74.38754,
          "y": 2.85954237
        }
      },
      {
        "$type": "DecorationMaster.MyBehaviour.OtherBehaviour+BackColorFill+PartResizeColor, DecorationMaster",
        "size_x": 0.82,
        "size_y": 0.64,
        "angle": 0,
        "Order": 1,
        "A": 0.0,
        "R": 1.0,
        "G": 1.0,
        "B": 0.4,
        "sceneName": "Room_Mender_House",
        "pname": "back_colorfull_fill",
        "position": {
          "$type": "DecorationMaster.V2, DecorationMaster",
          "x": 65.0279,
          "y": 12.5135756
        }
      },
      {
        "$type": "DecorationMaster.MyBehaviour.OtherBehaviour+BackColorFill+PartResizeColor, DecorationMaster",
        "size_x": 0.64,
        "size_y": 0.64,
        "angle": 0,
        "Order": 1,
        "A": 0.0,
        "R": 1.0,
        "G": 1.0,
        "B": 0.4,
        "sceneName": "Room_Mender_House",
        "pname": "back_colorfull_fill",
        "position": {
          "$type": "DecorationMaster.V2, DecorationMaster",
          "x": 73.7324753,
          "y": 12.5135756
        }
      },
      {
        "$type": "DecorationMaster.MyBehaviour.OtherBehaviour+BackColorFill+PartResizeColor, DecorationMaster",
        "size_x": 0.7406711,
        "size_y": 1.0,
        "angle": 0,
        "Order": 1,
        "A": 0.0,
        "R": 1.0,
        "G": 1.0,
        "B": 0.4,
        "sceneName": "Room_Mender_House",
        "pname": "back_colorfull_fill",
        "position": {
          "$type": "DecorationMaster.V2, DecorationMaster",
          "x": 63.2033539,
          "y": 12.5105448
        }
      },
      {
        "$type": "DecorationMaster.MyBehaviour.OtherBehaviour+BackColorFill+PartResizeColor, DecorationMaster",
        "size_x": 0.7319128,
        "size_y": 1.0,
        "angle": 0,
        "Order": 1,
        "A": 0.0,
        "R": 1.0,
        "G": 1.0,
        "B": 0.4,
        "sceneName": "Room_Mender_House",
        "pname": "back_colorfull_fill",
        "position": {
          "$type": "DecorationMaster.V2, DecorationMaster",
          "x": 75.61233,
          "y": 12.6305237
        }
      },
      {
        "$type": "DecorationMaster.MyBehaviour.OtherBehaviour+BackColorFill+PartResizeColor, DecorationMaster",
        "size_x": 1.72315443,
        "size_y": 0.2,
        "angle": 0,
        "Order": 1,
        "A": 0.0,
        "R": 1.0,
        "G": 1.0,
        "B": 0.4,
        "sceneName": "Room_Mender_House",
        "pname": "back_colorfull_fill",
        "position": {
          "$type": "DecorationMaster.V2, DecorationMaster",
          "x": 69.36413,
          "y": 13.8835516
        }
      },
      {
        "$type": "DecorationMaster.MyBehaviour.OtherBehaviour+BackColorFill+PartResizeColor, DecorationMaster",
        "size_x": 0.459999979,
        "size_y": 0.64,
        "angle": 0,
        "Order": 5,
        "A": 0.0,
        "R": 0.0,
        "G": 0.0,
        "B": 0.0,
        "sceneName": "Room_Mender_House",
        "pname": "back_colorfull_fill",
        "position": {
          "$type": "DecorationMaster.V2, DecorationMaster",
          "x": 67.8932,
          "y": 9.255676
        }
      },
      {
        "$type": "DecorationMaster.MyBehaviour.OtherBehaviour+BackColorFill+PartResizeColor, DecorationMaster",
        "size_x": 0.459999979,
        "size_y": 0.64,
        "angle": 0,
        "Order": 5,
        "A": 0.0,
        "R": 0.0,
        "G": 0.0,
        "B": 0.0,
        "sceneName": "Room_Mender_House",
        "pname": "back_colorfull_fill",
        "position": {
          "$type": "DecorationMaster.V2, DecorationMaster",
          "x": 70.69211,
          "y": 9.285671
        }
      },
      {
        "$type": "DecorationMaster.MyBehaviour.OtherBehaviour+BackColorFill+PartResizeColor, DecorationMaster",
        "size_x": 0.38,
        "size_y": 0.56,
        "angle": 0,
        "Order": 6,
        "A": 0.0,
        "R": 0.0,
        "G": 1.0,
        "B": 0.0,
        "sceneName": "Room_Mender_House",
        "pname": "back_colorfull_fill",
        "position": {
          "$type": "DecorationMaster.V2, DecorationMaster",
          "x": 70.68118,
          "y": 9.270674
        }
      },
      {
        "$type": "DecorationMaster.MyBehaviour.OtherBehaviour+BackColorFill+PartResizeColor, DecorationMaster",
        "size_x": 0.38,
        "size_y": 0.56,
        "angle": 0,
        "Order": 6,
        "A": 0.0,
        "R": 0.0,
        "G": 1.0,
        "B": 0.0,
        "sceneName": "Room_Mender_House",
        "pname": "back_colorfull_fill",
        "position": {
          "$type": "DecorationMaster.V2, DecorationMaster",
          "x": 67.89261,
          "y": 9.270674
        }
      },
      {
        "$type": "DecorationMaster.MyBehaviour.OtherBehaviour+BackColorFill+PartResizeColor, DecorationMaster",
        "size_x": 0.2,
        "size_y": 0.6274161,
        "angle": 0,
        "Order": 7,
        "A": 0.0,
        "R": 0.0,
        "G": 0.0,
        "B": 0.0,
        "sceneName": "Room_Mender_House",
        "pname": "back_colorfull_fill",
        "position": {
          "$type": "DecorationMaster.V2, DecorationMaster",
          "x": 70.6706848,
          "y": 9.300668
        }
      },
      {
        "$type": "DecorationMaster.MyBehaviour.OtherBehaviour+BackColorFill+PartResizeColor, DecorationMaster",
        "size_x": 0.2,
        "size_y": 0.5984228,
        "angle": 0,
        "Order": 7,
        "A": 0.0,
        "R": 0.0,
        "G": 0.0,
        "B": 0.0,
        "sceneName": "Room_Mender_House",
        "pname": "back_colorfull_fill",
        "position": {
          "$type": "DecorationMaster.V2, DecorationMaster",
          "x": 67.8966751,
          "y": 9.24068
        }
      },
      {
        "$type": "DecorationMaster.MyBehaviour.OtherBehaviour+BackColorFill+PartResizeColor, DecorationMaster",
        "size_x": 0.371912718,
        "size_y": 0.2,
        "angle": 0,
        "Order": 5,
        "A": 0.0,
        "R": 1.0,
        "G": 0.700000048,
        "B": 0.8,
        "sceneName": "Room_Mender_House",
        "pname": "back_colorfull_fill",
        "position": {
          "$type": "DecorationMaster.V2, DecorationMaster",
          "x": 71.332756,
          "y": 7.660596
        }
      },
      {
        "$type": "DecorationMaster.MyBehaviour.OtherBehaviour+BackColorFill+PartResizeColor, DecorationMaster",
        "size_x": 0.371912718,
        "size_y": 0.2,
        "angle": 0,
        "Order": 5,
        "A": 0.0,
        "R": 1.0,
        "G": 0.700000048,
        "B": 0.8,
        "sceneName": "Room_Mender_House",
        "pname": "back_colorfull_fill",
        "position": {
          "$type": "DecorationMaster.V2, DecorationMaster",
          "x": 67.3885345,
          "y": 7.57061338
        }
      },
      {
        "$type": "DecorationMaster.MyBehaviour.OtherBehaviour+BackColorFill+PartResizeColor, DecorationMaster",
        "size_x": 0.2,
        "size_y": 0.2,
        "angle": 0,
        "Order": 8,
        "A": 0.0,
        "R": 1.0,
        "G": 1.0,
        "B": 1.0,
        "sceneName": "Room_Mender_House",
        "pname": "back_colorfull_fill",
        "position": {
          "$type": "DecorationMaster.V2, DecorationMaster",
          "x": 70.31269,
          "y": 8.52842
        }
      },
      {
        "$type": "DecorationMaster.MyBehaviour.OtherBehaviour+BackColorFill+PartResizeColor, DecorationMaster",
        "size_x": 0.2,
        "size_y": 0.2,
        "angle": 0,
        "Order": 7,
        "A": 0.0,
        "R": 1.0,
        "G": 1.0,
        "B": 1.0,
        "sceneName": "Room_Mender_House",
        "pname": "back_colorfull_fill",
        "position": {
          "$type": "DecorationMaster.V2, DecorationMaster",
          "x": 67.50927,
          "y": 8.543418
        }
      },
      {
        "$type": "DecorationMaster.MyBehaviour.OtherBehaviour+BackColorFill+PartResizeColor, DecorationMaster",
        "size_x": 1.54,
        "size_y": 1.54,
        "angle": 0,
        "Order": 0,
        "A": 0.0,
        "R": 0.0,
        "G": 0.5,
        "B": 0.0,
        "sceneName": "Room_Mender_House",
        "pname": "back_colorfull_fill",
        "position": {
          "$type": "DecorationMaster.V2, DecorationMaster",
          "x": 86.0914841,
          "y": -7.61164951
        }
      },
      {
        "$type": "DecorationMaster.MyBehaviour.OtherBehaviour+BackColorFill+PartResizeColor, DecorationMaster",
        "size_x": 0.2,
        "size_y": 1.54,
        "angle": 0,
        "Order": 1,
        "A": 0.0,
        "R": 0.0,
        "G": 0.3,
        "B": 0.0,
        "sceneName": "Room_Mender_House",
        "pname": "back_colorfull_fill",
        "position": {
          "$type": "DecorationMaster.V2, DecorationMaster",
          "x": 86.0625458,
          "y": -7.61660051
        }
      },
      {
        "$type": "DecorationMaster.MyBehaviour.OtherBehaviour+BackColorFill+PartResizeColor, DecorationMaster",
        "size_x": 0.2,
        "size_y": 1.54,
        "angle": 5,
        "Order": 1,
        "A": 0.0,
        "R": 0.0,
        "G": 0.3,
        "B": 0.0,
        "sceneName": "Room_Mender_House",
        "pname": "back_colorfull_fill",
        "position": {
          "$type": "DecorationMaster.V2, DecorationMaster",
          "x": 87.75721,
          "y": -7.601603
        }
      },
      {
        "$type": "DecorationMaster.MyBehaviour.OtherBehaviour+BackColorFill+PartResizeColor, DecorationMaster",
        "size_x": 0.2,
        "size_y": 1.54,
        "angle": 355,
        "Order": 1,
        "A": 0.0,
        "R": 0.0,
        "G": 0.3,
        "B": 0.0,
        "sceneName": "Room_Mender_House",
        "pname": "back_colorfull_fill",
        "position": {
          "$type": "DecorationMaster.V2, DecorationMaster",
          "x": 84.26289,
          "y": -7.601603
        }
      },
      {
        "$type": "DecorationMaster.MyBehaviour.OtherBehaviour+BackColorFill+PartResizeColor, DecorationMaster",
        "size_x": 0.2,
        "size_y": 1.0,
        "angle": 0,
        "Order": 1,
        "A": 0.0,
        "R": 1.0,
        "G": 0.3960291,
        "B": 0.700000048,
        "sceneName": "Room_Mender_House",
        "pname": "back_colorfull_fill",
        "position": {
          "$type": "DecorationMaster.V2, DecorationMaster",
          "x": 72.55789,
          "y": -8.906494
        }
      },
      {
        "$type": "DecorationMaster.MyBehaviour.OtherBehaviour+BackColorFill+PartResizeColor, DecorationMaster",
        "size_x": 0.2,
        "size_y": 0.56,
        "angle": 170,
        "Order": 1,
        "A": 0.0,
        "R": 1.0,
        "G": 0.4,
        "B": 0.7,
        "sceneName": "Room_Mender_House",
        "pname": "back_colorfull_fill",
        "position": {
          "$type": "DecorationMaster.V2, DecorationMaster",
          "x": 72.37356,
          "y": -11.8868408
        }
      },
      {
        "$type": "DecorationMaster.MyBehaviour.OtherBehaviour+BackColorFill+PartResizeColor, DecorationMaster",
        "size_x": 0.38,
        "size_y": 0.38,
        "angle": 45,
        "Order": 1,
        "A": 0.0,
        "R": 1.0,
        "G": 0.4,
        "B": 0.7,
        "sceneName": "Room_Mender_House",
        "pname": "back_colorfull_fill",
        "position": {
          "$type": "DecorationMaster.V2, DecorationMaster",
          "x": 72.58744,
          "y": -6.867192
        }
      },
      {
        "$type": "DecorationMaster.MyBehaviour.OtherBehaviour+BackColorFill+PartResizeColor, DecorationMaster",
        "size_x": 0.38,
        "size_y": 0.38,
        "angle": 45,
        "Order": 1,
        "A": 0.0,
        "R": 1.0,
        "G": 0.4,
        "B": 0.7,
        "sceneName": "Room_Mender_House",
        "pname": "back_colorfull_fill",
        "position": {
          "$type": "DecorationMaster.V2, DecorationMaster",
          "x": 73.16781,
          "y": -6.25696659
        }
      },
      {
        "$type": "DecorationMaster.MyBehaviour.OtherBehaviour+BackColorFill+PartResizeColor, DecorationMaster",
        "size_x": 0.38,
        "size_y": 0.38,
        "angle": 45,
        "Order": 1,
        "A": 0.0,
        "R": 1.0,
        "G": 0.4,
        "B": 0.7,
        "sceneName": "Room_Mender_House",
        "pname": "back_colorfull_fill",
        "position": {
          "$type": "DecorationMaster.V2, DecorationMaster",
          "x": 71.93805,
          "y": -6.25696659
        }
      },
      {
        "$type": "DecorationMaster.MyBehaviour.OtherBehaviour+BackColorFill+PartResizeColor, DecorationMaster",
        "size_x": 0.2,
        "size_y": 0.2,
        "angle": 45,
        "Order": 2,
        "A": 0.0,
        "R": 1.0,
        "G": 1.0,
        "B": 0.7,
        "sceneName": "Room_Mender_House",
        "pname": "back_colorfull_fill",
        "position": {
          "$type": "DecorationMaster.V2, DecorationMaster",
          "x": 71.88271,
          "y": -6.25186825
        }
      },
      {
        "$type": "DecorationMaster.MyBehaviour.OtherBehaviour+BackColorFill+PartResizeColor, DecorationMaster",
        "size_x": 0.2,
        "size_y": 0.2,
        "angle": 0,
        "Order": 10,
        "A": 0.0,
        "R": 1.0,
        "G": 1.0,
        "B": 1.0,
        "sceneName": "Room_Mender_House",
        "pname": "back_colorfull_fill",
        "position": {
          "$type": "DecorationMaster.V2, DecorationMaster",
          "x": 67.47876,
          "y": 8.543148
        }
      },
      {
        "$type": "DecorationMaster.MyBehaviour.OtherBehaviour+BackColorFill+PartResizeColor, DecorationMaster",
        "size_x": 1.63999987,
        "size_y": 1.63999987,
        "angle": 0,
        "Order": 1,
        "A": 0.0,
        "R": 1.0,
        "G": 0.799999952,
        "B": 0.799999952,
        "sceneName": "Room_Mender_House",
        "pname": "back_colorfull_fill",
        "position": {
          "$type": "DecorationMaster.V2, DecorationMaster",
          "x": 70.06491,
          "y": -22.8626213
        }
      },
      {
        "$type": "DecorationMaster.MyBehaviour.OtherBehaviour+BackColorFill+PartResizeColor, DecorationMaster",
        "size_x": 0.56,
        "size_y": 0.74,
        "angle": 0,
        "Order": 1,
        "A": 0.0,
        "R": 0.0,
        "G": 0.0,
        "B": 0.0,
        "sceneName": "Room_Mender_House",
        "pname": "back_colorfull_fill",
        "position": {
          "$type": "DecorationMaster.V2, DecorationMaster",
          "x": 68.45307,
          "y": -22.5319862
        }
      },
      {
        "$type": "DecorationMaster.MyBehaviour.OtherBehaviour+BackColorFill+PartResizeColor, DecorationMaster",
        "size_x": 0.56,
        "size_y": 0.74,
        "angle": 0,
        "Order": 1,
        "A": 0.0,
        "R": 0.0,
        "G": 0.0,
        "B": 0.0,
        "sceneName": "Room_Mender_House",
        "pname": "back_colorfull_fill",
        "position": {
          "$type": "DecorationMaster.V2, DecorationMaster",
          "x": 71.5734253,
          "y": -22.5319862
        }
      },
      {
        "$type": "DecorationMaster.MyBehaviour.OtherBehaviour+BackColorFill+PartResizeColor, DecorationMaster",
        "size_x": 0.484496683,
        "size_y": 0.66449666,
        "angle": 0,
        "Order": 2,
        "A": 0.0,
        "R": 0.4,
        "G": 0.2,
        "B": 0.1,
        "sceneName": "Room_Mender_House",
        "pname": "back_colorfull_fill",
        "position": {
          "$type": "DecorationMaster.V2, DecorationMaster",
          "x": 71.55073,
          "y": -22.5340061
        }
      },
      {
        "$type": "DecorationMaster.MyBehaviour.OtherBehaviour+BackColorFill+PartResizeColor, DecorationMaster",
        "size_x": 0.484496683,
        "size_y": 0.66449666,
        "angle": 0,
        "Order": 2,
        "A": 0.0,
        "R": 0.4,
        "G": 0.2,
        "B": 0.1,
        "sceneName": "Room_Mender_House",
        "pname": "back_colorfull_fill",
        "position": {
          "$type": "DecorationMaster.V2, DecorationMaster",
          "x": 68.43036,
          "y": -22.5340061
        }
      },
      {
        "$type": "DecorationMaster.MyBehaviour.OtherBehaviour+BackColorFill+PartResizeColor, DecorationMaster",
        "size_x": 0.2,
        "size_y": 0.2,
        "angle": 0,
        "Order": 4,
        "A": 0.0,
        "R": 1.0,
        "G": 1.0,
        "B": 1.0,
        "sceneName": "Room_Mender_House",
        "pname": "back_colorfull_fill",
        "position": {
          "$type": "DecorationMaster.V2, DecorationMaster",
          "x": 67.87893,
          "y": -23.4225845
        }
      },
      {
        "$type": "DecorationMaster.MyBehaviour.OtherBehaviour+BackColorFill+PartResizeColor, DecorationMaster",
        "size_x": 0.2,
        "size_y": 0.2,
        "angle": 0,
        "Order": 4,
        "A": 0.0,
        "R": 1.0,
        "G": 1.0,
        "B": 1.0,
        "sceneName": "Room_Mender_House",
        "pname": "back_colorfull_fill",
        "position": {
          "$type": "DecorationMaster.V2, DecorationMaster",
          "x": 70.974144,
          "y": -23.4845772
        }
      },
      {
        "$type": "DecorationMaster.MyBehaviour.OtherBehaviour+BackColorFill+PartResizeColor, DecorationMaster",
        "size_x": 0.304496676,
        "size_y": 0.484496653,
        "angle": 0,
        "Order": 2,
        "A": 0.0,
        "R": 0.1,
        "G": 0.0,
        "B": 0.0,
        "sceneName": "Room_Mender_House",
        "pname": "back_colorfull_fill",
        "position": {
          "$type": "DecorationMaster.V2, DecorationMaster",
          "x": 71.54264,
          "y": -22.5340061
        }
      },
      {
        "$type": "DecorationMaster.MyBehaviour.OtherBehaviour+BackColorFill+PartResizeColor, DecorationMaster",
        "size_x": 0.304496676,
        "size_y": 0.484496653,
        "angle": 0,
        "Order": 2,
        "A": 0.0,
        "R": 0.1,
        "G": 0.0,
        "B": 0.0,
        "sceneName": "Room_Mender_House",
        "pname": "back_colorfull_fill",
        "position": {
          "$type": "DecorationMaster.V2, DecorationMaster",
          "x": 68.38095,
          "y": -22.596
        }
      },
      {
        "$type": "DecorationMaster.MyBehaviour.OtherBehaviour+BackColorFill+PartResizeColor, DecorationMaster",
        "size_x": 0.2,
        "size_y": 0.66449666,
        "angle": 80,
        "Order": 5,
        "A": 0.0,
        "R": 0.1,
        "G": 0.0,
        "B": 0.0,
        "sceneName": "Room_Mender_House",
        "pname": "back_colorfull_fill",
        "position": {
          "$type": "DecorationMaster.V2, DecorationMaster",
          "x": 68.33962,
          "y": -21.21147
        }
      },
      {
        "$type": "DecorationMaster.MyBehaviour.OtherBehaviour+BackColorFill+PartResizeColor, DecorationMaster",
        "size_x": 0.2,
        "size_y": 0.66449666,
        "angle": 100,
        "Order": 5,
        "A": 0.0,
        "R": 0.1,
        "G": 0.0,
        "B": 0.0,
        "sceneName": "Room_Mender_House",
        "pname": "back_colorfull_fill",
        "position": {
          "$type": "DecorationMaster.V2, DecorationMaster",
          "x": 71.7103958,
          "y": -21.2321358
        }
      },
      {
        "$type": "DecorationMaster.MyBehaviour.OtherBehaviour+BackColorFill+PartResizeColor, DecorationMaster",
        "size_x": 0.2,
        "size_y": 0.2,
        "angle": 0,
        "Order": 10,
        "A": 0.0,
        "R": 0.0,
        "G": 0.0,
        "B": 0.0,
        "sceneName": "Room_Mender_House",
        "pname": "back_colorfull_fill",
        "position": {
          "$type": "DecorationMaster.V2, DecorationMaster",
          "x": 68.42473,
          "y": -22.4926758
        }
      },
      {
        "$type": "DecorationMaster.MyBehaviour.OtherBehaviour+BackColorFill+PartResizeColor, DecorationMaster",
        "size_x": 0.2,
        "size_y": 0.2,
        "angle": 0,
        "Order": 10,
        "A": 0.0,
        "R": 0.0,
        "G": 0.0,
        "B": 0.0,
        "sceneName": "Room_Mender_House",
        "pname": "back_colorfull_fill",
        "position": {
          "$type": "DecorationMaster.V2, DecorationMaster",
          "x": 71.6484146,
          "y": -22.51334
        }
      },
      {
        "$type": "DecorationMaster.MyBehaviour.OtherBehaviour+BackColorFill+PartResizeColor, DecorationMaster",
        "size_x": 2.0,
        "size_y": 0.64,
        "angle": 0,
        "Order": 1,
        "A": 0.0,
        "R": 0.8,
        "G": 0.6,
        "B": 0.3,
        "sceneName": "Room_Mender_House",
        "pname": "back_colorfull_fill",
        "position": {
          "$type": "DecorationMaster.V2, DecorationMaster",
          "x": 69.9907761,
          "y": -18.6697216
        }
      },
      {
        "$type": "DecorationMaster.MyBehaviour.OtherBehaviour+BackColorFill+PartResizeColor, DecorationMaster",
        "size_x": 0.64,
        "size_y": 0.64,
        "angle": 45,
        "Order": 3,
        "A": 0.0,
        "R": 0.9,
        "G": 0.599999964,
        "B": 0.3,
        "sceneName": "Room_Mender_House",
        "pname": "back_colorfull_fill",
        "position": {
          "$type": "DecorationMaster.V2, DecorationMaster",
          "x": 70.02644,
          "y": -19.4963055
        }
      },
      {
        "$type": "DecorationMaster.MyBehaviour.OtherBehaviour+BackColorFill+PartResizeColor, DecorationMaster",
        "size_x": 0.64,
        "size_y": 0.64,
        "angle": 45,
        "Order": 3,
        "A": 0.0,
        "R": 0.9,
        "G": 0.599999964,
        "B": 0.3,
        "sceneName": "Room_Mender_House",
        "pname": "back_colorfull_fill",
        "position": {
          "$type": "DecorationMaster.V2, DecorationMaster",
          "x": 69.28252,
          "y": -19.2689934
        }
      },
      {
        "$type": "DecorationMaster.MyBehaviour.OtherBehaviour+BackColorFill+PartResizeColor, DecorationMaster",
        "size_x": 0.64,
        "size_y": 0.64,
        "angle": 45,
        "Order": 3,
        "A": 0.0,
        "R": 0.9,
        "G": 0.599999964,
        "B": 0.3,
        "sceneName": "Room_Mender_House",
        "pname": "back_colorfull_fill",
        "position": {
          "$type": "DecorationMaster.V2, DecorationMaster",
          "x": 70.77037,
          "y": -19.2483311
        }
      },
      {
        "$type": "DecorationMaster.MyBehaviour.OtherBehaviour+BackColorFill+PartResizeColor, DecorationMaster",
        "size_x": 0.64,
        "size_y": 0.64,
        "angle": 45,
        "Order": 3,
        "A": 0.0,
        "R": 0.9,
        "G": 0.599999964,
        "B": 0.3,
        "sceneName": "Room_Mender_House",
        "pname": "back_colorfull_fill",
        "position": {
          "$type": "DecorationMaster.V2, DecorationMaster",
          "x": 73.1674652,
          "y": -19.3516521
        }
      },
      {
        "$type": "DecorationMaster.MyBehaviour.OtherBehaviour+BackColorFill+PartResizeColor, DecorationMaster",
        "size_x": 0.64,
        "size_y": 0.64,
        "angle": 45,
        "Order": 3,
        "A": 0.0,
        "R": 0.9,
        "G": 0.599999964,
        "B": 0.3,
        "sceneName": "Room_Mender_House",
        "pname": "back_colorfull_fill",
        "position": {
          "$type": "DecorationMaster.V2, DecorationMaster",
          "x": 66.51346,
          "y": -19.51697
        }
      },
      {
        "$type": "DecorationMaster.MyBehaviour.OtherBehaviour+BackColorFill+PartResizeColor, DecorationMaster",
        "size_x": 0.64,
        "size_y": 2.0,
        "angle": 0,
        "Order": 3,
        "A": 0.0,
        "R": 0.9,
        "G": 0.599999964,
        "B": 0.3,
        "sceneName": "Room_Mender_House",
        "pname": "back_colorfull_fill",
        "position": {
          "$type": "DecorationMaster.V2, DecorationMaster",
          "x": 65.54062,
          "y": -23.1746082
        }
      },
      {
        "$type": "DecorationMaster.MyBehaviour.OtherBehaviour+BackColorFill+PartResizeColor, DecorationMaster",
        "size_x": 0.64,
        "size_y": 2.0,
        "angle": 0,
        "Order": 3,
        "A": 0.0,
        "R": 0.9,
        "G": 0.599999964,
        "B": 0.3,
        "sceneName": "Room_Mender_House",
        "pname": "back_colorfull_fill",
        "position": {
          "$type": "DecorationMaster.V2, DecorationMaster",
          "x": 74.57266,
          "y": -23.09195
        }
      },
      {
        "$type": "DecorationMaster.MyBehaviour.OtherBehaviour+BackColorFill+PartResizeColor, DecorationMaster",
        "size_x": 0.459999979,
        "size_y": 0.459999979,
        "angle": 45,
        "Order": 3,
        "A": 0.0,
        "R": 0.9,
        "G": 0.599999964,
        "B": 0.3,
        "sceneName": "Room_Mender_House",
        "pname": "back_colorfull_fill",
        "position": {
          "$type": "DecorationMaster.V2, DecorationMaster",
          "x": 74.54508,
          "y": -26.98095
        }
      },
      {
        "$type": "DecorationMaster.MyBehaviour.OtherBehaviour+BackColorFill+PartResizeColor, DecorationMaster",
        "size_x": 0.459999979,
        "size_y": 0.459999979,
        "angle": 45,
        "Order": 3,
        "A": 0.0,
        "R": 0.9,
        "G": 0.599999964,
        "B": 0.3,
        "sceneName": "Room_Mender_House",
        "pname": "back_colorfull_fill",
        "position": {
          "$type": "DecorationMaster.V2, DecorationMaster",
          "x": 65.55597,
          "y": -27.0636082
        }
      },
      {
        "$type": "DecorationMaster.MyBehaviour.OtherBehaviour+BackColorFill+PartResizeColor, DecorationMaster",
        "size_x": 0.459999979,
        "size_y": 0.459999979,
        "angle": 45,
        "Order": 3,
        "A": 0.0,
        "R": 0.9,
        "G": 0.599999964,
        "B": 0.3,
        "sceneName": "Room_Mender_House",
        "pname": "back_colorfull_fill",
        "position": {
          "$type": "DecorationMaster.V2, DecorationMaster",
          "x": 74.0078049,
          "y": -18.7151
        }
      },
      {
        "$type": "DecorationMaster.MyBehaviour.OtherBehaviour+BackColorFill+PartResizeColor, DecorationMaster",
        "size_x": 0.459999979,
        "size_y": 0.459999979,
        "angle": 45,
        "Order": 3,
        "A": 0.0,
        "R": 0.9,
        "G": 0.599999964,
        "B": 0.3,
        "sceneName": "Room_Mender_House",
        "pname": "back_colorfull_fill",
        "position": {
          "$type": "DecorationMaster.V2, DecorationMaster",
          "x": 74.5244141,
          "y": -19.1697216
        }
      },
      {
        "$type": "DecorationMaster.MyBehaviour.OtherBehaviour+BackColorFill+PartResizeColor, DecorationMaster",
        "size_x": 0.459999979,
        "size_y": 0.459999979,
        "angle": 45,
        "Order": 3,
        "A": 0.0,
        "R": 0.9,
        "G": 0.599999964,
        "B": 0.3,
        "sceneName": "Room_Mender_House",
        "pname": "back_colorfull_fill",
        "position": {
          "$type": "DecorationMaster.V2, DecorationMaster",
          "x": 65.98992,
          "y": -18.6531048
        }
      },
      {
        "$type": "DecorationMaster.MyBehaviour.OtherBehaviour+BackColorFill+PartResizeColor, DecorationMaster",
        "size_x": 0.459999979,
        "size_y": 0.459999979,
        "angle": 45,
        "Order": 3,
        "A": 0.0,
        "R": 0.9,
        "G": 0.599999964,
        "B": 0.3,
        "sceneName": "Room_Mender_House",
        "pname": "back_colorfull_fill",
        "position": {
          "$type": "DecorationMaster.V2, DecorationMaster",
          "x": 65.5353,
          "y": -19.1697216
        }
      },
      {
        "$type": "DecorationMaster.MyBehaviour.OtherBehaviour+BackColorFill+PartResizeColor, DecorationMaster",
        "size_x": 0.459999979,
        "size_y": 0.459999979,
        "angle": 45,
        "Order": 3,
        "A": 0.0,
        "R": 0.9,
        "G": 0.599999964,
        "B": 0.3,
        "sceneName": "Room_Mender_House",
        "pname": "back_colorfull_fill",
        "position": {
          "$type": "DecorationMaster.V2, DecorationMaster",
          "x": 65.78328,
          "y": -21.0270958
        }
      },
      {
        "$type": "DecorationMaster.MyBehaviour.OtherBehaviour+BackColorFill+PartResizeColor, DecorationMaster",
        "size_x": 0.459999979,
        "size_y": 0.459999979,
        "angle": 45,
        "Order": 3,
        "A": 0.0,
        "R": 0.9,
        "G": 0.599999964,
        "B": 0.3,
        "sceneName": "Room_Mender_House",
        "pname": "back_colorfull_fill",
        "position": {
          "$type": "DecorationMaster.V2, DecorationMaster",
          "x": 74.46242,
          "y": -21.2750683
        }
      },
      {
        "$type": "DecorationMaster.MyBehaviour.OtherBehaviour+BackColorFill+PartResizeColor, DecorationMaster",
        "size_x": 0.459999979,
        "size_y": 0.459999979,
        "angle": 45,
        "Order": 3,
        "A": 0.0,
        "R": 0.9,
        "G": 0.599999964,
        "B": 0.3,
        "sceneName": "Room_Mender_House",
        "pname": "back_colorfull_fill",
        "position": {
          "$type": "DecorationMaster.V2, DecorationMaster",
          "x": 74.2971039,
          "y": -24.8293839
        }
      },
      {
        "$type": "DecorationMaster.MyBehaviour.OtherBehaviour+BackColorFill+PartResizeColor, DecorationMaster",
        "size_x": 0.459999979,
        "size_y": 0.459999979,
        "angle": 45,
        "Order": 3,
        "A": 0.0,
        "R": 0.9,
        "G": 0.599999964,
        "B": 0.3,
        "sceneName": "Room_Mender_House",
        "pname": "back_colorfull_fill",
        "position": {
          "$type": "DecorationMaster.V2, DecorationMaster",
          "x": 65.76261,
          "y": -25.0153675
        }
      },
      {
        "$type": "DecorationMaster.MyBehaviour.OtherBehaviour+BackColorFill+PartResizeColor, DecorationMaster",
        "size_x": 1.81999993,
        "size_y": 0.459999979,
        "angle": 0,
        "Order": 3,
        "A": 0.0,
        "R": 0.9,
        "G": 0.599999964,
        "B": 0.3,
        "sceneName": "Room_Mender_House",
        "pname": "back_colorfull_fill",
        "position": {
          "$type": "DecorationMaster.V2, DecorationMaster",
          "x": 69.9867249,
          "y": -18.0497818
        }
      },
      {
        "$type": "DecorationMaster.MyBehaviour.OtherBehaviour+BackColorFill+PartResizeColor, DecorationMaster",
        "size_x": 1.6400001,
        "size_y": 0.459999979,
        "angle": 0,
        "Order": 3,
        "A": 0.0,
        "R": 0.9,
        "G": 0.599999964,
        "B": 0.3,
        "sceneName": "Room_Mender_House",
        "pname": "back_colorfull_fill",
        "position": {
          "$type": "DecorationMaster.V2, DecorationMaster",
          "x": 70.00782,
          "y": -17.8018055
        }
      },
      {
        "$type": "DecorationMaster.MyBehaviour.OtherBehaviour+BackColorFill+PartResizeColor, DecorationMaster",
        "size_x": 0.82,
        "size_y": 0.82,
        "angle": 45,
        "Order": -1,
        "A": 0.0,
        "R": 0.5999999,
        "G": 0.4,
        "B": 0.1,
        "sceneName": "Room_Mender_House",
        "pname": "back_colorfull_fill",
        "position": {
          "$type": "DecorationMaster.V2, DecorationMaster",
          "x": 70.03858,
          "y": -25.49917
        }
      },
      {
        "$type": "DecorationMaster.MyBehaviour.OtherBehaviour+BackColorFill+PartResizeColor, DecorationMaster",
        "size_x": 0.82,
        "size_y": 0.82,
        "angle": 45,
        "Order": -1,
        "A": 0.0,
        "R": 0.5999999,
        "G": 0.4,
        "B": 0.1,
        "sceneName": "Room_Mender_House",
        "pname": "back_colorfull_fill",
        "position": {
          "$type": "DecorationMaster.V2, DecorationMaster",
          "x": 67.6236954,
          "y": -25.3958473
        }
      },
      {
        "$type": "DecorationMaster.MyBehaviour.OtherBehaviour+BackColorFill+PartResizeColor, DecorationMaster",
        "size_x": 0.82,
        "size_y": 0.82,
        "angle": 45,
        "Order": -1,
        "A": 0.0,
        "R": 0.5999999,
        "G": 0.4,
        "B": 0.1,
        "sceneName": "Room_Mender_House",
        "pname": "back_colorfull_fill",
        "position": {
          "$type": "DecorationMaster.V2, DecorationMaster",
          "x": 72.5536041,
          "y": -25.4785042
        }
      },
      {
        "$type": "DecorationMaster.MyBehaviour.OtherBehaviour+BackColorFill+PartResizeColor, DecorationMaster",
        "size_x": 2.0,
        "size_y": 0.2,
        "angle": 0,
        "Order": 3,
        "A": 0.0,
        "R": 0.5999999,
        "G": 0.4,
        "B": 0.1,
        "sceneName": "Room_Mender_House",
        "pname": "back_colorfull_fill",
        "position": {
          "$type": "DecorationMaster.V2, DecorationMaster",
          "x": 69.9028,
          "y": -25.9124622
        }
      },
      {
        "$type": "DecorationMaster.MyBehaviour.OtherBehaviour+BackColorFill+PartResizeColor, DecorationMaster",
        "size_x": 0.2,
        "size_y": 2.0,
        "angle": 170,
        "Order": 0,
        "A": 0.0,
        "R": 0.4,
        "G": 0.200000018,
        "B": 0.0,
        "sceneName": "Room_Mender_House",
        "pname": "back_colorfull_fill",
        "position": {
          "$type": "DecorationMaster.V2, DecorationMaster",
          "x": 68.17675,
          "y": -38.796154
        }
      },
      {
        "$type": "DecorationMaster.MyBehaviour.OtherBehaviour+BackColorFill+PartResizeColor, DecorationMaster",
        "size_x": 0.2,
        "size_y": 2.0,
        "angle": 165,
        "Order": 1,
        "A": 0.0,
        "R": 0.4,
        "G": 0.200000018,
        "B": 0.0,
        "sceneName": "Room_Mender_House",
        "pname": "back_colorfull_fill",
        "position": {
          "$type": "DecorationMaster.V2, DecorationMaster",
          "x": 66.44556,
          "y": -46.54788
        }
      },
      {
        "$type": "DecorationMaster.MyBehaviour.OtherBehaviour+BackColorFill+PartResizeColor, DecorationMaster",
        "size_x": 0.2,
        "size_y": 1.0,
        "angle": 170,
        "Order": 3,
        "A": 0.0,
        "R": 0.7,
        "G": 0.7,
        "B": 0.7,
        "sceneName": "Room_Mender_House",
        "pname": "back_colorfull_fill",
        "position": {
          "$type": "DecorationMaster.V2, DecorationMaster",
          "x": 68.51008,
          "y": -37.0113068
        }
      },
      {
        "$type": "DecorationMaster.MyBehaviour.Bench+BenchItem, DecorationMaster",
        "bench_name": "D_bench1_817663_06183645",
        "sceneName": "Room_Mender_House",
        "pname": "HK_bench",
        "position": {
          "$type": "DecorationMaster.V2, DecorationMaster",
          "x": 15.7404385,
          "y": 5.70600128
        }
      },
      {
        "$type": "DecorationMaster.MyBehaviour.DefaultBehaviour+SharedItem, DecorationMaster",
        "size": 0.2,
        "angle": 270,
        "sceneName": "Room_Mender_House",
        "pname": "HK_infinte_soul",
        "position": {
          "$type": "DecorationMaster.V2, DecorationMaster",
          "x": 20.9594078,
          "y": 9.185315
        }
      }
    ]
  }
}