{
  "$type": "DecorationMaster.ItemSettings, DecorationMaster",
  "scene_name": "Ruins_House_01",
  "mod_version": 0.5,
  "items": {
    "$type": "System.Collections.Generic.List`1[[DecorationMaster.Item, DecorationMaster]], mscorlib",
    "$values": [
      {
        "$type": "DecorationMaster.ItemDef+ConveyorItem, DecorationMaster",
        "speed": 12,
        "size": 1.0,
        "angle": 180,
        "sceneName": "Ruins_House_01",
        "pname": "simple_conveyor",
        "position": {
          "$type": "DecorationMaster.V2, DecorationMaster",
          "x": 16.58496,
          "y": 4.766211
        }
      },
      {
        "$type": "DecorationMaster.MyBehaviour.DefaultBehaviour+SharedItem, DecorationMaster",
        "size": 0.5229195,
        "angle": 0,
        "sceneName": "Ruins_House_01",
        "pname": "HK_soul_totem",
        "position": {
          "$type": "DecorationMaster.V2, DecorationMaster",
          "x": 32.6037254,
          "y": 6.160935
        }
      }
    ]
  }
}