{
  "$type": "DecorationMaster.ItemSettings, DecorationMaster",
  "scene_name": "Ruins1_01",
  "mod_version": 0.5,
  "items": {
    "$type": "System.Collections.Generic.List`1[[DecorationMaster.Item, DecorationMaster]], mscorlib",
    "$values": [
      {
        "$type": "DecorationMaster.ItemDef+LeverGateItem, DecorationMaster",
        "Number": 1,
        "size": 1.18000007,
        "angle": 0,
        "sceneName": "Ruins1_01",
        "pname": "HK_lever",
        "position": {
          "$type": "DecorationMaster.V2, DecorationMaster",
          "x": 22.0769138,
          "y": 17.3307629
        }
      },
      {
        "$type": "DecorationMaster.ItemDef+LeverGateItem, DecorationMaster",
        "Number": 1,
        "size": 2.0,
        "angle": 0,
        "sceneName": "Ruins1_01",
        "pname": "HK_gate",
        "position": {
          "$type": "DecorationMaster.V2, DecorationMaster",
          "x": 24.7013969,
          "y": 19.83527
        }
      },
      {
        "$type": "DecorationMaster.ItemDef+DefaultItem, DecorationMaster",
        "sceneName": "Ruins1_01",
        "pname": "IMG_RespawnPoint",
        "position": {
          "$type": "DecorationMaster.V2, DecorationMaster",
          "x": 40.5541878,
          "y": 18.0806122
        }
      },
      {
        "$type": "DecorationMaster.ItemDef+DefatulResizeItem, DecorationMaster",
        "size": 1.0,
        "angle": 0,
        "sceneName": "Ruins1_01",
        "pname": "white_thorn",
        "position": {
          "$type": "DecorationMaster.V2, DecorationMaster",
          "x": 35.9152946,
          "y": 16.46093
        }
      },
      {
        "$type": "DecorationMaster.ItemDef+DefatulResizeItem, DecorationMaster",
        "size": 1.0,
        "angle": 0,
        "sceneName": "Ruins1_01",
        "pname": "white_thorn",
        "position": {
          "$type": "DecorationMaster.V2, DecorationMaster",
          "x": 29.5081768,
          "y": 16.4909229
        }
      },
      {
        "$type": "DecorationMaster.ItemDef+SawItem, DecorationMaster",
        "span": 1,
        "speed": 5,
        "pitch": 1.0,
        "volume": 0.0,
        "Center": {
          "$type": "DecorationMaster.V2, DecorationMaster",
          "x": 32.7255859,
          "y": 14.9157143
        },
        "offset": 0,
        "size": 0.459999979,
        "angle": 90,
        "sceneName": "Ruins1_01",
        "pname": "HK_saw",
        "position": {
          "$type": "DecorationMaster.V2, DecorationMaster",
          "x": 32.7255859,
          "y": 14.9157143
        }
      },
      {
        "$type": "DecorationMaster.MyBehaviour.DefaultBehaviour+SharedItem, DecorationMaster",
        "size": 1.0,
        "angle": 0,
        "sceneName": "Ruins1_01",
        "pname": "HK_spike",
        "position": {
          "$type": "DecorationMaster.V2, DecorationMaster",
          "x": 54.0947762,
          "y": 29.144516
        }
      },
      {
        "$type": "DecorationMaster.MyBehaviour.DefaultBehaviour+SharedItem, DecorationMaster",
        "size": 1.0,
        "angle": 0,
        "sceneName": "Ruins1_01",
        "pname": "HK_spike",
        "position": {
          "$type": "DecorationMaster.V2, DecorationMaster",
          "x": 50.0005836,
          "y": 29.114521
        }
      },
      {
        "$type": "DecorationMaster.MyBehaviour.DefaultBehaviour+SharedItem, DecorationMaster",
        "size": 1.0,
        "angle": 0,
        "sceneName": "Ruins1_01",
        "pname": "HK_spike",
        "position": {
          "$type": "DecorationMaster.V2, DecorationMaster",
          "x": 57.9699,
          "y": 25.6132832
        }
      },
      {
        "$type": "DecorationMaster.MyBehaviour.DefaultBehaviour+SharedItem, DecorationMaster",
        "size": 1.0,
        "angle": 0,
        "sceneName": "Ruins1_01",
        "pname": "HK_spike",
        "position": {
          "$type": "DecorationMaster.V2, DecorationMaster",
          "x": 45.9810028,
          "y": 25.6352062
        }
      },
      {
        "$type": "DecorationMaster.ItemDef+DefaultItem, DecorationMaster",
        "sceneName": "Ruins1_01",
        "pname": "IMG_RespawnPoint",
        "position": {
          "$type": "DecorationMaster.V2, DecorationMaster",
          "x": 62.8176079,
          "y": 18.42503
        }
      },
      {
        "$type": "DecorationMaster.ItemDef+DefaultItem, DecorationMaster",
        "sceneName": "Ruins1_01",
        "pname": "IMG_RespawnPoint",
        "position": {
          "$type": "DecorationMaster.V2, DecorationMaster",
          "x": 51.8047523,
          "y": 30.8922424
        }
      },
      {
        "$type": "DecorationMaster.ItemDef+DefatulResizeItem, DecorationMaster",
        "size": 1.54,
        "angle": 140,
        "sceneName": "Ruins1_01",
        "pname": "white_thorn",
        "position": {
          "$type": "DecorationMaster.V2, DecorationMaster",
          "x": 47.4379845,
          "y": 19.7447681
        }
      },
      {
        "$type": "DecorationMaster.ItemDef+DefatulResizeItem, DecorationMaster",
        "size": 1.54,
        "angle": 320,
        "sceneName": "Ruins1_01",
        "pname": "white_thorn",
        "position": {
          "$type": "DecorationMaster.V2, DecorationMaster",
          "x": 48.7877235,
          "y": 21.37944
        }
      },
      {
        "$type": "DecorationMaster.ItemDef+DefatulResizeItem, DecorationMaster",
        "size": 1.0,
        "angle": 0,
        "sceneName": "Ruins1_01",
        "pname": "white_thorn",
        "position": {
          "$type": "DecorationMaster.V2, DecorationMaster",
          "x": 45.58352,
          "y": 13.4160166
        }
      },
      {
        "$type": "DecorationMaster.ItemDef+DefatulResizeItem, DecorationMaster",
        "size": 1.0,
        "angle": 0,
        "sceneName": "Ruins1_01",
        "pname": "white_thorn",
        "position": {
          "$type": "DecorationMaster.V2, DecorationMaster",
          "x": 48.83788,
          "y": 13.3260326
        }
      },
      {
        "$type": "DecorationMaster.ItemDef+DefaultItem, DecorationMaster",
        "sceneName": "Ruins1_01",
        "pname": "binoculars",
        "position": {
          "$type": "DecorationMaster.V2, DecorationMaster",
          "x": 52.0697975,
          "y": 24.0189152
        }
      },
      {
        "$type": "DecorationMaster.ItemDef+DefatulResizeItem, DecorationMaster",
        "size": 1.0,
        "angle": 0,
        "sceneName": "Ruins1_01",
        "pname": "white_thorn",
        "position": {
          "$type": "DecorationMaster.V2, DecorationMaster",
          "x": 58.01694,
          "y": 13.4309988
        }
      },
      {
        "$type": "DecorationMaster.ItemDef+DefatulResizeItem, DecorationMaster",
        "size": 1.0,
        "angle": 0,
        "sceneName": "Ruins1_01",
        "pname": "white_thorn",
        "position": {
          "$type": "DecorationMaster.V2, DecorationMaster",
          "x": 54.9684067,
          "y": 13.3410187
        }
      },
      {
        "$type": "DecorationMaster.MyBehaviour.DefaultBehaviour+SharedItem, DecorationMaster",
        "size": 0.64,
        "angle": 270,
        "sceneName": "Ruins1_01",
        "pname": "HK_flip_platform",
        "position": {
          "$type": "DecorationMaster.V2, DecorationMaster",
          "x": 80.0412445,
          "y": 19.0404243
        }
      },
      {
        "$type": "DecorationMaster.ItemDef+DefatulResizeItem, DecorationMaster",
        "size": 0.2,
        "angle": 0,
        "sceneName": "Ruins1_01",
        "pname": "white_thorn",
        "position": {
          "$type": "DecorationMaster.V2, DecorationMaster",
          "x": 79.7283859,
          "y": 20.0602188
        }
      },
      {
        "$type": "DecorationMaster.MyBehaviour.DefaultBehaviour+SharedItem, DecorationMaster",
        "size": 1.0,
        "angle": 0,
        "sceneName": "Ruins1_01",
        "pname": "HK_soul_totem",
        "position": {
          "$type": "DecorationMaster.V2, DecorationMaster",
          "x": 67.45667,
          "y": 18.0506172
        }
      },
      {
        "$type": "DecorationMaster.ItemDef+DefaultItem, DecorationMaster",
        "sceneName": "Ruins1_01",
        "pname": "IMG_RespawnPoint",
        "position": {
          "$type": "DecorationMaster.V2, DecorationMaster",
          "x": 95.823,
          "y": 17.7356911
        }
      },
      {
        "$type": "DecorationMaster.MyBehaviour.DefaultBehaviour+SharedItem, DecorationMaster",
        "size": 1.0,
        "angle": 0,
        "sceneName": "Ruins1_01",
        "pname": "HK_soul_totem",
        "position": {
          "$type": "DecorationMaster.V2, DecorationMaster",
          "x": 91.93587,
          "y": 18.0656166
        }
      },
      {
        "$type": "DecorationMaster.ItemDef+DefatulResizeItem, DecorationMaster",
        "size": 1.0,
        "angle": 0,
        "sceneName": "Ruins1_01",
        "pname": "white_thorn",
        "position": {
          "$type": "DecorationMaster.V2, DecorationMaster",
          "x": 102.428268,
          "y": 16.5359154
        }
      },
      {
        "$type": "DecorationMaster.ItemDef+DefatulResizeItem, DecorationMaster",
        "size": 1.0,
        "angle": 0,
        "sceneName": "Ruins1_01",
        "pname": "white_thorn",
        "position": {
          "$type": "DecorationMaster.V2, DecorationMaster",
          "x": 105.731682,
          "y": 16.4483147
        }
      },
      {
        "$type": "DecorationMaster.ItemDef+DefatulResizeItem, DecorationMaster",
        "size": 1.0,
        "angle": 0,
        "sceneName": "Ruins1_01",
        "pname": "white_thorn",
        "position": {
          "$type": "DecorationMaster.V2, DecorationMaster",
          "x": 108.521141,
          "y": 16.5233
        }
      },
      {
        "$type": "DecorationMaster.MyBehaviour.DefaultBehaviour+SharedItem, DecorationMaster",
        "size": 0.64,
        "angle": 270,
        "sceneName": "Ruins1_01",
        "pname": "HK_flip_platform",
        "position": {
          "$type": "DecorationMaster.V2, DecorationMaster",
          "x": 104.556335,
          "y": 19.9252625
        }
      },
      {
        "$type": "DecorationMaster.ItemDef+DefatulResizeItem, DecorationMaster",
        "size": 0.2,
        "angle": 0,
        "sceneName": "Ruins1_01",
        "pname": "white_thorn",
        "position": {
          "$type": "DecorationMaster.V2, DecorationMaster",
          "x": 104.331367,
          "y": 20.9450569
        }
      },
      {
        "$type": "DecorationMaster.MyBehaviour.DefaultBehaviour+SharedItem, DecorationMaster",
        "size": 0.64,
        "angle": 270,
        "sceneName": "Ruins1_01",
        "pname": "HK_flip_platform",
        "position": {
          "$type": "DecorationMaster.V2, DecorationMaster",
          "x": 111.100639,
          "y": 20.5125122
        }
      },
      {
        "$type": "DecorationMaster.ItemDef+DefatulResizeItem, DecorationMaster",
        "size": 0.2,
        "angle": 0,
        "sceneName": "Ruins1_01",
        "pname": "white_thorn",
        "position": {
          "$type": "DecorationMaster.V2, DecorationMaster",
          "x": 110.890678,
          "y": 21.547308
        }
      },
      {
        "$type": "DecorationMaster.ItemDef+DefatulResizeItem, DecorationMaster",
        "size": 1.0,
        "angle": 0,
        "sceneName": "Ruins1_01",
        "pname": "white_thorn",
        "position": {
          "$type": "DecorationMaster.V2, DecorationMaster",
          "x": 122.472084,
          "y": 16.5839424
        }
      },
      {
        "$type": "DecorationMaster.ItemDef+DefaultItem, DecorationMaster",
        "sceneName": "Ruins1_01",
        "pname": "binoculars",
        "position": {
          "$type": "DecorationMaster.V2, DecorationMaster",
          "x": 116.816887,
          "y": 20.81311
        }
      },
      {
        "$type": "DecorationMaster.ItemDef+DefaultItem, DecorationMaster",
        "sceneName": "Ruins1_01",
        "pname": "IMG_RespawnPoint",
        "position": {
          "$type": "DecorationMaster.V2, DecorationMaster",
          "x": 113.514587,
          "y": 6.634618
        }
      },
      {
        "$type": "DecorationMaster.ItemDef+DefatulResizeItem, DecorationMaster",
        "size": 1.0,
        "angle": 120,
        "sceneName": "Ruins1_01",
        "pname": "white_thorn",
        "position": {
          "$type": "DecorationMaster.V2, DecorationMaster",
          "x": 110.417389,
          "y": 9.987896
        }
      },
      {
        "$type": "DecorationMaster.ItemDef+DefatulResizeItem, DecorationMaster",
        "size": 1.0,
        "angle": 300,
        "sceneName": "Ruins1_01",
        "pname": "white_thorn",
        "position": {
          "$type": "DecorationMaster.V2, DecorationMaster",
          "x": 111.565544,
          "y": 10.7077532
        }
      },
      {
        "$type": "DecorationMaster.ItemDef+DefaultItem, DecorationMaster",
        "sceneName": "Ruins1_01",
        "pname": "binoculars",
        "position": {
          "$type": "DecorationMaster.V2, DecorationMaster",
          "x": 116.890045,
          "y": 8.51556
        }
      },
      {
        "$type": "DecorationMaster.ItemDef+DefaultItem, DecorationMaster",
        "sceneName": "Ruins1_01",
        "pname": "HK_fly",
        "position": {
          "$type": "DecorationMaster.V2, DecorationMaster",
          "x": 97.78035,
          "y": 8.764908
        }
      },
      {
        "$type": "DecorationMaster.ItemDef+DefaultItem, DecorationMaster",
        "sceneName": "Ruins1_01",
        "pname": "HK_fly",
        "position": {
          "$type": "DecorationMaster.V2, DecorationMaster",
          "x": 92.51637,
          "y": 8.689923
        }
      },
      {
        "$type": "DecorationMaster.ItemDef+DefatulResizeItem, DecorationMaster",
        "size": 1.0,
        "angle": 0,
        "sceneName": "Ruins1_01",
        "pname": "white_spike",
        "position": {
          "$type": "DecorationMaster.V2, DecorationMaster",
          "x": 107.656845,
          "y": 5.660521
        }
      },
      {
        "$type": "DecorationMaster.ItemDef+DefatulResizeItem, DecorationMaster",
        "size": 1.54,
        "angle": 0,
        "sceneName": "Ruins1_01",
        "pname": "white_spike",
        "position": {
          "$type": "DecorationMaster.V2, DecorationMaster",
          "x": 107.616158,
          "y": 5.960461
        }
      },
      {
        "$type": "DecorationMaster.ItemDef+DefaultItem, DecorationMaster",
        "sceneName": "Ruins1_01",
        "pname": "binoculars",
        "position": {
          "$type": "DecorationMaster.V2, DecorationMaster",
          "x": 91.7042847,
          "y": 4.94066048
        }
      },
      {
        "$type": "DecorationMaster.ItemDef+DefaultItem, DecorationMaster",
        "sceneName": "Ruins1_01",
        "pname": "IMG_RespawnPoint",
        "position": {
          "$type": "DecorationMaster.V2, DecorationMaster",
          "x": 100.567551,
          "y": 6.78529739
        }
      },
      {
        "$type": "DecorationMaster.ItemDef+DefatulResizeItem, DecorationMaster",
        "size": 1.0,
        "angle": 0,
        "sceneName": "Ruins1_01",
        "pname": "white_spike",
        "position": {
          "$type": "DecorationMaster.V2, DecorationMaster",
          "x": 109.295258,
          "y": 5.660519
        }
      },
      {
        "$type": "DecorationMaster.ItemDef+DefatulResizeItem, DecorationMaster",
        "size": 1.0,
        "angle": 0,
        "sceneName": "Ruins1_01",
        "pname": "white_spike",
        "position": {
          "$type": "DecorationMaster.V2, DecorationMaster",
          "x": 105.965919,
          "y": 5.675516
        }
      },
      {
        "$type": "DecorationMaster.ItemDef+DefatulResizeItem, DecorationMaster",
        "size": 1.0,
        "angle": 0,
        "sceneName": "Ruins1_01",
        "pname": "white_thorn",
        "position": {
          "$type": "DecorationMaster.V2, DecorationMaster",
          "x": 75.93675,
          "y": 15.8310528
        }
      },
      {
        "$type": "DecorationMaster.ItemDef+DefatulResizeItem, DecorationMaster",
        "size": 1.0,
        "angle": 0,
        "sceneName": "Ruins1_01",
        "pname": "white_thorn",
        "position": {
          "$type": "DecorationMaster.V2, DecorationMaster",
          "x": 78.92802,
          "y": 15.7710629
        }
      },
      {
        "$type": "DecorationMaster.ItemDef+DefatulResizeItem, DecorationMaster",
        "size": 1.0,
        "angle": 0,
        "sceneName": "Ruins1_01",
        "pname": "white_thorn",
        "position": {
          "$type": "DecorationMaster.V2, DecorationMaster",
          "x": 81.54886,
          "y": 15.7560663
        }
      },
      {
        "$type": "DecorationMaster.ItemDef+DefatulResizeItem, DecorationMaster",
        "size": 1.0,
        "angle": 0,
        "sceneName": "Ruins1_01",
        "pname": "white_thorn",
        "position": {
          "$type": "DecorationMaster.V2, DecorationMaster",
          "x": 84.23486,
          "y": 15.78606
        }
      },
      {
        "$type": "DecorationMaster.MyBehaviour.DefaultBehaviour+SharedItem, DecorationMaster",
        "size": 1.0,
        "angle": 0,
        "sceneName": "Ruins1_01",
        "pname": "HK_platform_small",
        "position": {
          "$type": "DecorationMaster.V2, DecorationMaster",
          "x": 99.53204,
          "y": 16.1010132
        }
      },
      {
        "$type": "DecorationMaster.ItemDef+DefatulResizeItem, DecorationMaster",
        "size": 1.54,
        "angle": 270,
        "sceneName": "Ruins1_01",
        "pname": "white_thorn",
        "position": {
          "$type": "DecorationMaster.V2, DecorationMaster",
          "x": 98.50222,
          "y": 24.8292961
        }
      },
      {
        "$type": "DecorationMaster.ItemDef+DefaultItem, DecorationMaster",
        "sceneName": "Ruins1_01",
        "pname": "IMG_RespawnPoint",
        "position": {
          "$type": "DecorationMaster.V2, DecorationMaster",
          "x": 116.199608,
          "y": 18.2029724
        }
      },
      {
        "$type": "DecorationMaster.ItemDef+DefatulResizeItem, DecorationMaster",
        "size": 1.0,
        "angle": 270,
        "sceneName": "Ruins1_01",
        "pname": "white_thorn",
        "position": {
          "$type": "DecorationMaster.V2, DecorationMaster",
          "x": 111.009079,
          "y": 14.3896217
        }
      },
      {
        "$type": "DecorationMaster.ItemDef+DefaultItem, DecorationMaster",
        "sceneName": "Ruins1_01",
        "pname": "IMG_RespawnPoint",
        "position": {
          "$type": "DecorationMaster.V2, DecorationMaster",
          "x": 114.579216,
          "y": 11.6001692
        }
      },
      {
        "$type": "DecorationMaster.ItemDef+ConveyorItem, DecorationMaster",
        "speed": 15,
        "size": 1.81999993,
        "angle": 180,
        "sceneName": "Ruins1_01",
        "pname": "simple_conveyor",
        "position": {
          "$type": "DecorationMaster.V2, DecorationMaster",
          "x": 15.394845,
          "y": 15.756073
        }
      },
      {
        "$type": "DecorationMaster.MyBehaviour.DefaultBehaviour+SharedItem, DecorationMaster",
        "size": 1.0,
        "angle": 180,
        "sceneName": "Ruins1_01",
        "pname": "HK_spike",
        "position": {
          "$type": "DecorationMaster.V2, DecorationMaster",
          "x": 52.097744,
          "y": 18.0201054
        }
      },
      {
        "$type": "DecorationMaster.MyBehaviour.DefaultBehaviour+SharedItem, DecorationMaster",
        "size": 0.64,
        "angle": 270,
        "sceneName": "Ruins1_01",
        "pname": "HK_flip_platform",
        "position": {
          "$type": "DecorationMaster.V2, DecorationMaster",
          "x": 75.47078,
          "y": 20.1052132
        }
      },
      {
        "$type": "DecorationMaster.ItemDef+DefatulResizeItem, DecorationMaster",
        "size": 0.2,
        "angle": 0,
        "sceneName": "Ruins1_01",
        "pname": "white_thorn",
        "position": {
          "$type": "DecorationMaster.V2, DecorationMaster",
          "x": 75.33557,
          "y": 21.050024
        }
      },
      {
        "$type": "DecorationMaster.ItemDef+DefatulResizeItem, DecorationMaster",
        "size": 2.0,
        "angle": 90,
        "sceneName": "Ruins1_01",
        "pname": "white_thorn",
        "position": {
          "$type": "DecorationMaster.V2, DecorationMaster",
          "x": 93.59305,
          "y": 24.754303
        }
      },
      {
        "$type": "DecorationMaster.ItemDef+DefatulResizeItem, DecorationMaster",
        "size": 1.0,
        "angle": 0,
        "sceneName": "Ruins1_01",
        "pname": "IMG_Lantern",
        "position": {
          "$type": "DecorationMaster.V2, DecorationMaster",
          "x": 166.653809,
          "y": 18.3396072
        }
      },
      {
        "$type": "DecorationMaster.ItemDef+DefatulResizeItem, DecorationMaster",
        "size": 1.54,
        "angle": 90,
        "sceneName": "Ruins1_01",
        "pname": "white_spike",
        "position": {
          "$type": "DecorationMaster.V2, DecorationMaster",
          "x": 53.6064873,
          "y": 34.0612221
        }
      },
      {
        "$type": "DecorationMaster.ItemDef+DefatulResizeItem, DecorationMaster",
        "size": 1.54,
        "angle": 270,
        "sceneName": "Ruins1_01",
        "pname": "white_spike",
        "position": {
          "$type": "DecorationMaster.V2, DecorationMaster",
          "x": 50.49363,
          "y": 34.022068
        }
      },
      {
        "$type": "DecorationMaster.ItemDef+DefatulResizeItem, DecorationMaster",
        "size": 1.0,
        "angle": 0,
        "sceneName": "Ruins1_01",
        "pname": "edge",
        "position": {
          "$type": "DecorationMaster.V2, DecorationMaster",
          "x": 94.98084,
          "y": -1.19520664
        }
      },
      {
        "$type": "DecorationMaster.MyBehaviour.Bench+BenchItem, DecorationMaster",
        "bench_name": "D_bench1_939357_00950447",
        "sceneName": "Ruins1_01",
        "pname": "HK_bench",
        "position": {
          "$type": "DecorationMaster.V2, DecorationMaster",
          "x": 96.66452,
          "y": -0.8036518
        }
      },
      {
        "$type": "DecorationMaster.MyBehaviour.Bench+BenchItem, DecorationMaster",
        "bench_name": "D_bench1_984638_00950471",
        "sceneName": "Ruins1_01",
        "pname": "HK_bench",
        "position": {
          "$type": "DecorationMaster.V2, DecorationMaster",
          "x": 95.85192,
          "y": -0.792437553
        }
      },
      {
        "$type": "DecorationMaster.MyBehaviour.Bench+BenchItem, DecorationMaster",
        "bench_name": "D_bench1_636206_00950501",
        "sceneName": "Ruins1_01",
        "pname": "HK_bench",
        "position": {
          "$type": "DecorationMaster.V2, DecorationMaster",
          "x": 94.23075,
          "y": -0.8232298
        }
      },
      {
        "$type": "DecorationMaster.MyBehaviour.Bench+BenchItem, DecorationMaster",
        "bench_name": "D_bench1_141126_00950520",
        "sceneName": "Ruins1_01",
        "pname": "HK_bench",
        "position": {
          "$type": "DecorationMaster.V2, DecorationMaster",
          "x": 93.42806,
          "y": -0.8623848
        }
      },
      {
        "$type": "DecorationMaster.ItemDef+DefatulResizeItem, DecorationMaster",
        "size": 1.54,
        "angle": 90,
        "sceneName": "Ruins1_01",
        "pname": "white_spike",
        "position": {
          "$type": "DecorationMaster.V2, DecorationMaster",
          "x": 96.72457,
          "y": 0.5615244
        }
      },
      {
        "$type": "DecorationMaster.ItemDef+DefatulResizeItem, DecorationMaster",
        "size": 1.54,
        "angle": 270,
        "sceneName": "Ruins1_01",
        "pname": "white_spike",
        "position": {
          "$type": "DecorationMaster.V2, DecorationMaster",
          "x": 93.2602539,
          "y": 0.5315294
        }
      }
    ]
  }
}