{
  "$type": "DecorationMaster.ItemSettings, DecorationMaster",
  "scene_name": "Waterways_06",
  "mod_version": 0.5,
  "items": {
    "$type": "System.Collections.Generic.List`1[[DecorationMaster.Item, DecorationMaster]], mscorlib",
    "$values": [
      {
        "$type": "DecorationMaster.ItemDef+DefatulResizeItem, DecorationMaster",
        "size": 1.54,
        "angle": 180,
        "sceneName": "Waterways_06",
        "pname": "white_spike",
        "position": {
          "$type": "DecorationMaster.V2, DecorationMaster",
          "x": 90.00989,
          "y": 45.1288338
        }
      },
      {
        "$type": "DecorationMaster.MyBehaviour.DefaultBehaviour+SharedItem, DecorationMaster",
        "size": 1.0,
        "angle": 0,
        "sceneName": "Waterways_06",
        "pname": "HK_zote_head",
        "position": {
          "$type": "DecorationMaster.V2, DecorationMaster",
          "x": 96.32365,
          "y": 44.7539063
        }
      },
      {
        "$type": "DecorationMaster.ItemDef+DefatulResizeItem, DecorationMaster",
        "size": 1.0,
        "angle": 0,
        "sceneName": "Waterways_06",
        "pname": "zote_wall",
        "position": {
          "$type": "DecorationMaster.V2, DecorationMaster",
          "x": 89.9799,
          "y": 43.01425
        }
      },
      {
        "$type": "DecorationMaster.MyBehaviour.DefaultBehaviour+SharedItem, DecorationMaster",
        "size": 1.0,
        "angle": 0,
        "sceneName": "Waterways_06",
        "pname": "HK_platform_small",
        "position": {
          "$type": "DecorationMaster.V2, DecorationMaster",
          "x": 78.0656052,
          "y": 41.91946
        }
      },
      {
        "$type": "DecorationMaster.MyBehaviour.OtherBehaviour+BackColorFill+PartResizeColor, DecorationMaster",
        "size_x": 2.0,
        "size_y": 1.73573828,
        "angle": 0,
        "Order": 0,
        "A": 0.0,
        "R": 0.0,
        "G": 0.440715849,
        "B": 0.601510048,
        "sceneName": "Waterways_06",
        "pname": "back_colorfull_fill",
        "position": {
          "$type": "DecorationMaster.V2, DecorationMaster",
          "x": 28.7545166,
          "y": 40.50291
        }
      },
      {
        "$type": "DecorationMaster.MyBehaviour.OtherBehaviour+BackColorFill+PartResizeColor, DecorationMaster",
        "size_x": 2.0,
        "size_y": 1.73573828,
        "angle": 0,
        "Order": 0,
        "A": 0.0,
        "R": 0.0,
        "G": 0.440715849,
        "B": 0.601510048,
        "sceneName": "Waterways_06",
        "pname": "back_colorfull_fill",
        "position": {
          "$type": "DecorationMaster.V2, DecorationMaster",
          "x": 37.11658,
          "y": 40.74969
        }
      },
      {
        "$type": "DecorationMaster.MyBehaviour.OtherBehaviour+BackColorFill+PartResizeColor, DecorationMaster",
        "size_x": 2.0,
        "size_y": 1.73573828,
        "angle": 0,
        "Order": 0,
        "A": 0.0,
        "R": 0.0,
        "G": 0.440715849,
        "B": 0.601510048,
        "sceneName": "Waterways_06",
        "pname": "back_colorfull_fill",
        "position": {
          "$type": "DecorationMaster.V2, DecorationMaster",
          "x": 45.48493,
          "y": 40.2847862
        }
      },
      {
        "$type": "DecorationMaster.MyBehaviour.OtherBehaviour+BackColorFill+PartResizeColor, DecorationMaster",
        "size_x": 2.0,
        "size_y": 1.73573828,
        "angle": 0,
        "Order": 0,
        "A": 0.0,
        "R": 0.0,
        "G": 0.440715849,
        "B": 0.601510048,
        "sceneName": "Waterways_06",
        "pname": "back_colorfull_fill",
        "position": {
          "$type": "DecorationMaster.V2, DecorationMaster",
          "x": 53.86379,
          "y": 40.64471
        }
      },
      {
        "$type": "DecorationMaster.MyBehaviour.OtherBehaviour+BackColorFill+PartResizeColor, DecorationMaster",
        "size_x": 2.0,
        "size_y": 1.73573828,
        "angle": 0,
        "Order": 0,
        "A": 0.0,
        "R": 0.0,
        "G": 0.440715849,
        "B": 0.601510048,
        "sceneName": "Waterways_06",
        "pname": "back_colorfull_fill",
        "position": {
          "$type": "DecorationMaster.V2, DecorationMaster",
          "x": 62.3377724,
          "y": 40.64471
        }
      },
      {
        "$type": "DecorationMaster.MyBehaviour.OtherBehaviour+BackColorFill+PartResizeColor, DecorationMaster",
        "size_x": 2.0,
        "size_y": 1.73573828,
        "angle": 0,
        "Order": 0,
        "A": 0.0,
        "R": 0.0,
        "G": 0.440715849,
        "B": 0.601510048,
        "sceneName": "Waterways_06",
        "pname": "back_colorfull_fill",
        "position": {
          "$type": "DecorationMaster.V2, DecorationMaster",
          "x": 70.80337,
          "y": 40.64471
        }
      },
      {
        "$type": "DecorationMaster.ItemDef+LeverGateItem, DecorationMaster",
        "Number": 1,
        "size": 0.82,
        "angle": 0,
        "sceneName": "Waterways_06",
        "pname": "HK_lever",
        "position": {
          "$type": "DecorationMaster.V2, DecorationMaster",
          "x": 78.00836,
          "y": 43.20614
        }
      },
      {
        "$type": "DecorationMaster.ItemDef+LeverGateItem, DecorationMaster",
        "Number": 1,
        "size": 1.0,
        "angle": 90,
        "sceneName": "Waterways_06",
        "pname": "HK_gate",
        "position": {
          "$type": "DecorationMaster.V2, DecorationMaster",
          "x": 76.8094559,
          "y": 78.15925
        }
      },
      {
        "$type": "DecorationMaster.ItemDef+DefaultItem, DecorationMaster",
        "sceneName": "Waterways_06",
        "pname": "zote_detection",
        "position": {
          "$type": "DecorationMaster.V2, DecorationMaster",
          "x": 76.91138,
          "y": 76.17964
        }
      },
      {
        "$type": "DecorationMaster.MyBehaviour.DefaultBehaviour+SharedItem, DecorationMaster",
        "size": 1.0,
        "angle": 0,
        "sceneName": "Waterways_06",
        "pname": "HK_zote_head",
        "position": {
          "$type": "DecorationMaster.V2, DecorationMaster",
          "x": 76.98636,
          "y": 79.9439
        }
      },
      {
        "$type": "DecorationMaster.ItemDef+DefatulResizeItem, DecorationMaster",
        "size": 1.0,
        "angle": 90,
        "sceneName": "Waterways_06",
        "pname": "edge",
        "position": {
          "$type": "DecorationMaster.V2, DecorationMaster",
          "x": 74.9597,
          "y": 81.06868
        }
      },
      {
        "$type": "DecorationMaster.ItemDef+DefatulResizeItem, DecorationMaster",
        "size": 1.0,
        "angle": 90,
        "sceneName": "Waterways_06",
        "pname": "edge",
        "position": {
          "$type": "DecorationMaster.V2, DecorationMaster",
          "x": 78.826004,
          "y": 81.12867
        }
      },
      {
        "$type": "DecorationMaster.ItemDef+DefaultItem, DecorationMaster",
        "sceneName": "Waterways_06",
        "pname": "IMG_RespawnPoint",
        "position": {
          "$type": "DecorationMaster.V2, DecorationMaster",
          "x": 82.84817,
          "y": 40.14982
        }
      },
      {
        "$type": "DecorationMaster.ItemDef+DefaultItem, DecorationMaster",
        "sceneName": "Waterways_06",
        "pname": "zote_detection",
        "position": {
          "$type": "DecorationMaster.V2, DecorationMaster",
          "x": 85.7126,
          "y": 40.14982
        }
      },
      {
        "$type": "DecorationMaster.MyBehaviour.DefaultBehaviour+SharedItem, DecorationMaster",
        "size": 1.0,
        "angle": 0,
        "sceneName": "Waterways_06",
        "pname": "HK_platform_small",
        "position": {
          "$type": "DecorationMaster.V2, DecorationMaster",
          "x": 80.82949,
          "y": 38.23019
        }
      },
      {
        "$type": "DecorationMaster.ItemDef+SawItem, DecorationMaster",
        "span": 15,
        "speed": 1,
        "pitch": 1.0,
        "volume": 0.279642075,
        "Center": {
          "$type": "DecorationMaster.V2, DecorationMaster",
          "x": 59.92685,
          "y": 37.8765259
        },
        "offset": 0,
        "size": 1.0,
        "angle": 0,
        "sceneName": "Waterways_06",
        "pname": "HK_saw",
        "position": {
          "$type": "DecorationMaster.V2, DecorationMaster",
          "x": 59.92685,
          "y": 37.8765259
        }
      },
      {
        "$type": "DecorationMaster.ItemDef+DefatulResizeItem, DecorationMaster",
        "size": 2.0,
        "angle": 180,
        "sceneName": "Waterways_06",
        "pname": "white_thorn",
        "position": {
          "$type": "DecorationMaster.V2, DecorationMaster",
          "x": 38.52027,
          "y": 43.6291237
        }
      },
      {
        "$type": "DecorationMaster.ItemDef+DefatulResizeItem, DecorationMaster",
        "size": 1.18000007,
        "angle": 0,
        "sceneName": "Waterways_06",
        "pname": "white_thorn",
        "position": {
          "$type": "DecorationMaster.V2, DecorationMaster",
          "x": 38.41762,
          "y": 38.08022
        }
      },
      {
        "$type": "DecorationMaster.MyBehaviour.DelayResizableBehaviour+DelayResizeItem, DecorationMaster",
        "time_offset": 0.2,
        "size": 1.0,
        "angle": 0,
        "sceneName": "Waterways_06",
        "pname": "HK_zap_cloud",
        "position": {
          "$type": "DecorationMaster.V2, DecorationMaster",
          "x": 32.02031,
          "y": 14.790102
        }
      },
      {
        "$type": "DecorationMaster.ItemDef+DefatulResizeItem, DecorationMaster",
        "size": 1.54,
        "angle": 330,
        "sceneName": "Waterways_06",
        "pname": "white_thorn",
        "position": {
          "$type": "DecorationMaster.V2, DecorationMaster",
          "x": 18.1995029,
          "y": 40.02301
        }
      },
      {
        "$type": "DecorationMaster.ItemDef+DefatulResizeItem, DecorationMaster",
        "size": 2.0,
        "angle": 160,
        "sceneName": "Waterways_06",
        "pname": "white_thorn",
        "position": {
          "$type": "DecorationMaster.V2, DecorationMaster",
          "x": 10.9949493,
          "y": 32.0101967
        }
      },
      {
        "$type": "DecorationMaster.ItemDef+DefatulResizeItem, DecorationMaster",
        "size": 1.54,
        "angle": 150,
        "sceneName": "Waterways_06",
        "pname": "white_thorn",
        "position": {
          "$type": "DecorationMaster.V2, DecorationMaster",
          "x": 17.3717632,
          "y": 38.3883247
        }
      },
      {
        "$type": "DecorationMaster.ItemDef+DefatulResizeItem, DecorationMaster",
        "size": 1.0,
        "angle": 350,
        "sceneName": "Waterways_06",
        "pname": "white_thorn",
        "position": {
          "$type": "DecorationMaster.V2, DecorationMaster",
          "x": 13.6864176,
          "y": 32.7242661
        }
      },
      {
        "$type": "DecorationMaster.ItemDef+DefatulResizeItem, DecorationMaster",
        "size": 1.18000007,
        "angle": 340,
        "sceneName": "Waterways_06",
        "pname": "white_thorn",
        "position": {
          "$type": "DecorationMaster.V2, DecorationMaster",
          "x": 9.562229,
          "y": 33.7740631
        }
      },
      {
        "$type": "DecorationMaster.MyBehaviour.DelayResizableBehaviour+DelayResizeItem, DecorationMaster",
        "time_offset": 0.2,
        "size": 0.459999979,
        "angle": 0,
        "sceneName": "Waterways_06",
        "pname": "HK_zap_cloud",
        "position": {
          "$type": "DecorationMaster.V2, DecorationMaster",
          "x": 16.0057182,
          "y": 40.1778
        }
      },
      {
        "$type": "DecorationMaster.MyBehaviour.DefaultBehaviour+SharedItem, DecorationMaster",
        "size": 1.0,
        "angle": 0,
        "sceneName": "Waterways_06",
        "pname": "HK_garden_plat_s",
        "position": {
          "$type": "DecorationMaster.V2, DecorationMaster",
          "x": 11.7307472,
          "y": 36.2233772
        }
      },
      {
        "$type": "DecorationMaster.ItemDef+DefatulResizeItem, DecorationMaster",
        "size": 1.54,
        "angle": 120,
        "sceneName": "Waterways_06",
        "pname": "white_thorn",
        "position": {
          "$type": "DecorationMaster.V2, DecorationMaster",
          "x": 26.7049732,
          "y": 32.397953
        }
      },
      {
        "$type": "DecorationMaster.ItemDef+DefatulResizeItem, DecorationMaster",
        "size": 1.54,
        "angle": 120,
        "sceneName": "Waterways_06",
        "pname": "white_thorn",
        "position": {
          "$type": "DecorationMaster.V2, DecorationMaster",
          "x": 30.1154976,
          "y": 27.7338715
        }
      },
      {
        "$type": "DecorationMaster.ItemDef+DefatulResizeItem, DecorationMaster",
        "size": 2.0,
        "angle": 120,
        "sceneName": "Waterways_06",
        "pname": "white_thorn",
        "position": {
          "$type": "DecorationMaster.V2, DecorationMaster",
          "x": 33.7707443,
          "y": 21.5288334
        }
      },
      {
        "$type": "DecorationMaster.ItemDef+DefatulResizeItem, DecorationMaster",
        "size": 1.54,
        "angle": 180,
        "sceneName": "Waterways_06",
        "pname": "white_spike",
        "position": {
          "$type": "DecorationMaster.V2, DecorationMaster",
          "x": 17.55792,
          "y": 32.4027519
        }
      },
      {
        "$type": "DecorationMaster.MyBehaviour.ModifyGameItem+DisableCollider+PreventMisOPItem, DecorationMaster",
        "placed": false,
        "sceneName": "Waterways_06",
        "pname": "disable_col",
        "position": {
          "$type": "DecorationMaster.V2, DecorationMaster",
          "x": 12.1084938,
          "y": 29.20838
        }
      },
      {
        "$type": "DecorationMaster.ItemDef+DefatulResizeItem, DecorationMaster",
        "size": 1.0,
        "angle": 0,
        "sceneName": "Waterways_06",
        "pname": "white_thorn",
        "position": {
          "$type": "DecorationMaster.V2, DecorationMaster",
          "x": 26.765974,
          "y": 27.3328419
        }
      },
      {
        "$type": "DecorationMaster.ItemDef+DefatulResizeItem, DecorationMaster",
        "size": 1.0,
        "angle": 180,
        "sceneName": "Waterways_06",
        "pname": "white_thorn",
        "position": {
          "$type": "DecorationMaster.V2, DecorationMaster",
          "x": 26.7806168,
          "y": 26.2341671
        }
      },
      {
        "$type": "DecorationMaster.ItemDef+DefatulResizeItem, DecorationMaster",
        "size": 1.18000007,
        "angle": 30,
        "sceneName": "Waterways_06",
        "pname": "white_thorn",
        "position": {
          "$type": "DecorationMaster.V2, DecorationMaster",
          "x": 19.2364845,
          "y": 25.248251
        }
      },
      {
        "$type": "DecorationMaster.ItemDef+DefatulResizeItem, DecorationMaster",
        "size": 1.18000007,
        "angle": 210,
        "sceneName": "Waterways_06",
        "pname": "white_thorn",
        "position": {
          "$type": "DecorationMaster.V2, DecorationMaster",
          "x": 19.9863377,
          "y": 24.0484886
        }
      },
      {
        "$type": "DecorationMaster.ItemDef+DefatulResizeItem, DecorationMaster",
        "size": 1.54,
        "angle": 0,
        "sceneName": "Waterways_06",
        "pname": "white_thorn",
        "position": {
          "$type": "DecorationMaster.V2, DecorationMaster",
          "x": 12.9966812,
          "y": 20.959095
        }
      },
      {
        "$type": "DecorationMaster.ItemDef+DefaultItem, DecorationMaster",
        "sceneName": "Waterways_06",
        "pname": "binoculars",
        "position": {
          "$type": "DecorationMaster.V2, DecorationMaster",
          "x": 23.09979,
          "y": 43.1273956
        }
      },
      {
        "$type": "DecorationMaster.ItemDef+DefatulResizeItem, DecorationMaster",
        "size": 0.82,
        "angle": 335,
        "sceneName": "Waterways_06",
        "pname": "edge",
        "position": {
          "$type": "DecorationMaster.V2, DecorationMaster",
          "x": 18.164732,
          "y": 38.936718
        }
      },
      {
        "$type": "DecorationMaster.ItemDef+DefatulResizeItem, DecorationMaster",
        "size": 1.0,
        "angle": 345,
        "sceneName": "Waterways_06",
        "pname": "edge",
        "position": {
          "$type": "DecorationMaster.V2, DecorationMaster",
          "x": 10.9511528,
          "y": 33.1778564
        }
      },
      {
        "$type": "DecorationMaster.ItemDef+DefatulResizeItem, DecorationMaster",
        "size": 1.0,
        "angle": 0,
        "sceneName": "Waterways_06",
        "pname": "edge",
        "position": {
          "$type": "DecorationMaster.V2, DecorationMaster",
          "x": 29.2683754,
          "y": 26.7419014
        }
      },
      {
        "$type": "DecorationMaster.ItemDef+DefatulResizeItem, DecorationMaster",
        "size": 0.64,
        "angle": 40,
        "sceneName": "Waterways_06",
        "pname": "edge",
        "position": {
          "$type": "DecorationMaster.V2, DecorationMaster",
          "x": 19.51402,
          "y": 24.5073414
        }
      },
      {
        "$type": "DecorationMaster.ItemDef+DefatulResizeItem, DecorationMaster",
        "size": 0.64,
        "angle": 0,
        "sceneName": "Waterways_06",
        "pname": "edge",
        "position": {
          "$type": "DecorationMaster.V2, DecorationMaster",
          "x": 12.7949,
          "y": 20.0832157
        }
      },
      {
        "$type": "DecorationMaster.MyBehaviour.DefaultBehaviour+SharedItem, DecorationMaster",
        "size": 0.64,
        "angle": 0,
        "sceneName": "Waterways_06",
        "pname": "HK_soul_totem",
        "position": {
          "$type": "DecorationMaster.V2, DecorationMaster",
          "x": 80.773,
          "y": 39.864872
        }
      },
      {
        "$type": "DecorationMaster.ItemDef+SawItem, DecorationMaster",
        "span": 3,
        "speed": 0,
        "pitch": 1.0,
        "volume": 0.5246085,
        "Center": {
          "$type": "DecorationMaster.V2, DecorationMaster",
          "x": 5.661764,
          "y": 20.1440468
        },
        "offset": 0,
        "size": 1.0,
        "angle": 0,
        "sceneName": "Waterways_06",
        "pname": "HK_saw",
        "position": {
          "$type": "DecorationMaster.V2, DecorationMaster",
          "x": 5.661764,
          "y": 20.1440468
        }
      },
      {
        "$type": "DecorationMaster.MyBehaviour.DefaultBehaviour+SharedItem, DecorationMaster",
        "size": 0.82,
        "angle": 0,
        "sceneName": "Waterways_06",
        "pname": "HK_soul_totem",
        "position": {
          "$type": "DecorationMaster.V2, DecorationMaster",
          "x": 22.8891144,
          "y": 39.61612
        }
      },
      {
        "$type": "DecorationMaster.MyBehaviour.DelayResizableBehaviour+DelayResizeItem, DecorationMaster",
        "time_offset": 0.0,
        "size": 1.0,
        "angle": 0,
        "sceneName": "Waterways_06",
        "pname": "HK_trap_spike",
        "position": {
          "$type": "DecorationMaster.V2, DecorationMaster",
          "x": 17.37559,
          "y": 12.2972584
        }
      },
      {
        "$type": "DecorationMaster.MyBehaviour.DelayResizableBehaviour+DelayResizeItem, DecorationMaster",
        "time_offset": 0.0,
        "size": 1.0,
        "angle": 0,
        "sceneName": "Waterways_06",
        "pname": "HK_trap_spike",
        "position": {
          "$type": "DecorationMaster.V2, DecorationMaster",
          "x": 24.9191017,
          "y": 12.2822609
        }
      },
      {
        "$type": "DecorationMaster.ItemDef+DefaultItem, DecorationMaster",
        "sceneName": "Waterways_06",
        "pname": "binoculars",
        "position": {
          "$type": "DecorationMaster.V2, DecorationMaster",
          "x": 36.75315,
          "y": 17.14464
        }
      },
      {
        "$type": "DecorationMaster.ItemDef+DefatulResizeItem, DecorationMaster",
        "size": 1.18000007,
        "angle": 150,
        "sceneName": "Waterways_06",
        "pname": "white_thorn",
        "position": {
          "$type": "DecorationMaster.V2, DecorationMaster",
          "x": 22.827549,
          "y": 36.64122
        }
      },
      {
        "$type": "DecorationMaster.MyBehaviour.DefaultBehaviour+SharedItem, DecorationMaster",
        "size": 1.0,
        "angle": 0,
        "sceneName": "Waterways_06",
        "pname": "HK_platform_small",
        "position": {
          "$type": "DecorationMaster.V2, DecorationMaster",
          "x": 136.227859,
          "y": 15.5982733
        }
      },
      {
        "$type": "DecorationMaster.MyBehaviour.DefaultBehaviour+SharedItem, DecorationMaster",
        "size": 1.0,
        "angle": 180,
        "sceneName": "Waterways_06",
        "pname": "HK_platform_small",
        "position": {
          "$type": "DecorationMaster.V2, DecorationMaster",
          "x": 134.698181,
          "y": 14.9833956
        }
      },
      {
        "$type": "DecorationMaster.MyBehaviour.DefaultBehaviour+SharedItem, DecorationMaster",
        "size": 1.0,
        "angle": 180,
        "sceneName": "Waterways_06",
        "pname": "HK_platform_small",
        "position": {
          "$type": "DecorationMaster.V2, DecorationMaster",
          "x": 136.227859,
          "y": 14.9683971
        }
      },
      {
        "$type": "DecorationMaster.MyBehaviour.DefaultBehaviour+SharedItem, DecorationMaster",
        "size": 2.0,
        "angle": 90,
        "sceneName": "Waterways_06",
        "pname": "HK_platform_small",
        "position": {
          "$type": "DecorationMaster.V2, DecorationMaster",
          "x": 139.7822,
          "y": 17.5131016
        }
      },
      {
        "$type": "DecorationMaster.MyBehaviour.DefaultBehaviour+SharedItem, DecorationMaster",
        "size": 1.0,
        "angle": 0,
        "sceneName": "Waterways_06",
        "pname": "HK_platform_small",
        "position": {
          "$type": "DecorationMaster.V2, DecorationMaster",
          "x": 134.713181,
          "y": 15.6063938
        }
      },
      {
        "$type": "DecorationMaster.MyBehaviour.DefaultBehaviour+SharedItem, DecorationMaster",
        "size": 0.82,
        "angle": 0,
        "sceneName": "Waterways_06",
        "pname": "HK_soul_totem",
        "position": {
          "$type": "DecorationMaster.V2, DecorationMaster",
          "x": 23.0452557,
          "y": 28.4537315
        }
      },
      {
        "$type": "DecorationMaster.MyBehaviour.DefaultBehaviour+SharedItem, DecorationMaster",
        "size": 1.54,
        "angle": 0,
        "sceneName": "Waterways_06",
        "pname": "HK_platform_small",
        "position": {
          "$type": "DecorationMaster.V2, DecorationMaster",
          "x": 8.646177,
          "y": 15.46497
        }
      },
      {
        "$type": "DecorationMaster.ItemDef+DefatulResizeItem, DecorationMaster",
        "size": 1.54,
        "angle": 180,
        "sceneName": "Waterways_06",
        "pname": "white_thorn",
        "position": {
          "$type": "DecorationMaster.V2, DecorationMaster",
          "x": 13.460227,
          "y": 19.5350323
        }
      },
      {
        "$type": "DecorationMaster.ItemDef+DefatulResizeItem, DecorationMaster",
        "size": 0.2,
        "angle": 90,
        "sceneName": "Waterways_06",
        "pname": "edge",
        "position": {
          "$type": "DecorationMaster.V2, DecorationMaster",
          "x": 9.934981,
          "y": 19.7885513
        }
      },
      {
        "$type": "DecorationMaster.MyBehaviour.DefaultBehaviour+SharedItem, DecorationMaster",
        "size": 1.0,
        "angle": 240,
        "sceneName": "Waterways_06",
        "pname": "HK_laser_turret",
        "position": {
          "$type": "DecorationMaster.V2, DecorationMaster",
          "x": 44.579277,
          "y": 21.5341377
        }
      },
      {
        "$type": "DecorationMaster.ItemDef+SawItem, DecorationMaster",
        "span": 3,
        "speed": 0,
        "pitch": 1.0,
        "volume": 0.545302033,
        "Center": {
          "$type": "DecorationMaster.V2, DecorationMaster",
          "x": 52.58998,
          "y": 12.2209721
        },
        "offset": 0,
        "size": 1.85459721,
        "angle": 0,
        "sceneName": "Waterways_06",
        "pname": "HK_saw",
        "position": {
          "$type": "DecorationMaster.V2, DecorationMaster",
          "x": 52.58998,
          "y": 12.2209721
        }
      },
      {
        "$type": "DecorationMaster.ItemDef+SawItem, DecorationMaster",
        "span": 3,
        "speed": 0,
        "pitch": 1.0,
        "volume": 0.0,
        "Center": {
          "$type": "DecorationMaster.V2, DecorationMaster",
          "x": 61.17883,
          "y": 18.4597435
        },
        "offset": 0,
        "size": 1.54,
        "angle": 0,
        "sceneName": "Waterways_06",
        "pname": "HK_saw",
        "position": {
          "$type": "DecorationMaster.V2, DecorationMaster",
          "x": 61.17883,
          "y": 18.4597435
        }
      },
      {
        "$type": "DecorationMaster.ItemDef+SawItem, DecorationMaster",
        "span": 3,
        "speed": 0,
        "pitch": 1.0,
        "volume": 0.0,
        "Center": {
          "$type": "DecorationMaster.V2, DecorationMaster",
          "x": 77.0747147,
          "y": 15.8202639
        },
        "offset": 0,
        "size": 1.0,
        "angle": 0,
        "sceneName": "Waterways_06",
        "pname": "HK_saw",
        "position": {
          "$type": "DecorationMaster.V2, DecorationMaster",
          "x": 77.0747147,
          "y": 15.8202639
        }
      },
      {
        "$type": "DecorationMaster.MyBehaviour.DefaultBehaviour+SharedItem, DecorationMaster",
        "size": 0.82,
        "angle": 0,
        "sceneName": "Waterways_06",
        "pname": "HK_soul_totem",
        "position": {
          "$type": "DecorationMaster.V2, DecorationMaster",
          "x": 85.02459,
          "y": 17.4999447
        }
      },
      {
        "$type": "DecorationMaster.MyBehaviour.DefaultBehaviour+SharedItem, DecorationMaster",
        "size": 0.5267449,
        "angle": 0,
        "sceneName": "Waterways_06",
        "pname": "HK_soul_totem",
        "position": {
          "$type": "DecorationMaster.V2, DecorationMaster",
          "x": 84.99459,
          "y": 19.2096081
        }
      },
      {
        "$type": "DecorationMaster.ItemDef+DefaultItem, DecorationMaster",
        "sceneName": "Waterways_06",
        "pname": "IMG_RespawnPoint",
        "position": {
          "$type": "DecorationMaster.V2, DecorationMaster",
          "x": 97.21706,
          "y": 13.2483387
        }
      },
      {
        "$type": "DecorationMaster.ItemDef+DefatulResizeItem, DecorationMaster",
        "size": 2.0,
        "angle": 180,
        "sceneName": "Waterways_06",
        "pname": "white_thorn",
        "position": {
          "$type": "DecorationMaster.V2, DecorationMaster",
          "x": 56.1120529,
          "y": 21.2042084
        }
      },
      {
        "$type": "DecorationMaster.ItemDef+DefatulResizeItem, DecorationMaster",
        "size": 2.0,
        "angle": 180,
        "sceneName": "Waterways_06",
        "pname": "white_thorn",
        "position": {
          "$type": "DecorationMaster.V2, DecorationMaster",
          "x": 50.7581253,
          "y": 21.5041466
        }
      },
      {
        "$type": "DecorationMaster.ItemDef+DefaultItem, DecorationMaster",
        "sceneName": "Waterways_06",
        "pname": "IMG_RespawnPoint",
        "position": {
          "$type": "DecorationMaster.V2, DecorationMaster",
          "x": 8.541197,
          "y": 18.3743935
        }
      },
      {
        "$type": "DecorationMaster.ItemDef+DefaultItem, DecorationMaster",
        "sceneName": "Waterways_06",
        "pname": "binoculars",
        "position": {
          "$type": "DecorationMaster.V2, DecorationMaster",
          "x": 92.90431,
          "y": 47.28841
        }
      }
    ]
  }
}