{
  "$type": "DecorationMaster.ItemSettings, DecorationMaster",
  "scene_name": "White_Palace_17",
  "mod_version": 0.4,
  "items": {
    "$type": "System.Collections.Generic.List`1[[DecorationMaster.Item, DecorationMaster]], mscorlib",
    "$values": [
      {
        "$type": "DecorationMaster.MyBehaviour.DelayResizableBehaviour+DelayResizeItem, DecorationMaster",
        "time_offset": 0.0,
        "size": 1.0,
        "angle": 90,
        "sceneName": "White_Palace_17",
        "pname": "HK_trap_spike",
        "position": {
          "$type": "DecorationMaster.V2, DecorationMaster",
          "x": 89.70426,
          "y": 11.3109932
        }
      },
      {
        "$type": "DecorationMaster.ItemDef+SawItem, DecorationMaster",
        "span": 3,
        "speed": 3,
        "pitch": 1.0,
        "volume": 1.0,
        "Center": {
          "$type": "DecorationMaster.V2, DecorationMaster",
          "x": 83.94417,
          "y": 16.1062622
        },
        "offset": 0,
        "size": 0.2,
        "angle": 90,
        "sceneName": "White_Palace_17",
        "pname": "HK_saw",
        "position": {
          "$type": "DecorationMaster.V2, DecorationMaster",
          "x": 83.94417,
          "y": 16.1062622
        }
      },
      {
        "$type": "DecorationMaster.ItemDef+DefatulResizeItem, DecorationMaster",
        "size": 1.0,
        "angle": 90,
        "sceneName": "White_Palace_17",
        "pname": "white_spike",
        "position": {
          "$type": "DecorationMaster.V2, DecorationMaster",
          "x": 87.45823,
          "y": 25.1642056
        }
      },
      {
        "$type": "DecorationMaster.ItemDef+DefaultItem, DecorationMaster",
        "sceneName": "White_Palace_17",
        "pname": "binoculars",
        "position": {
          "$type": "DecorationMaster.V2, DecorationMaster",
          "x": 81.55953,
          "y": 33.6999626
        }
      },
      {
        "$type": "DecorationMaster.MyBehaviour.DelayResizableBehaviour+DelayResizeItem, DecorationMaster",
        "time_offset": 0.0,
        "size": 1.0,
        "angle": 0,
        "sceneName": "White_Palace_17",
        "pname": "HK_trap_spike",
        "position": {
          "$type": "DecorationMaster.V2, DecorationMaster",
          "x": 56.5193977,
          "y": 24.2095642
        }
      },
      {
        "$type": "DecorationMaster.MyBehaviour.DelayResizableBehaviour+DelayResizeItem, DecorationMaster",
        "time_offset": 0.0,
        "size": 1.0,
        "angle": 0,
        "sceneName": "White_Palace_17",
        "pname": "HK_trap_spike",
        "position": {
          "$type": "DecorationMaster.V2, DecorationMaster",
          "x": 26.6334763,
          "y": 24.3978653
        }
      },
      {
        "$type": "DecorationMaster.MyBehaviour.DelayResizableBehaviour+DelayResizeItem, DecorationMaster",
        "time_offset": 0.0,
        "size": 1.0,
        "angle": 0,
        "sceneName": "White_Palace_17",
        "pname": "HK_trap_spike",
        "position": {
          "$type": "DecorationMaster.V2, DecorationMaster",
          "x": 30.42617,
          "y": 24.474762
        }
      },
      {
        "$type": "DecorationMaster.ItemDef+SawItem, DecorationMaster",
        "span": 10,
        "speed": 2,
        "pitch": 1.0,
        "volume": 1.0,
        "Center": {
          "$type": "DecorationMaster.V2, DecorationMaster",
          "x": 26.6781349,
          "y": 36.5637054
        },
        "offset": 0,
        "size": 0.2,
        "angle": 0,
        "sceneName": "White_Palace_17",
        "pname": "HK_saw",
        "position": {
          "$type": "DecorationMaster.V2, DecorationMaster",
          "x": 26.6781349,
          "y": 36.5637054
        }
      },
      {
        "$type": "DecorationMaster.MyBehaviour.DefaultBehaviour+SharedItem, DecorationMaster",
        "size": 1.0,
        "angle": 0,
        "sceneName": "White_Palace_17",
        "pname": "HK_spike",
        "position": {
          "$type": "DecorationMaster.V2, DecorationMaster",
          "x": 19.99877,
          "y": 56.8349762
        }
      },
      {
        "$type": "DecorationMaster.MyBehaviour.DefaultBehaviour+SharedItem, DecorationMaster",
        "size": 1.0,
        "angle": 0,
        "sceneName": "White_Palace_17",
        "pname": "HK_bounce_shroom",
        "position": {
          "$type": "DecorationMaster.V2, DecorationMaster",
          "x": 35.9136467,
          "y": 63.4000626
        }
      },
      {
        "$type": "DecorationMaster.ItemDef+DefatulResizeItem, DecorationMaster",
        "size": 1.0,
        "angle": 0,
        "sceneName": "White_Palace_17",
        "pname": "white_thorn",
        "position": {
          "$type": "DecorationMaster.V2, DecorationMaster",
          "x": 63.9002724,
          "y": 56.5178
        }
      },
      {
        "$type": "DecorationMaster.MyBehaviour.DefaultBehaviour+SharedItem, DecorationMaster",
        "size": 2.0,
        "angle": 90,
        "sceneName": "White_Palace_17",
        "pname": "HK_laser_turret",
        "position": {
          "$type": "DecorationMaster.V2, DecorationMaster",
          "x": 53.1355324,
          "y": 80.46509
        }
      },
      {
        "$type": "DecorationMaster.ItemDef+DefatulResizeItem, DecorationMaster",
        "size": 1.0,
        "angle": 0,
        "sceneName": "White_Palace_17",
        "pname": "HK_turret",
        "position": {
          "$type": "DecorationMaster.V2, DecorationMaster",
          "x": 22.70119,
          "y": 75.69533
        }
      },
      {
        "$type": "DecorationMaster.MyBehaviour.DelayResizableBehaviour+DelayResizeItem, DecorationMaster",
        "time_offset": 0.0,
        "size": 1.0,
        "angle": 0,
        "sceneName": "White_Palace_17",
        "pname": "HK_trap_spike",
        "position": {
          "$type": "DecorationMaster.V2, DecorationMaster",
          "x": 34.8172569,
          "y": 104.420448
        }
      },
      {
        "$type": "DecorationMaster.MyBehaviour.DelayResizableBehaviour+DelayResizeItem, DecorationMaster",
        "time_offset": 0.0,
        "size": 1.0,
        "angle": 0,
        "sceneName": "White_Palace_17",
        "pname": "HK_trap_spike",
        "position": {
          "$type": "DecorationMaster.V2, DecorationMaster",
          "x": 36.8522224,
          "y": 104.420448
        }
      },
      {
        "$type": "DecorationMaster.ItemDef+DefaultItem, DecorationMaster",
        "sceneName": "White_Palace_17",
        "pname": "HK_fly",
        "position": {
          "$type": "DecorationMaster.V2, DecorationMaster",
          "x": 77.52984,
          "y": 100.791718
        }
      },
      {
        "$type": "DecorationMaster.ItemDef+DefaultItem, DecorationMaster",
        "sceneName": "White_Palace_17",
        "pname": "HK_fly",
        "position": {
          "$type": "DecorationMaster.V2, DecorationMaster",
          "x": 77.27609,
          "y": 97.4154358
        }
      },
      {
        "$type": "DecorationMaster.ItemDef+DefaultItem, DecorationMaster",
        "sceneName": "White_Palace_17",
        "pname": "HK_fly",
        "position": {
          "$type": "DecorationMaster.V2, DecorationMaster",
          "x": 77.31375,
          "y": 94.31627
        }
      },
      {
        "$type": "DecorationMaster.ItemDef+DefaultItem, DecorationMaster",
        "sceneName": "White_Palace_17",
        "pname": "HK_fly",
        "position": {
          "$type": "DecorationMaster.V2, DecorationMaster",
          "x": 77.32762,
          "y": 91.29198
        }
      },
      {
        "$type": "DecorationMaster.ItemDef+DefaultItem, DecorationMaster",
        "sceneName": "White_Palace_17",
        "pname": "HK_fly",
        "position": {
          "$type": "DecorationMaster.V2, DecorationMaster",
          "x": 77.3125839,
          "y": 87.4696045
        }
      },
      {
        "$type": "DecorationMaster.ItemDef+DefaultItem, DecorationMaster",
        "sceneName": "White_Palace_17",
        "pname": "HK_fly",
        "position": {
          "$type": "DecorationMaster.V2, DecorationMaster",
          "x": 77.328804,
          "y": 83.8014145
        }
      },
      {
        "$type": "DecorationMaster.ItemDef+DefaultItem, DecorationMaster",
        "sceneName": "White_Palace_17",
        "pname": "HK_fly",
        "position": {
          "$type": "DecorationMaster.V2, DecorationMaster",
          "x": 77.32815,
          "y": 80.14252
        }
      },
      {
        "$type": "DecorationMaster.ItemDef+DefaultItem, DecorationMaster",
        "sceneName": "White_Palace_17",
        "pname": "HK_fly",
        "position": {
          "$type": "DecorationMaster.V2, DecorationMaster",
          "x": 77.32225,
          "y": 76.79897
        }
      },
      {
        "$type": "DecorationMaster.ItemDef+DefaultItem, DecorationMaster",
        "sceneName": "White_Palace_17",
        "pname": "HK_fly",
        "position": {
          "$type": "DecorationMaster.V2, DecorationMaster",
          "x": 77.32739,
          "y": 73.13349
        }
      },
      {
        "$type": "DecorationMaster.ItemDef+DefaultItem, DecorationMaster",
        "sceneName": "White_Palace_17",
        "pname": "HK_fly",
        "position": {
          "$type": "DecorationMaster.V2, DecorationMaster",
          "x": 77.32024,
          "y": 69.78798
        }
      },
      {
        "$type": "DecorationMaster.ItemDef+DefaultItem, DecorationMaster",
        "sceneName": "White_Palace_17",
        "pname": "HK_fly",
        "position": {
          "$type": "DecorationMaster.V2, DecorationMaster",
          "x": 77.31514,
          "y": 66.06723
        }
      },
      {
        "$type": "DecorationMaster.ItemDef+DefaultItem, DecorationMaster",
        "sceneName": "White_Palace_17",
        "pname": "HK_fly",
        "position": {
          "$type": "DecorationMaster.V2, DecorationMaster",
          "x": 77.3147354,
          "y": 63.055
        }
      },
      {
        "$type": "DecorationMaster.ItemDef+DefaultItem, DecorationMaster",
        "sceneName": "White_Palace_17",
        "pname": "HK_fly",
        "position": {
          "$type": "DecorationMaster.V2, DecorationMaster",
          "x": 77.33021,
          "y": 59.70626
        }
      },
      {
        "$type": "DecorationMaster.ItemDef+DefaultItem, DecorationMaster",
        "sceneName": "White_Palace_17",
        "pname": "HK_fly",
        "position": {
          "$type": "DecorationMaster.V2, DecorationMaster",
          "x": 77.3250961,
          "y": 56.70591
        }
      },
      {
        "$type": "DecorationMaster.ItemDef+DefaultItem, DecorationMaster",
        "sceneName": "White_Palace_17",
        "pname": "HK_fly",
        "position": {
          "$type": "DecorationMaster.V2, DecorationMaster",
          "x": 77.30512,
          "y": 52.70523
        }
      },
      {
        "$type": "DecorationMaster.ItemDef+DefaultItem, DecorationMaster",
        "sceneName": "White_Palace_17",
        "pname": "HK_fly",
        "position": {
          "$type": "DecorationMaster.V2, DecorationMaster",
          "x": 77.31071,
          "y": 49.36434
        }
      },
      {
        "$type": "DecorationMaster.ItemDef+DefaultItem, DecorationMaster",
        "sceneName": "White_Palace_17",
        "pname": "HK_fly",
        "position": {
          "$type": "DecorationMaster.V2, DecorationMaster",
          "x": 77.36073,
          "y": 46.41684
        }
      },
      {
        "$type": "DecorationMaster.ItemDef+DefaultItem, DecorationMaster",
        "sceneName": "White_Palace_17",
        "pname": "HK_fly",
        "position": {
          "$type": "DecorationMaster.V2, DecorationMaster",
          "x": 77.3387,
          "y": 42.15656
        }
      },
      {
        "$type": "DecorationMaster.MyBehaviour.DelayResizableBehaviour+DelayResizeItem, DecorationMaster",
        "time_offset": 0.0,
        "size": 1.0,
        "angle": 0,
        "sceneName": "White_Palace_17",
        "pname": "HK_trap_spike",
        "position": {
          "$type": "DecorationMaster.V2, DecorationMaster",
          "x": 76.27869,
          "y": 4.498241
        }
      },
      {
        "$type": "DecorationMaster.MyBehaviour.DefaultBehaviour+SharedItem, DecorationMaster",
        "size": 0.9052013,
        "angle": 0,
        "sceneName": "White_Palace_17",
        "pname": "HK_infinte_soul",
        "position": {
          "$type": "DecorationMaster.V2, DecorationMaster",
          "x": 87.90468,
          "y": 5.390573
        }
      },
      {
        "$type": "DecorationMaster.ItemDef+SawItem, DecorationMaster",
        "span": 4,
        "speed": 2,
        "pitch": 1.0,
        "volume": 1.0,
        "Center": {
          "$type": "DecorationMaster.V2, DecorationMaster",
          "x": 55.3962631,
          "y": 31.942358
        },
        "offset": 0,
        "size": 0.427013338,
        "angle": 90,
        "sceneName": "White_Palace_17",
        "pname": "HK_saw",
        "position": {
          "$type": "DecorationMaster.V2, DecorationMaster",
          "x": 55.3962631,
          "y": 31.942358
        }
      },
      {
        "$type": "DecorationMaster.ItemDef+SawItem, DecorationMaster",
        "span": 3,
        "speed": 3,
        "pitch": 1.0,
        "volume": 1.0,
        "Center": {
          "$type": "DecorationMaster.V2, DecorationMaster",
          "x": 51.2146149,
          "y": 37.3268433
        },
        "offset": 0,
        "size": 0.534395933,
        "angle": 0,
        "sceneName": "White_Palace_17",
        "pname": "HK_saw",
        "position": {
          "$type": "DecorationMaster.V2, DecorationMaster",
          "x": 51.2146149,
          "y": 37.3268433
        }
      },
      {
        "$type": "DecorationMaster.MyBehaviour.DelayResizableBehaviour+DelayResizeItem, DecorationMaster",
        "time_offset": 0.0,
        "size": 2.0,
        "angle": 0,
        "sceneName": "White_Palace_17",
        "pname": "HK_trap_spike",
        "position": {
          "$type": "DecorationMaster.V2, DecorationMaster",
          "x": 46.0547676,
          "y": 23.0888042
        }
      },
      {
        "$type": "DecorationMaster.ItemDef+SawItem, DecorationMaster",
        "span": 3,
        "speed": 0,
        "pitch": 1.0,
        "volume": 1.0,
        "Center": {
          "$type": "DecorationMaster.V2, DecorationMaster",
          "x": 37.60608,
          "y": 28.95838
        },
        "offset": 0,
        "size": 1.0,
        "angle": 0,
        "sceneName": "White_Palace_17",
        "pname": "HK_saw",
        "position": {
          "$type": "DecorationMaster.V2, DecorationMaster",
          "x": 37.60608,
          "y": 28.95838
        }
      },
      {
        "$type": "DecorationMaster.ItemDef+SawItem, DecorationMaster",
        "span": 3,
        "speed": 0,
        "pitch": 1.0,
        "volume": 1.0,
        "Center": {
          "$type": "DecorationMaster.V2, DecorationMaster",
          "x": 39.3367462,
          "y": 36.6938972
        },
        "offset": 0,
        "size": 1.0,
        "angle": 0,
        "sceneName": "White_Palace_17",
        "pname": "HK_saw",
        "position": {
          "$type": "DecorationMaster.V2, DecorationMaster",
          "x": 39.3367462,
          "y": 36.6938972
        }
      },
      {
        "$type": "DecorationMaster.MyBehaviour.DefaultBehaviour+SharedItem, DecorationMaster",
        "size": 0.8364094,
        "angle": 0,
        "sceneName": "White_Palace_17",
        "pname": "HK_infinte_soul",
        "position": {
          "$type": "DecorationMaster.V2, DecorationMaster",
          "x": 33.902565,
          "y": 31.74488
        }
      },
      {
        "$type": "DecorationMaster.ItemDef+SawItem, DecorationMaster",
        "span": 3,
        "speed": 1,
        "pitch": 1.0,
        "volume": 1.0,
        "Center": {
          "$type": "DecorationMaster.V2, DecorationMaster",
          "x": 25.4544678,
          "y": 33.4276428
        },
        "offset": 0,
        "size": 0.464765042,
        "angle": 90,
        "sceneName": "White_Palace_17",
        "pname": "HK_saw",
        "position": {
          "$type": "DecorationMaster.V2, DecorationMaster",
          "x": 25.4544678,
          "y": 33.4276428
        }
      },
      {
        "$type": "DecorationMaster.ItemDef+SawItem, DecorationMaster",
        "span": 3,
        "speed": 1,
        "pitch": 1.0,
        "volume": 1.0,
        "Center": {
          "$type": "DecorationMaster.V2, DecorationMaster",
          "x": 21.405838,
          "y": 28.6703663
        },
        "offset": 1,
        "size": 0.477348924,
        "angle": 90,
        "sceneName": "White_Palace_17",
        "pname": "HK_saw",
        "position": {
          "$type": "DecorationMaster.V2, DecorationMaster",
          "x": 21.405838,
          "y": 28.6703663
        }
      },
      {
        "$type": "DecorationMaster.MyBehaviour.DelayResizableBehaviour+DelayResizeItem, DecorationMaster",
        "time_offset": 0.0,
        "size": 1.55956364,
        "angle": 0,
        "sceneName": "White_Palace_17",
        "pname": "HK_trap_spike",
        "position": {
          "$type": "DecorationMaster.V2, DecorationMaster",
          "x": 16.5044632,
          "y": 23.05183
        }
      },
      {
        "$type": "DecorationMaster.ItemDef+SawItem, DecorationMaster",
        "span": 3,
        "speed": 0,
        "pitch": 1.0,
        "volume": 1.0,
        "Center": {
          "$type": "DecorationMaster.V2, DecorationMaster",
          "x": 7.74811459,
          "y": 44.2424278
        },
        "offset": 0,
        "size": 1.0,
        "angle": 0,
        "sceneName": "White_Palace_17",
        "pname": "HK_saw",
        "position": {
          "$type": "DecorationMaster.V2, DecorationMaster",
          "x": 7.74811459,
          "y": 44.2424278
        }
      },
      {
        "$type": "DecorationMaster.ItemDef+SawItem, DecorationMaster",
        "span": 3,
        "speed": 0,
        "pitch": 1.0,
        "volume": 1.0,
        "Center": {
          "$type": "DecorationMaster.V2, DecorationMaster",
          "x": 7.46734333,
          "y": 37.528553
        },
        "offset": 0,
        "size": 1.0,
        "angle": 0,
        "sceneName": "White_Palace_17",
        "pname": "HK_saw",
        "position": {
          "$type": "DecorationMaster.V2, DecorationMaster",
          "x": 7.46734333,
          "y": 37.528553
        }
      },
      {
        "$type": "DecorationMaster.ItemDef+SawItem, DecorationMaster",
        "span": 3,
        "speed": 0,
        "pitch": 1.0,
        "volume": 1.0,
        "Center": {
          "$type": "DecorationMaster.V2, DecorationMaster",
          "x": 13.3290148,
          "y": 35.02804
        },
        "offset": 0,
        "size": 1.0,
        "angle": 0,
        "sceneName": "White_Palace_17",
        "pname": "HK_saw",
        "position": {
          "$type": "DecorationMaster.V2, DecorationMaster",
          "x": 13.3290148,
          "y": 35.02804
        }
      },
      {
        "$type": "DecorationMaster.ItemDef+SawItem, DecorationMaster",
        "span": 3,
        "speed": 0,
        "pitch": 1.0,
        "volume": 1.0,
        "Center": {
          "$type": "DecorationMaster.V2, DecorationMaster",
          "x": 14.2791882,
          "y": 41.23682
        },
        "offset": 0,
        "size": 1.0,
        "angle": 0,
        "sceneName": "White_Palace_17",
        "pname": "HK_saw",
        "position": {
          "$type": "DecorationMaster.V2, DecorationMaster",
          "x": 14.2791882,
          "y": 41.23682
        }
      },
      {
        "$type": "DecorationMaster.ItemDef+SawItem, DecorationMaster",
        "span": 3,
        "speed": 0,
        "pitch": 1.0,
        "volume": 1.0,
        "Center": {
          "$type": "DecorationMaster.V2, DecorationMaster",
          "x": 14.457902,
          "y": 47.6811
        },
        "offset": 0,
        "size": 1.0,
        "angle": 0,
        "sceneName": "White_Palace_17",
        "pname": "HK_saw",
        "position": {
          "$type": "DecorationMaster.V2, DecorationMaster",
          "x": 14.457902,
          "y": 47.6811
        }
      },
      {
        "$type": "DecorationMaster.ItemDef+DefaultItem, DecorationMaster",
        "sceneName": "White_Palace_17",
        "pname": "binoculars",
        "position": {
          "$type": "DecorationMaster.V2, DecorationMaster",
          "x": 79.30206,
          "y": 8.689923
        }
      },
      {
        "$type": "DecorationMaster.ItemDef+DefatulResizeItem, DecorationMaster",
        "size": 2.0,
        "angle": 180,
        "sceneName": "White_Palace_17",
        "pname": "white_thorn",
        "position": {
          "$type": "DecorationMaster.V2, DecorationMaster",
          "x": 85.9137344,
          "y": 41.7157059
        }
      },
      {
        "$type": "DecorationMaster.ItemDef+DefatulResizeItem, DecorationMaster",
        "size": 1.0,
        "angle": 180,
        "sceneName": "White_Palace_17",
        "pname": "white_thorn",
        "position": {
          "$type": "DecorationMaster.V2, DecorationMaster",
          "x": 94.1390839,
          "y": 38.6817055
        }
      },
      {
        "$type": "DecorationMaster.ItemDef+DefatulResizeItem, DecorationMaster",
        "size": 1.0,
        "angle": 180,
        "sceneName": "White_Palace_17",
        "pname": "white_thorn",
        "position": {
          "$type": "DecorationMaster.V2, DecorationMaster",
          "x": 102.5463,
          "y": 38.4998474
        }
      },
      {
        "$type": "DecorationMaster.ItemDef+DefatulResizeItem, DecorationMaster",
        "size": 1.0,
        "angle": 180,
        "sceneName": "White_Palace_17",
        "pname": "white_thorn",
        "position": {
          "$type": "DecorationMaster.V2, DecorationMaster",
          "x": 111.023888,
          "y": 38.36308
        }
      },
      {
        "$type": "DecorationMaster.MyBehaviour.DefaultBehaviour+SharedItem, DecorationMaster",
        "size": 1.0,
        "angle": 0,
        "sceneName": "White_Palace_17",
        "pname": "HK_spike",
        "position": {
          "$type": "DecorationMaster.V2, DecorationMaster",
          "x": 65.92515,
          "y": 32.5980949
        }
      },
      {
        "$type": "DecorationMaster.MyBehaviour.DefaultBehaviour+SharedItem, DecorationMaster",
        "size": 1.0,
        "angle": 180,
        "sceneName": "White_Palace_17",
        "pname": "HK_spike",
        "position": {
          "$type": "DecorationMaster.V2, DecorationMaster",
          "x": 65.95416,
          "y": 35.33837
        }
      },
      {
        "$type": "DecorationMaster.ItemDef+DefaultItem, DecorationMaster",
        "sceneName": "White_Palace_17",
        "pname": "binoculars",
        "position": {
          "$type": "DecorationMaster.V2, DecorationMaster",
          "x": 36.01698,
          "y": 35.827858
        }
      },
      {
        "$type": "DecorationMaster.ItemDef+SawItem, DecorationMaster",
        "span": 3,
        "speed": 0,
        "pitch": 1.0,
        "volume": 1.0,
        "Center": {
          "$type": "DecorationMaster.V2, DecorationMaster",
          "x": 7.28887,
          "y": 50.5998535
        },
        "offset": 0,
        "size": 1.0,
        "angle": 0,
        "sceneName": "White_Palace_17",
        "pname": "HK_saw",
        "position": {
          "$type": "DecorationMaster.V2, DecorationMaster",
          "x": 7.28887,
          "y": 50.5998535
        }
      },
      {
        "$type": "DecorationMaster.ItemDef+SawItem, DecorationMaster",
        "span": 3,
        "speed": 0,
        "pitch": 1.0,
        "volume": 1.0,
        "Center": {
          "$type": "DecorationMaster.V2, DecorationMaster",
          "x": 20.0325489,
          "y": 64.61207
        },
        "offset": 0,
        "size": 1.0,
        "angle": 0,
        "sceneName": "White_Palace_17",
        "pname": "HK_saw",
        "position": {
          "$type": "DecorationMaster.V2, DecorationMaster",
          "x": 20.0325489,
          "y": 64.61207
        }
      },
      {
        "$type": "DecorationMaster.ItemDef+SawItem, DecorationMaster",
        "span": 3,
        "speed": 0,
        "pitch": 1.0,
        "volume": 1.0,
        "Center": {
          "$type": "DecorationMaster.V2, DecorationMaster",
          "x": 10.947011,
          "y": 63.84827
        },
        "offset": 0,
        "size": 1.23238242,
        "angle": 0,
        "sceneName": "White_Palace_17",
        "pname": "HK_saw",
        "position": {
          "$type": "DecorationMaster.V2, DecorationMaster",
          "x": 10.947011,
          "y": 63.84827
        }
      },
      {
        "$type": "DecorationMaster.ItemDef+SawItem, DecorationMaster",
        "span": 3,
        "speed": 0,
        "pitch": 1.0,
        "volume": 0.9860179,
        "Center": {
          "$type": "DecorationMaster.V2, DecorationMaster",
          "x": 7.246109,
          "y": 56.4585342
        },
        "offset": 0,
        "size": 1.0,
        "angle": 0,
        "sceneName": "White_Palace_17",
        "pname": "HK_saw",
        "position": {
          "$type": "DecorationMaster.V2, DecorationMaster",
          "x": 7.246109,
          "y": 56.4585342
        }
      },
      {
        "$type": "DecorationMaster.ItemDef+SawItem, DecorationMaster",
        "span": 3,
        "speed": 0,
        "pitch": 1.0,
        "volume": 1.0,
        "Center": {
          "$type": "DecorationMaster.V2, DecorationMaster",
          "x": 31.8960724,
          "y": 57.6224556
        },
        "offset": 0,
        "size": 1.0,
        "angle": 0,
        "sceneName": "White_Palace_17",
        "pname": "HK_saw",
        "position": {
          "$type": "DecorationMaster.V2, DecorationMaster",
          "x": 31.8960724,
          "y": 57.6224556
        }
      },
      {
        "$type": "DecorationMaster.ItemDef+SawItem, DecorationMaster",
        "span": 3,
        "speed": 0,
        "pitch": 1.0,
        "volume": 1.0,
        "Center": {
          "$type": "DecorationMaster.V2, DecorationMaster",
          "x": 40.30637,
          "y": 57.93125
        },
        "offset": 0,
        "size": 1.0,
        "angle": 0,
        "sceneName": "White_Palace_17",
        "pname": "HK_saw",
        "position": {
          "$type": "DecorationMaster.V2, DecorationMaster",
          "x": 40.30637,
          "y": 57.93125
        }
      },
      {
        "$type": "DecorationMaster.ItemDef+SawItem, DecorationMaster",
        "span": 3,
        "speed": 0,
        "pitch": 1.0,
        "volume": 1.0,
        "Center": {
          "$type": "DecorationMaster.V2, DecorationMaster",
          "x": 60.3172836,
          "y": 66.51201
        },
        "offset": 0,
        "size": 0.861577153,
        "angle": 0,
        "sceneName": "White_Palace_17",
        "pname": "HK_saw",
        "position": {
          "$type": "DecorationMaster.V2, DecorationMaster",
          "x": 60.3172836,
          "y": 66.51201
        }
      },
      {
        "$type": "DecorationMaster.MyBehaviour.Bench+BenchItem, DecorationMaster",
        "bench_name": "D_bench1_1634767567",
        "sceneName": "White_Palace_17",
        "pname": "HK_bench",
        "position": {
          "$type": "DecorationMaster.V2, DecorationMaster",
          "x": 57.0467529,
          "y": 62.6024323
        }
      },
      {
        "$type": "DecorationMaster.ItemDef+DefaultItem, DecorationMaster",
        "sceneName": "White_Palace_17",
        "pname": "binoculars",
        "position": {
          "$type": "DecorationMaster.V2, DecorationMaster",
          "x": 58.1494141,
          "y": 66.02833
        }
      },
      {
        "$type": "DecorationMaster.ItemDef+SawItem, DecorationMaster",
        "span": 3,
        "speed": 0,
        "pitch": 1.0,
        "volume": 1.0,
        "Center": {
          "$type": "DecorationMaster.V2, DecorationMaster",
          "x": 55.188488,
          "y": 70.2521
        },
        "offset": 0,
        "size": 1.0,
        "angle": 0,
        "sceneName": "White_Palace_17",
        "pname": "HK_saw",
        "position": {
          "$type": "DecorationMaster.V2, DecorationMaster",
          "x": 55.188488,
          "y": 70.2521
        }
      },
      {
        "$type": "DecorationMaster.ItemDef+SawItem, DecorationMaster",
        "span": 3,
        "speed": 0,
        "pitch": 1.0,
        "volume": 1.0,
        "Center": {
          "$type": "DecorationMaster.V2, DecorationMaster",
          "x": 49.90432,
          "y": 84.4872742
        },
        "offset": 0,
        "size": 1.0,
        "angle": 0,
        "sceneName": "White_Palace_17",
        "pname": "HK_saw",
        "position": {
          "$type": "DecorationMaster.V2, DecorationMaster",
          "x": 49.90432,
          "y": 84.4872742
        }
      },
      {
        "$type": "DecorationMaster.ItemDef+SawItem, DecorationMaster",
        "span": 3,
        "speed": 0,
        "pitch": 1.0,
        "volume": 1.0,
        "Center": {
          "$type": "DecorationMaster.V2, DecorationMaster",
          "x": 41.3701248,
          "y": 84.07461
        },
        "offset": 0,
        "size": 1.0,
        "angle": 0,
        "sceneName": "White_Palace_17",
        "pname": "HK_saw",
        "position": {
          "$type": "DecorationMaster.V2, DecorationMaster",
          "x": 41.3701248,
          "y": 84.07461
        }
      },
      {
        "$type": "DecorationMaster.ItemDef+SawItem, DecorationMaster",
        "span": 5,
        "speed": 3,
        "pitch": 1.0,
        "volume": 1.0,
        "Center": {
          "$type": "DecorationMaster.V2, DecorationMaster",
          "x": 29.3419037,
          "y": 80.57626
        },
        "offset": 0,
        "size": 1.0,
        "angle": 90,
        "sceneName": "White_Palace_17",
        "pname": "HK_saw",
        "position": {
          "$type": "DecorationMaster.V2, DecorationMaster",
          "x": 29.3419037,
          "y": 80.57626
        }
      },
      {
        "$type": "DecorationMaster.ItemDef+SawItem, DecorationMaster",
        "span": 3,
        "speed": 0,
        "pitch": 1.0,
        "volume": 1.0,
        "Center": {
          "$type": "DecorationMaster.V2, DecorationMaster",
          "x": 34.36787,
          "y": 85.44209
        },
        "offset": 0,
        "size": 1.0,
        "angle": 0,
        "sceneName": "White_Palace_17",
        "pname": "HK_saw",
        "position": {
          "$type": "DecorationMaster.V2, DecorationMaster",
          "x": 34.36787,
          "y": 85.44209
        }
      },
      {
        "$type": "DecorationMaster.ItemDef+SawItem, DecorationMaster",
        "span": 3,
        "speed": 0,
        "pitch": 1.0,
        "volume": 1.0,
        "Center": {
          "$type": "DecorationMaster.V2, DecorationMaster",
          "x": 22.7226124,
          "y": 86.8157654
        },
        "offset": 0,
        "size": 1.0,
        "angle": 0,
        "sceneName": "White_Palace_17",
        "pname": "HK_saw",
        "position": {
          "$type": "DecorationMaster.V2, DecorationMaster",
          "x": 22.7226124,
          "y": 86.8157654
        }
      },
      {
        "$type": "DecorationMaster.ItemDef+SawItem, DecorationMaster",
        "span": 3,
        "speed": 0,
        "pitch": 1.0,
        "volume": 1.0,
        "Center": {
          "$type": "DecorationMaster.V2, DecorationMaster",
          "x": 15.3679838,
          "y": 82.57687
        },
        "offset": 0,
        "size": 1.0,
        "angle": 0,
        "sceneName": "White_Palace_17",
        "pname": "HK_saw",
        "position": {
          "$type": "DecorationMaster.V2, DecorationMaster",
          "x": 15.3679838,
          "y": 82.57687
        }
      },
      {
        "$type": "DecorationMaster.ItemDef+SawItem, DecorationMaster",
        "span": 3,
        "speed": 0,
        "pitch": 1.0,
        "volume": 1.0,
        "Center": {
          "$type": "DecorationMaster.V2, DecorationMaster",
          "x": 13.1830139,
          "y": 108.448082
        },
        "offset": 0,
        "size": 1.26426184,
        "angle": 0,
        "sceneName": "White_Palace_17",
        "pname": "HK_saw",
        "position": {
          "$type": "DecorationMaster.V2, DecorationMaster",
          "x": 13.1830139,
          "y": 108.448082
        }
      },
      {
        "$type": "DecorationMaster.ItemDef+SawItem, DecorationMaster",
        "span": 1,
        "speed": 1,
        "pitch": 1.0,
        "volume": 1.0,
        "Center": {
          "$type": "DecorationMaster.V2, DecorationMaster",
          "x": 15.1919117,
          "y": 91.83826
        },
        "offset": 0,
        "size": 1.0,
        "angle": 90,
        "sceneName": "White_Palace_17",
        "pname": "HK_saw",
        "position": {
          "$type": "DecorationMaster.V2, DecorationMaster",
          "x": 15.1919117,
          "y": 91.83826
        }
      },
      {
        "$type": "DecorationMaster.ItemDef+SawItem, DecorationMaster",
        "span": 3,
        "speed": 0,
        "pitch": 1.0,
        "volume": 1.0,
        "Center": {
          "$type": "DecorationMaster.V2, DecorationMaster",
          "x": 29.91439,
          "y": 108.965195
        },
        "offset": 0,
        "size": 1.0,
        "angle": 0,
        "sceneName": "White_Palace_17",
        "pname": "HK_saw",
        "position": {
          "$type": "DecorationMaster.V2, DecorationMaster",
          "x": 29.91439,
          "y": 108.965195
        }
      },
      {
        "$type": "DecorationMaster.ItemDef+SawItem, DecorationMaster",
        "span": 3,
        "speed": 0,
        "pitch": 1.0,
        "volume": 1.0,
        "Center": {
          "$type": "DecorationMaster.V2, DecorationMaster",
          "x": 38.33119,
          "y": 109.033791
        },
        "offset": 0,
        "size": 1.0,
        "angle": 0,
        "sceneName": "White_Palace_17",
        "pname": "HK_saw",
        "position": {
          "$type": "DecorationMaster.V2, DecorationMaster",
          "x": 38.33119,
          "y": 109.033791
        }
      },
      {
        "$type": "DecorationMaster.ItemDef+SawItem, DecorationMaster",
        "span": 3,
        "speed": 0,
        "pitch": 1.0,
        "volume": 1.0,
        "Center": {
          "$type": "DecorationMaster.V2, DecorationMaster",
          "x": 46.37956,
          "y": 109.24778
        },
        "offset": 0,
        "size": 1.0,
        "angle": 0,
        "sceneName": "White_Palace_17",
        "pname": "HK_saw",
        "position": {
          "$type": "DecorationMaster.V2, DecorationMaster",
          "x": 46.37956,
          "y": 109.24778
        }
      },
      {
        "$type": "DecorationMaster.ItemDef+SawItem, DecorationMaster",
        "span": 3,
        "speed": 0,
        "pitch": 1.0,
        "volume": 1.0,
        "Center": {
          "$type": "DecorationMaster.V2, DecorationMaster",
          "x": 54.856617,
          "y": 109.253853
        },
        "offset": 0,
        "size": 1.0,
        "angle": 0,
        "sceneName": "White_Palace_17",
        "pname": "HK_saw",
        "position": {
          "$type": "DecorationMaster.V2, DecorationMaster",
          "x": 54.856617,
          "y": 109.253853
        }
      },
      {
        "$type": "DecorationMaster.ItemDef+SawItem, DecorationMaster",
        "span": 3,
        "speed": 0,
        "pitch": 1.0,
        "volume": 1.0,
        "Center": {
          "$type": "DecorationMaster.V2, DecorationMaster",
          "x": 34.7462845,
          "y": 97.3507843
        },
        "offset": 0,
        "size": 1.8238256,
        "angle": 0,
        "sceneName": "White_Palace_17",
        "pname": "HK_saw",
        "position": {
          "$type": "DecorationMaster.V2, DecorationMaster",
          "x": 34.7462845,
          "y": 97.3507843
        }
      },
      {
        "$type": "DecorationMaster.ItemDef+SawItem, DecorationMaster",
        "span": 3,
        "speed": 0,
        "pitch": 1.0,
        "volume": 1.0,
        "Center": {
          "$type": "DecorationMaster.V2, DecorationMaster",
          "x": 77.46513,
          "y": 111.049133
        },
        "offset": 0,
        "size": 1.56627524,
        "angle": 0,
        "sceneName": "White_Palace_17",
        "pname": "HK_saw",
        "position": {
          "$type": "DecorationMaster.V2, DecorationMaster",
          "x": 77.46513,
          "y": 111.049133
        }
      },
      {
        "$type": "DecorationMaster.ItemDef+SawItem, DecorationMaster",
        "span": 3,
        "speed": 0,
        "pitch": 1.0,
        "volume": 1.0,
        "Center": {
          "$type": "DecorationMaster.V2, DecorationMaster",
          "x": 85.89406,
          "y": 41.65943
        },
        "offset": 0,
        "size": 1.50335574,
        "angle": 0,
        "sceneName": "White_Palace_17",
        "pname": "HK_saw",
        "position": {
          "$type": "DecorationMaster.V2, DecorationMaster",
          "x": 85.89406,
          "y": 41.65943
        }
      },
      {
        "$type": "DecorationMaster.ItemDef+DefaultItem, DecorationMaster",
        "sceneName": "White_Palace_17",
        "pname": "binoculars",
        "position": {
          "$type": "DecorationMaster.V2, DecorationMaster",
          "x": 8.841473,
          "y": 60.75959
        }
      },
      {
        "$type": "DecorationMaster.ItemDef+DefaultItem, DecorationMaster",
        "sceneName": "White_Palace_17",
        "pname": "binoculars",
        "position": {
          "$type": "DecorationMaster.V2, DecorationMaster",
          "x": 60.7739143,
          "y": 34.9773331
        }
      },
      {
        "$type": "DecorationMaster.MyBehaviour.DefaultBehaviour+SharedItem, DecorationMaster",
        "size": 0.861577153,
        "angle": 0,
        "sceneName": "White_Palace_17",
        "pname": "HK_infinte_soul",
        "position": {
          "$type": "DecorationMaster.V2, DecorationMaster",
          "x": 12.0066376,
          "y": 57.6458778
        }
      },
      {
        "$type": "DecorationMaster.MyBehaviour.DefaultBehaviour+SharedItem, DecorationMaster",
        "size": 1.0,
        "angle": 0,
        "sceneName": "White_Palace_17",
        "pname": "HK_platform_small",
        "position": {
          "$type": "DecorationMaster.V2, DecorationMaster",
          "x": 10.8918562,
          "y": 102.259644
        }
      },
      {
        "$type": "DecorationMaster.ItemDef+DefaultItem, DecorationMaster",
        "sceneName": "White_Palace_17",
        "pname": "IMG_RespawnPoint",
        "position": {
          "$type": "DecorationMaster.V2, DecorationMaster",
          "x": 10.53989,
          "y": 103.999313
        }
      },
      {
        "$type": "DecorationMaster.MyBehaviour.DefaultBehaviour+SharedItem, DecorationMaster",
        "size": 1.56627524,
        "angle": 180,
        "sceneName": "White_Palace_17",
        "pname": "HK_infinte_soul",
        "position": {
          "$type": "DecorationMaster.V2, DecorationMaster",
          "x": 13.1120491,
          "y": 106.045059
        }
      },
      {
        "$type": "DecorationMaster.ItemDef+DefaultItem, DecorationMaster",
        "sceneName": "White_Palace_17",
        "pname": "binoculars",
        "position": {
          "$type": "DecorationMaster.V2, DecorationMaster",
          "x": 10.8763227,
          "y": 100.889679
        }
      },
      {
        "$type": "DecorationMaster.MyBehaviour.DelayResizableBehaviour+DelayResizeItem, DecorationMaster",
        "time_offset": 0.0,
        "size": 1.0,
        "angle": 0,
        "sceneName": "White_Palace_17",
        "pname": "HK_zap_cloud",
        "position": {
          "$type": "DecorationMaster.V2, DecorationMaster",
          "x": 86.68859,
          "y": 16.3846626
        }
      },
      {
        "$type": "DecorationMaster.ItemDef+DefatulResizeItem, DecorationMaster",
        "size": 1.0,
        "angle": 270,
        "sceneName": "White_Palace_17",
        "pname": "white_spike",
        "position": {
          "$type": "DecorationMaster.V2, DecorationMaster",
          "x": 83.9504547,
          "y": 25.19486
        }
      },
      {
        "$type": "DecorationMaster.MyBehaviour.DefaultBehaviour+SharedItem, DecorationMaster",
        "size": 1.0,
        "angle": 0,
        "sceneName": "White_Palace_17",
        "pname": "HK_spike",
        "position": {
          "$type": "DecorationMaster.V2, DecorationMaster",
          "x": 63.7764168,
          "y": 32.53851
        }
      },
      {
        "$type": "DecorationMaster.ItemDef+SawItem, DecorationMaster",
        "span": 3,
        "speed": 0,
        "pitch": 1.0,
        "volume": 1.0,
        "Center": {
          "$type": "DecorationMaster.V2, DecorationMaster",
          "x": 10.4264355,
          "y": 76.02074
        },
        "offset": 0,
        "size": 1.0,
        "angle": 0,
        "sceneName": "White_Palace_17",
        "pname": "HK_saw",
        "position": {
          "$type": "DecorationMaster.V2, DecorationMaster",
          "x": 10.4264355,
          "y": 76.02074
        }
      },
      {
        "$type": "DecorationMaster.ItemDef+SawItem, DecorationMaster",
        "span": 3,
        "speed": 0,
        "pitch": 1.0,
        "volume": 1.0,
        "Center": {
          "$type": "DecorationMaster.V2, DecorationMaster",
          "x": 71.08801,
          "y": 107.892349
        },
        "offset": 0,
        "size": 1.0,
        "angle": 0,
        "sceneName": "White_Palace_17",
        "pname": "HK_saw",
        "position": {
          "$type": "DecorationMaster.V2, DecorationMaster",
          "x": 71.08801,
          "y": 107.892349
        }
      },
      {
        "$type": "DecorationMaster.ItemDef+SawItem, DecorationMaster",
        "span": 3,
        "speed": 0,
        "pitch": 1.0,
        "volume": 1.0,
        "Center": {
          "$type": "DecorationMaster.V2, DecorationMaster",
          "x": 84.04421,
          "y": 107.9233
        },
        "offset": 0,
        "size": 1.0,
        "angle": 0,
        "sceneName": "White_Palace_17",
        "pname": "HK_saw",
        "position": {
          "$type": "DecorationMaster.V2, DecorationMaster",
          "x": 84.04421,
          "y": 107.9233
        }
      },
      {
        "$type": "DecorationMaster.ItemDef+SawItem, DecorationMaster",
        "span": 3,
        "speed": 0,
        "pitch": 1.0,
        "volume": 1.0,
        "Center": {
          "$type": "DecorationMaster.V2, DecorationMaster",
          "x": 66.46192,
          "y": 106.817123
        },
        "offset": 0,
        "size": 1.0,
        "angle": 0,
        "sceneName": "White_Palace_17",
        "pname": "HK_saw",
        "position": {
          "$type": "DecorationMaster.V2, DecorationMaster",
          "x": 66.46192,
          "y": 106.817123
        }
      },
      {
        "$type": "DecorationMaster.ItemDef+SawItem, DecorationMaster",
        "span": 3,
        "speed": 0,
        "pitch": 1.0,
        "volume": 1.0,
        "Center": {
          "$type": "DecorationMaster.V2, DecorationMaster",
          "x": 61.4674,
          "y": 106.76284
        },
        "offset": 0,
        "size": 1.0,
        "angle": 0,
        "sceneName": "White_Palace_17",
        "pname": "HK_saw",
        "position": {
          "$type": "DecorationMaster.V2, DecorationMaster",
          "x": 61.4674,
          "y": 106.76284
        }
      },
      {
        "$type": "DecorationMaster.ItemDef+DefatulResizeItem, DecorationMaster",
        "size": 1.0,
        "angle": 180,
        "sceneName": "White_Palace_17",
        "pname": "white_thorn",
        "position": {
          "$type": "DecorationMaster.V2, DecorationMaster",
          "x": 79.3354645,
          "y": 9.949676
        }
      },
      {
        "$type": "DecorationMaster.MyBehaviour.DefaultBehaviour+SharedItem, DecorationMaster",
        "size": 1.0,
        "angle": 0,
        "sceneName": "White_Palace_17",
        "pname": "HK_infinte_soul",
        "position": {
          "$type": "DecorationMaster.V2, DecorationMaster",
          "x": 74.4034653,
          "y": 103.257751
        }
      },
      {
        "$type": "DecorationMaster.MyBehaviour.DefaultBehaviour+SharedItem, DecorationMaster",
        "size": 1.0,
        "angle": 0,
        "sceneName": "White_Palace_17",
        "pname": "HK_zote_head",
        "position": {
          "$type": "DecorationMaster.V2, DecorationMaster",
          "x": 78.19209,
          "y": 54.00857
        }
      },
      {
        "$type": "DecorationMaster.MyBehaviour.DefaultBehaviour+SharedItem, DecorationMaster",
        "size": 1.0,
        "angle": 0,
        "sceneName": "White_Palace_17",
        "pname": "HK_zote_head",
        "position": {
          "$type": "DecorationMaster.V2, DecorationMaster",
          "x": 77.88049,
          "y": 54.08677
        }
      },
      {
        "$type": "DecorationMaster.MyBehaviour.DefaultBehaviour+SharedItem, DecorationMaster",
        "size": 1.0,
        "angle": 0,
        "sceneName": "White_Palace_17",
        "pname": "HK_zote_head",
        "position": {
          "$type": "DecorationMaster.V2, DecorationMaster",
          "x": 77.5056839,
          "y": 54.1599121
        }
      },
      {
        "$type": "DecorationMaster.MyBehaviour.DefaultBehaviour+SharedItem, DecorationMaster",
        "size": 1.0,
        "angle": 0,
        "sceneName": "White_Palace_17",
        "pname": "HK_zote_head",
        "position": {
          "$type": "DecorationMaster.V2, DecorationMaster",
          "x": 77.172554,
          "y": 54.1963577
        }
      },
      {
        "$type": "DecorationMaster.MyBehaviour.DefaultBehaviour+SharedItem, DecorationMaster",
        "size": 1.0,
        "angle": 0,
        "sceneName": "White_Palace_17",
        "pname": "HK_zote_head",
        "position": {
          "$type": "DecorationMaster.V2, DecorationMaster",
          "x": 76.88296,
          "y": 54.21774
        }
      },
      {
        "$type": "DecorationMaster.MyBehaviour.Bench+BenchItem, DecorationMaster",
        "bench_name": "D_bench1_148717_47559783",
        "sceneName": "White_Palace_17",
        "pname": "HK_bench",
        "position": {
          "$type": "DecorationMaster.V2, DecorationMaster",
          "x": 90.06333,
          "y": 32.6656227
        }
      },
      {
        "$type": "DecorationMaster.ItemDef+SawItem, DecorationMaster",
        "span": 3,
        "speed": 2,
        "pitch": 1.0,
        "volume": 0.0,
        "Center": {
          "$type": "DecorationMaster.V2, DecorationMaster",
          "x": 104.657143,
          "y": 35.39508
        },
        "offset": 0,
        "size": 0.2,
        "angle": 90,
        "sceneName": "White_Palace_17",
        "pname": "HK_saw",
        "position": {
          "$type": "DecorationMaster.V2, DecorationMaster",
          "x": 104.657143,
          "y": 35.39508
        }
      },
      {
        "$type": "DecorationMaster.ItemDef+SawItem, DecorationMaster",
        "span": 3,
        "speed": 2,
        "pitch": 1.0,
        "volume": 0.0,
        "Center": {
          "$type": "DecorationMaster.V2, DecorationMaster",
          "x": 105.519928,
          "y": 35.230114
        },
        "offset": 1,
        "size": 0.2,
        "angle": 90,
        "sceneName": "White_Palace_17",
        "pname": "HK_saw",
        "position": {
          "$type": "DecorationMaster.V2, DecorationMaster",
          "x": 105.519928,
          "y": 35.230114
        }
      },
      {
        "$type": "DecorationMaster.ItemDef+SawItem, DecorationMaster",
        "span": 3,
        "speed": 2,
        "pitch": 1.0,
        "volume": 0.0,
        "Center": {
          "$type": "DecorationMaster.V2, DecorationMaster",
          "x": 106.254807,
          "y": 35.35009
        },
        "offset": 2,
        "size": 0.2,
        "angle": 90,
        "sceneName": "White_Palace_17",
        "pname": "HK_saw",
        "position": {
          "$type": "DecorationMaster.V2, DecorationMaster",
          "x": 106.254807,
          "y": 35.35009
        }
      },
      {
        "$type": "DecorationMaster.ItemDef+SawItem, DecorationMaster",
        "span": 3,
        "speed": 2,
        "pitch": 1.0,
        "volume": 0.0,
        "Center": {
          "$type": "DecorationMaster.V2, DecorationMaster",
          "x": 107.154633,
          "y": 35.15513
        },
        "offset": 4,
        "size": 0.2,
        "angle": 90,
        "sceneName": "White_Palace_17",
        "pname": "HK_saw",
        "position": {
          "$type": "DecorationMaster.V2, DecorationMaster",
          "x": 107.154633,
          "y": 35.15513
        }
      },
      {
        "$type": "DecorationMaster.ItemDef+SawItem, DecorationMaster",
        "span": 3,
        "speed": 2,
        "pitch": 1.0,
        "volume": 0.0,
        "Center": {
          "$type": "DecorationMaster.V2, DecorationMaster",
          "x": 108.984268,
          "y": 35.1701241
        },
        "offset": 6,
        "size": 0.2,
        "angle": 90,
        "sceneName": "White_Palace_17",
        "pname": "HK_saw",
        "position": {
          "$type": "DecorationMaster.V2, DecorationMaster",
          "x": 108.984268,
          "y": 35.1701241
        }
      },
      {
        "$type": "DecorationMaster.ItemDef+SawItem, DecorationMaster",
        "span": 3,
        "speed": 0,
        "pitch": 1.0,
        "volume": 0.0,
        "Center": {
          "$type": "DecorationMaster.V2, DecorationMaster",
          "x": 106.8097,
          "y": 37.49466
        },
        "offset": 0,
        "size": 1.54,
        "angle": 0,
        "sceneName": "White_Palace_17",
        "pname": "HK_saw",
        "position": {
          "$type": "DecorationMaster.V2, DecorationMaster",
          "x": 106.8097,
          "y": 37.49466
        }
      },
      {
        "$type": "DecorationMaster.ItemDef+DefaultItem, DecorationMaster",
        "sceneName": "White_Palace_17",
        "pname": "IMG_RespawnPoint",
        "position": {
          "$type": "DecorationMaster.V2, DecorationMaster",
          "x": 111.668762,
          "y": 34.13532
        }
      },
      {
        "$type": "DecorationMaster.ItemDef+SawItem, DecorationMaster",
        "span": 3,
        "speed": 0,
        "pitch": 1.0,
        "volume": 0.0,
        "Center": {
          "$type": "DecorationMaster.V2, DecorationMaster",
          "x": 26.175,
          "y": 86.9743347
        },
        "offset": 0,
        "size": 1.0,
        "angle": 0,
        "sceneName": "White_Palace_17",
        "pname": "HK_saw",
        "position": {
          "$type": "DecorationMaster.V2, DecorationMaster",
          "x": 26.175,
          "y": 86.9743347
        }
      },
      {
        "$type": "DecorationMaster.ItemDef+SawItem, DecorationMaster",
        "span": 3,
        "speed": 0,
        "pitch": 1.0,
        "volume": 0.0,
        "Center": {
          "$type": "DecorationMaster.V2, DecorationMaster",
          "x": 31.9742355,
          "y": 86.29946
        },
        "offset": 0,
        "size": 1.0,
        "angle": 0,
        "sceneName": "White_Palace_17",
        "pname": "HK_saw",
        "position": {
          "$type": "DecorationMaster.V2, DecorationMaster",
          "x": 31.9742355,
          "y": 86.29946
        }
      },
      {
        "$type": "DecorationMaster.ItemDef+SawItem, DecorationMaster",
        "span": 3,
        "speed": 0,
        "pitch": 1.0,
        "volume": 0.0,
        "Center": {
          "$type": "DecorationMaster.V2, DecorationMaster",
          "x": 47.88716,
          "y": 85.6245956
        },
        "offset": 0,
        "size": 1.0,
        "angle": 0,
        "sceneName": "White_Palace_17",
        "pname": "HK_saw",
        "position": {
          "$type": "DecorationMaster.V2, DecorationMaster",
          "x": 47.88716,
          "y": 85.6245956
        }
      },
      {
        "$type": "DecorationMaster.ItemDef+SawItem, DecorationMaster",
        "span": 3,
        "speed": 0,
        "pitch": 1.0,
        "volume": 0.0,
        "Center": {
          "$type": "DecorationMaster.V2, DecorationMaster",
          "x": 43.2395248,
          "y": 85.5946045
        },
        "offset": 0,
        "size": 1.0,
        "angle": 0,
        "sceneName": "White_Palace_17",
        "pname": "HK_saw",
        "position": {
          "$type": "DecorationMaster.V2, DecorationMaster",
          "x": 43.2395248,
          "y": 85.5946045
        }
      },
      {
        "$type": "DecorationMaster.ItemDef+SawItem, DecorationMaster",
        "span": 15,
        "speed": 19,
        "pitch": 1.0,
        "volume": 1.0,
        "Center": {
          "$type": "DecorationMaster.V2, DecorationMaster",
          "x": 23.295311,
          "y": 74.1782455
        },
        "offset": 0,
        "size": 1.3599999,
        "angle": 0,
        "sceneName": "White_Palace_17",
        "pname": "HK_saw",
        "position": {
          "$type": "DecorationMaster.V2, DecorationMaster",
          "x": 23.295311,
          "y": 74.1782455
        }
      },
      {
        "$type": "DecorationMaster.MyBehaviour.DelayResizableBehaviour+DelayResizeItem, DecorationMaster",
        "time_offset": 0.0,
        "size": 1.0,
        "angle": 0,
        "sceneName": "White_Palace_17",
        "pname": "HK_zap_cloud",
        "position": {
          "$type": "DecorationMaster.V2, DecorationMaster",
          "x": 25.4461956,
          "y": 102.379616
        }
      },
      {
        "$type": "DecorationMaster.MyBehaviour.DelayResizableBehaviour+DelayResizeItem, DecorationMaster",
        "time_offset": 0.4,
        "size": 1.0,
        "angle": 0,
        "sceneName": "White_Palace_17",
        "pname": "HK_zap_cloud",
        "position": {
          "$type": "DecorationMaster.V2, DecorationMaster",
          "x": 34.3139954,
          "y": 102.229652
        }
      },
      {
        "$type": "DecorationMaster.MyBehaviour.DelayResizableBehaviour+DelayResizeItem, DecorationMaster",
        "time_offset": 0.8,
        "size": 1.0,
        "angle": 0,
        "sceneName": "White_Palace_17",
        "pname": "HK_zap_cloud",
        "position": {
          "$type": "DecorationMaster.V2, DecorationMaster",
          "x": 42.2364,
          "y": 102.064682
        }
      },
      {
        "$type": "DecorationMaster.MyBehaviour.DelayResizableBehaviour+DelayResizeItem, DecorationMaster",
        "time_offset": 1.2,
        "size": 1.0,
        "angle": 0,
        "sceneName": "White_Palace_17",
        "pname": "HK_zap_cloud",
        "position": {
          "$type": "DecorationMaster.V2, DecorationMaster",
          "x": 50.682785,
          "y": 102.169662
        }
      },
      {
        "$type": "DecorationMaster.MyBehaviour.DelayResizableBehaviour+DelayResizeItem, DecorationMaster",
        "time_offset": 0.0,
        "size": 1.0,
        "angle": 0,
        "sceneName": "White_Palace_17",
        "pname": "HK_zap_cloud",
        "position": {
          "$type": "DecorationMaster.V2, DecorationMaster",
          "x": 62.891346,
          "y": 103.643944
        }
      },
      {
        "$type": "DecorationMaster.MyBehaviour.DelayResizableBehaviour+DelayResizeItem, DecorationMaster",
        "time_offset": 0.2,
        "size": 1.0,
        "angle": 0,
        "sceneName": "White_Palace_17",
        "pname": "HK_zap_cloud",
        "position": {
          "$type": "DecorationMaster.V2, DecorationMaster",
          "x": 64.88279,
          "y": 103.493965
        }
      },
      {
        "$type": "DecorationMaster.MyBehaviour.DelayResizableBehaviour+DelayResizeItem, DecorationMaster",
        "time_offset": 0.4,
        "size": 1.0,
        "angle": 0,
        "sceneName": "White_Palace_17",
        "pname": "HK_zap_cloud",
        "position": {
          "$type": "DecorationMaster.V2, DecorationMaster",
          "x": 66.90154,
          "y": 103.478981
        }
      },
      {
        "$type": "DecorationMaster.MyBehaviour.DelayResizableBehaviour+DelayResizeItem, DecorationMaster",
        "time_offset": 0.6,
        "size": 1.0,
        "angle": 0,
        "sceneName": "White_Palace_17",
        "pname": "HK_zap_cloud",
        "position": {
          "$type": "DecorationMaster.V2, DecorationMaster",
          "x": 69.0939,
          "y": 103.478981
        }
      },
      {
        "$type": "DecorationMaster.MyBehaviour.DelayResizableBehaviour+DelayResizeItem, DecorationMaster",
        "time_offset": 0.8,
        "size": 1.0,
        "angle": 0,
        "sceneName": "White_Palace_17",
        "pname": "HK_zap_cloud",
        "position": {
          "$type": "DecorationMaster.V2, DecorationMaster",
          "x": 71.7206039,
          "y": 103.598946
        }
      },
      {
        "$type": "DecorationMaster.MyBehaviour.DefaultBehaviour+SharedItem, DecorationMaster",
        "size": 1.0,
        "angle": 90,
        "sceneName": "White_Palace_17",
        "pname": "HK_laser_turret",
        "position": {
          "$type": "DecorationMaster.V2, DecorationMaster",
          "x": 58.5676422,
          "y": 108.604073
        }
      },
      {
        "$type": "DecorationMaster.MyBehaviour.DefaultBehaviour+SharedItem, DecorationMaster",
        "size": 1.0,
        "angle": 90,
        "sceneName": "White_Palace_17",
        "pname": "HK_laser_turret",
        "position": {
          "$type": "DecorationMaster.V2, DecorationMaster",
          "x": 58.7362862,
          "y": 98.97071
        }
      },
      {
        "$type": "DecorationMaster.ItemDef+DefatulResizeItem, DecorationMaster",
        "size": 0.28,
        "angle": 90,
        "sceneName": "White_Palace_17",
        "pname": "edge",
        "position": {
          "$type": "DecorationMaster.V2, DecorationMaster",
          "x": 37.42554,
          "y": 97.85119
        }
      },
      {
        "$type": "DecorationMaster.ItemDef+DefaultItem, DecorationMaster",
        "sceneName": "White_Palace_17",
        "pname": "disable_hazard_spawn",
        "position": {
          "$type": "DecorationMaster.V2, DecorationMaster",
          "x": 108.819321,
          "y": 35.9799652
        }
      },
      {
        "$type": "DecorationMaster.ItemDef+DefatulResizeItem, DecorationMaster",
        "size": 2.0,
        "angle": 90,
        "sceneName": "White_Palace_17",
        "pname": "white_thorn",
        "position": {
          "$type": "DecorationMaster.V2, DecorationMaster",
          "x": 16.5302372,
          "y": 105.469727
        }
      },
      {
        "$type": "DecorationMaster.ItemDef+DefatulResizeItem, DecorationMaster",
        "size": 2.0,
        "angle": 270,
        "sceneName": "White_Palace_17",
        "pname": "white_thorn",
        "position": {
          "$type": "DecorationMaster.V2, DecorationMaster",
          "x": 18.7894936,
          "y": 105.443893
        }
      },
      {
        "$type": "DecorationMaster.ItemDef+DefaultItem, DecorationMaster",
        "sceneName": "White_Palace_17",
        "pname": "IMG_RespawnPoint",
        "position": {
          "$type": "DecorationMaster.V2, DecorationMaster",
          "x": 103.573387,
          "y": 34.3753
        }
      }
    ]
  }
}