{
  "$type": "DecorationMaster.ItemSettings, DecorationMaster",
  "scene_name": "White_Palace_07",
  "mod_version": 0.4,
  "items": {
    "$type": "System.Collections.Generic.List`1[[DecorationMaster.Item, DecorationMaster]], mscorlib",
    "$values": [
      {
        "$type": "DecorationMaster.ItemDef+SawItem, DecorationMaster",
        "span": 3,
        "speed": 0,
        "pitch": 1.0,
        "volume": 1.0,
        "Center": {
          "$type": "DecorationMaster.V2, DecorationMaster",
          "x": 44.8767967,
          "y": 1.95624971
        },
        "offset": 0,
        "size": 1.0,
        "angle": 0,
        "sceneName": "White_Palace_07",
        "pname": "HK_saw",
        "position": {
          "$type": "DecorationMaster.V2, DecorationMaster",
          "x": 44.8767967,
          "y": 1.95624971
        }
      },
      {
        "$type": "DecorationMaster.ItemDef+SawItem, DecorationMaster",
        "span": 3,
        "speed": 0,
        "pitch": 1.0,
        "volume": 1.0,
        "Center": {
          "$type": "DecorationMaster.V2, DecorationMaster",
          "x": 52.4423523,
          "y": 9.427715
        },
        "offset": 0,
        "size": 1.0,
        "angle": 0,
        "sceneName": "White_Palace_07",
        "pname": "HK_saw",
        "position": {
          "$type": "DecorationMaster.V2, DecorationMaster",
          "x": 52.4423523,
          "y": 9.427715
        }
      },
      {
        "$type": "DecorationMaster.ItemDef+SawItem, DecorationMaster",
        "span": 3,
        "speed": 0,
        "pitch": 1.0,
        "volume": 1.0,
        "Center": {
          "$type": "DecorationMaster.V2, DecorationMaster",
          "x": 47.83436,
          "y": 6.75964928
        },
        "offset": 0,
        "size": 1.0,
        "angle": 0,
        "sceneName": "White_Palace_07",
        "pname": "HK_saw",
        "position": {
          "$type": "DecorationMaster.V2, DecorationMaster",
          "x": 47.83436,
          "y": 6.75964928
        }
      },
      {
        "$type": "DecorationMaster.MyBehaviour.DefaultBehaviour+SharedItem, DecorationMaster",
        "size": 0.85486573,
        "angle": 0,
        "sceneName": "White_Palace_07",
        "pname": "HK_infinte_soul",
        "position": {
          "$type": "DecorationMaster.V2, DecorationMaster",
          "x": 55.4422836,
          "y": 5.17594147
        }
      },
      {
        "$type": "DecorationMaster.ItemDef+DefaultItem, DecorationMaster",
        "sceneName": "White_Palace_07",
        "pname": "binoculars",
        "position": {
          "$type": "DecorationMaster.V2, DecorationMaster",
          "x": 47.96355,
          "y": 3.35097313
        }
      },
      {
        "$type": "DecorationMaster.ItemDef+SawItem, DecorationMaster",
        "span": 3,
        "speed": 0,
        "pitch": 1.0,
        "volume": 1.0,
        "Center": {
          "$type": "DecorationMaster.V2, DecorationMaster",
          "x": 57.119072,
          "y": 18.4085655
        },
        "offset": 0,
        "size": 1.0,
        "angle": 0,
        "sceneName": "White_Palace_07",
        "pname": "HK_saw",
        "position": {
          "$type": "DecorationMaster.V2, DecorationMaster",
          "x": 57.119072,
          "y": 18.4085655
        }
      },
      {
        "$type": "DecorationMaster.ItemDef+SawItem, DecorationMaster",
        "span": 3,
        "speed": 0,
        "pitch": 1.0,
        "volume": 1.0,
        "Center": {
          "$type": "DecorationMaster.V2, DecorationMaster",
          "x": 57.8791771,
          "y": 14.1644011
        },
        "offset": 0,
        "size": 1.0,
        "angle": 0,
        "sceneName": "White_Palace_07",
        "pname": "HK_saw",
        "position": {
          "$type": "DecorationMaster.V2, DecorationMaster",
          "x": 57.8791771,
          "y": 14.1644011
        }
      },
      {
        "$type": "DecorationMaster.ItemDef+SawItem, DecorationMaster",
        "span": 3,
        "speed": 0,
        "pitch": 1.0,
        "volume": 1.0,
        "Center": {
          "$type": "DecorationMaster.V2, DecorationMaster",
          "x": 58.397377,
          "y": 10.3405018
        },
        "offset": 0,
        "size": 1.0,
        "angle": 0,
        "sceneName": "White_Palace_07",
        "pname": "HK_saw",
        "position": {
          "$type": "DecorationMaster.V2, DecorationMaster",
          "x": 58.397377,
          "y": 10.3405018
        }
      },
      {
        "$type": "DecorationMaster.ItemDef+SawItem, DecorationMaster",
        "span": 3,
        "speed": 0,
        "pitch": 1.0,
        "volume": 1.0,
        "Center": {
          "$type": "DecorationMaster.V2, DecorationMaster",
          "x": 48.807354,
          "y": 16.8177586
        },
        "offset": 0,
        "size": 1.239094,
        "angle": 0,
        "sceneName": "White_Palace_07",
        "pname": "HK_saw",
        "position": {
          "$type": "DecorationMaster.V2, DecorationMaster",
          "x": 48.807354,
          "y": 16.8177586
        }
      },
      {
        "$type": "DecorationMaster.ItemDef+SawItem, DecorationMaster",
        "span": 3,
        "speed": 0,
        "pitch": 1.0,
        "volume": 1.0,
        "Center": {
          "$type": "DecorationMaster.V2, DecorationMaster",
          "x": 42.99925,
          "y": 30.3514042
        },
        "offset": 0,
        "size": 1.0,
        "angle": 0,
        "sceneName": "White_Palace_07",
        "pname": "HK_saw",
        "position": {
          "$type": "DecorationMaster.V2, DecorationMaster",
          "x": 42.99925,
          "y": 30.3514042
        }
      },
      {
        "$type": "DecorationMaster.ItemDef+SawItem, DecorationMaster",
        "span": 3,
        "speed": 0,
        "pitch": 1.0,
        "volume": 1.0,
        "Center": {
          "$type": "DecorationMaster.V2, DecorationMaster",
          "x": 38.84512,
          "y": 27.6669331
        },
        "offset": 0,
        "size": 1.0,
        "angle": 0,
        "sceneName": "White_Palace_07",
        "pname": "HK_saw",
        "position": {
          "$type": "DecorationMaster.V2, DecorationMaster",
          "x": 38.84512,
          "y": 27.6669331
        }
      },
      {
        "$type": "DecorationMaster.ItemDef+DefatulResizeItem, DecorationMaster",
        "size": 1.0,
        "angle": 0,
        "sceneName": "White_Palace_07",
        "pname": "HK_shadow_gate",
        "position": {
          "$type": "DecorationMaster.V2, DecorationMaster",
          "x": 33.30737,
          "y": 13.3140469
        }
      },
      {
        "$type": "DecorationMaster.ItemDef+SawItem, DecorationMaster",
        "span": 3,
        "speed": 0,
        "pitch": 1.0,
        "volume": 1.0,
        "Center": {
          "$type": "DecorationMaster.V2, DecorationMaster",
          "x": 22.82552,
          "y": 16.7817974
        },
        "offset": 0,
        "size": 1.0,
        "angle": 0,
        "sceneName": "White_Palace_07",
        "pname": "HK_saw",
        "position": {
          "$type": "DecorationMaster.V2, DecorationMaster",
          "x": 22.82552,
          "y": 16.7817974
        }
      },
      {
        "$type": "DecorationMaster.ItemDef+SawItem, DecorationMaster",
        "span": 3,
        "speed": 0,
        "pitch": 1.0,
        "volume": 1.0,
        "Center": {
          "$type": "DecorationMaster.V2, DecorationMaster",
          "x": 24.2839813,
          "y": 12.4851179
        },
        "offset": 0,
        "size": 1.0,
        "angle": 0,
        "sceneName": "White_Palace_07",
        "pname": "HK_saw",
        "position": {
          "$type": "DecorationMaster.V2, DecorationMaster",
          "x": 24.2839813,
          "y": 12.4851179
        }
      },
      {
        "$type": "DecorationMaster.ItemDef+SawItem, DecorationMaster",
        "span": 3,
        "speed": 0,
        "pitch": 1.0,
        "volume": 1.0,
        "Center": {
          "$type": "DecorationMaster.V2, DecorationMaster",
          "x": 27.9348087,
          "y": 9.590253
        },
        "offset": 0,
        "size": 1.0,
        "angle": 0,
        "sceneName": "White_Palace_07",
        "pname": "HK_saw",
        "position": {
          "$type": "DecorationMaster.V2, DecorationMaster",
          "x": 27.9348087,
          "y": 9.590253
        }
      },
      {
        "$type": "DecorationMaster.ItemDef+SawItem, DecorationMaster",
        "span": 3,
        "speed": 0,
        "pitch": 1.0,
        "volume": 1.0,
        "Center": {
          "$type": "DecorationMaster.V2, DecorationMaster",
          "x": 32.48252,
          "y": 9.254825
        },
        "offset": 0,
        "size": 1.0,
        "angle": 0,
        "sceneName": "White_Palace_07",
        "pname": "HK_saw",
        "position": {
          "$type": "DecorationMaster.V2, DecorationMaster",
          "x": 32.48252,
          "y": 9.254825
        }
      },
      {
        "$type": "DecorationMaster.MyBehaviour.DefaultBehaviour+SharedItem, DecorationMaster",
        "size": 1.88087261,
        "angle": 270,
        "sceneName": "White_Palace_07",
        "pname": "HK_infinte_soul",
        "position": {
          "$type": "DecorationMaster.V2, DecorationMaster",
          "x": 25.1720467,
          "y": 22.0199184
        }
      },
      {
        "$type": "DecorationMaster.ItemDef+SawItem, DecorationMaster",
        "span": 3,
        "speed": 0,
        "pitch": 1.0,
        "volume": 1.0,
        "Center": {
          "$type": "DecorationMaster.V2, DecorationMaster",
          "x": 25.4741917,
          "y": 33.174366
        },
        "offset": 0,
        "size": 1.0,
        "angle": 0,
        "sceneName": "White_Palace_07",
        "pname": "HK_saw",
        "position": {
          "$type": "DecorationMaster.V2, DecorationMaster",
          "x": 25.4741917,
          "y": 33.174366
        }
      },
      {
        "$type": "DecorationMaster.ItemDef+SawItem, DecorationMaster",
        "span": 3,
        "speed": 0,
        "pitch": 1.0,
        "volume": 1.0,
        "Center": {
          "$type": "DecorationMaster.V2, DecorationMaster",
          "x": 24.8382759,
          "y": 37.8138962
        },
        "offset": 0,
        "size": 1.0,
        "angle": 0,
        "sceneName": "White_Palace_07",
        "pname": "HK_saw",
        "position": {
          "$type": "DecorationMaster.V2, DecorationMaster",
          "x": 24.8382759,
          "y": 37.8138962
        }
      },
      {
        "$type": "DecorationMaster.ItemDef+SawItem, DecorationMaster",
        "span": 3,
        "speed": 0,
        "pitch": 1.0,
        "volume": 1.0,
        "Center": {
          "$type": "DecorationMaster.V2, DecorationMaster",
          "x": 28.57528,
          "y": 40.58641
        },
        "offset": 0,
        "size": 1.0,
        "angle": 0,
        "sceneName": "White_Palace_07",
        "pname": "HK_saw",
        "position": {
          "$type": "DecorationMaster.V2, DecorationMaster",
          "x": 28.57528,
          "y": 40.58641
        }
      },
      {
        "$type": "DecorationMaster.ItemDef+SawItem, DecorationMaster",
        "span": 3,
        "speed": 0,
        "pitch": 1.0,
        "volume": 1.0,
        "Center": {
          "$type": "DecorationMaster.V2, DecorationMaster",
          "x": 32.8003159,
          "y": 37.76978
        },
        "offset": 0,
        "size": 1.0,
        "angle": 0,
        "sceneName": "White_Palace_07",
        "pname": "HK_saw",
        "position": {
          "$type": "DecorationMaster.V2, DecorationMaster",
          "x": 32.8003159,
          "y": 37.76978
        }
      },
      {
        "$type": "DecorationMaster.ItemDef+SawItem, DecorationMaster",
        "span": 3,
        "speed": 0,
        "pitch": 1.0,
        "volume": 1.0,
        "Center": {
          "$type": "DecorationMaster.V2, DecorationMaster",
          "x": 33.5494766,
          "y": 33.175766
        },
        "offset": 0,
        "size": 1.0,
        "angle": 0,
        "sceneName": "White_Palace_07",
        "pname": "HK_saw",
        "position": {
          "$type": "DecorationMaster.V2, DecorationMaster",
          "x": 33.5494766,
          "y": 33.175766
        }
      },
      {
        "$type": "DecorationMaster.ItemDef+SawItem, DecorationMaster",
        "span": 3,
        "speed": 0,
        "pitch": 1.0,
        "volume": 1.0,
        "Center": {
          "$type": "DecorationMaster.V2, DecorationMaster",
          "x": 34.4914,
          "y": 29.2615356
        },
        "offset": 0,
        "size": 1.0,
        "angle": 0,
        "sceneName": "White_Palace_07",
        "pname": "HK_saw",
        "position": {
          "$type": "DecorationMaster.V2, DecorationMaster",
          "x": 34.4914,
          "y": 29.2615356
        }
      },
      {
        "$type": "DecorationMaster.ItemDef+SawItem, DecorationMaster",
        "span": 3,
        "speed": 0,
        "pitch": 1.0,
        "volume": 1.0,
        "Center": {
          "$type": "DecorationMaster.V2, DecorationMaster",
          "x": 14.6031322,
          "y": 39.6184044
        },
        "offset": 0,
        "size": 1.0,
        "angle": 0,
        "sceneName": "White_Palace_07",
        "pname": "HK_saw",
        "position": {
          "$type": "DecorationMaster.V2, DecorationMaster",
          "x": 14.6031322,
          "y": 39.6184044
        }
      },
      {
        "$type": "DecorationMaster.ItemDef+SawItem, DecorationMaster",
        "span": 3,
        "speed": 0,
        "pitch": 1.0,
        "volume": 1.0,
        "Center": {
          "$type": "DecorationMaster.V2, DecorationMaster",
          "x": 20.094326,
          "y": 48.4851837
        },
        "offset": 0,
        "size": 1.52181208,
        "angle": 0,
        "sceneName": "White_Palace_07",
        "pname": "HK_saw",
        "position": {
          "$type": "DecorationMaster.V2, DecorationMaster",
          "x": 20.094326,
          "y": 48.4851837
        }
      },
      {
        "$type": "DecorationMaster.ItemDef+SawItem, DecorationMaster",
        "span": 3,
        "speed": 0,
        "pitch": 1.0,
        "volume": 1.0,
        "Center": {
          "$type": "DecorationMaster.V2, DecorationMaster",
          "x": 14.5781364,
          "y": 56.84943
        },
        "offset": 0,
        "size": 1.0,
        "angle": 0,
        "sceneName": "White_Palace_07",
        "pname": "HK_saw",
        "position": {
          "$type": "DecorationMaster.V2, DecorationMaster",
          "x": 14.5781364,
          "y": 56.84943
        }
      },
      {
        "$type": "DecorationMaster.ItemDef+LeverGateItem, DecorationMaster",
        "Number": 1,
        "size": 2.0,
        "angle": 90,
        "sceneName": "White_Palace_07",
        "pname": "HK_gate",
        "position": {
          "$type": "DecorationMaster.V2, DecorationMaster",
          "x": 18.62536,
          "y": 66.06984
        }
      },
      {
        "$type": "DecorationMaster.ItemDef+SawItem, DecorationMaster",
        "span": 3,
        "speed": 0,
        "pitch": 1.0,
        "volume": 1.0,
        "Center": {
          "$type": "DecorationMaster.V2, DecorationMaster",
          "x": 42.0069656,
          "y": 24.413044
        },
        "offset": 0,
        "size": 1.0,
        "angle": 0,
        "sceneName": "White_Palace_07",
        "pname": "HK_saw",
        "position": {
          "$type": "DecorationMaster.V2, DecorationMaster",
          "x": 42.0069656,
          "y": 24.413044
        }
      },
      {
        "$type": "DecorationMaster.ItemDef+SawItem, DecorationMaster",
        "span": 3,
        "speed": 0,
        "pitch": 1.0,
        "volume": 1.0,
        "Center": {
          "$type": "DecorationMaster.V2, DecorationMaster",
          "x": 41.0887,
          "y": 14.2676258
        },
        "offset": 0,
        "size": 1.0,
        "angle": 0,
        "sceneName": "White_Palace_07",
        "pname": "HK_saw",
        "position": {
          "$type": "DecorationMaster.V2, DecorationMaster",
          "x": 41.0887,
          "y": 14.2676258
        }
      },
      {
        "$type": "DecorationMaster.MyBehaviour.DefaultBehaviour+SharedItem, DecorationMaster",
        "size": 0.804530144,
        "angle": 0,
        "sceneName": "White_Palace_07",
        "pname": "HK_infinte_soul",
        "position": {
          "$type": "DecorationMaster.V2, DecorationMaster",
          "x": 21.984621,
          "y": 59.03202
        }
      },
      {
        "$type": "DecorationMaster.ItemDef+SawItem, DecorationMaster",
        "span": 3,
        "speed": 0,
        "pitch": 1.0,
        "volume": 1.0,
        "Center": {
          "$type": "DecorationMaster.V2, DecorationMaster",
          "x": 28.2674255,
          "y": 61.70359
        },
        "offset": 0,
        "size": 1.53439593,
        "angle": 0,
        "sceneName": "White_Palace_07",
        "pname": "HK_saw",
        "position": {
          "$type": "DecorationMaster.V2, DecorationMaster",
          "x": 28.2674255,
          "y": 61.70359
        }
      },
      {
        "$type": "DecorationMaster.ItemDef+SawItem, DecorationMaster",
        "span": 5,
        "speed": 3,
        "pitch": 1.0,
        "volume": 1.0,
        "Center": {
          "$type": "DecorationMaster.V2, DecorationMaster",
          "x": 31.4509926,
          "y": 51.27187
        },
        "offset": 0,
        "size": 1.22651017,
        "angle": 0,
        "sceneName": "White_Palace_07",
        "pname": "HK_saw",
        "position": {
          "$type": "DecorationMaster.V2, DecorationMaster",
          "x": 31.4509926,
          "y": 51.27187
        }
      },
      {
        "$type": "DecorationMaster.ItemDef+SawItem, DecorationMaster",
        "span": 3,
        "speed": 0,
        "pitch": 1.0,
        "volume": 1.0,
        "Center": {
          "$type": "DecorationMaster.V2, DecorationMaster",
          "x": 23.76435,
          "y": 47.4478569
        },
        "offset": 0,
        "size": 1.0,
        "angle": 0,
        "sceneName": "White_Palace_07",
        "pname": "HK_saw",
        "position": {
          "$type": "DecorationMaster.V2, DecorationMaster",
          "x": 23.76435,
          "y": 47.4478569
        }
      },
      {
        "$type": "DecorationMaster.ItemDef+SawItem, DecorationMaster",
        "span": 3,
        "speed": 0,
        "pitch": 1.0,
        "volume": 1.0,
        "Center": {
          "$type": "DecorationMaster.V2, DecorationMaster",
          "x": 33.9428062,
          "y": 46.5770836
        },
        "offset": 0,
        "size": 1.0,
        "angle": 0,
        "sceneName": "White_Palace_07",
        "pname": "HK_saw",
        "position": {
          "$type": "DecorationMaster.V2, DecorationMaster",
          "x": 33.9428062,
          "y": 46.5770836
        }
      },
      {
        "$type": "DecorationMaster.ItemDef+SawItem, DecorationMaster",
        "span": 3,
        "speed": 0,
        "pitch": 1.0,
        "volume": 1.0,
        "Center": {
          "$type": "DecorationMaster.V2, DecorationMaster",
          "x": 39.056797,
          "y": 46.63707
        },
        "offset": 0,
        "size": 1.0,
        "angle": 0,
        "sceneName": "White_Palace_07",
        "pname": "HK_saw",
        "position": {
          "$type": "DecorationMaster.V2, DecorationMaster",
          "x": 39.056797,
          "y": 46.63707
        }
      },
      {
        "$type": "DecorationMaster.ItemDef+SawItem, DecorationMaster",
        "span": 3,
        "speed": 0,
        "pitch": 1.0,
        "volume": 1.0,
        "Center": {
          "$type": "DecorationMaster.V2, DecorationMaster",
          "x": 40.7442436,
          "y": 34.6527672
        },
        "offset": 0,
        "size": 1.0,
        "angle": 0,
        "sceneName": "White_Palace_07",
        "pname": "HK_saw",
        "position": {
          "$type": "DecorationMaster.V2, DecorationMaster",
          "x": 40.7442436,
          "y": 34.6527672
        }
      },
      {
        "$type": "DecorationMaster.ItemDef+SawItem, DecorationMaster",
        "span": 3,
        "speed": 0,
        "pitch": 1.0,
        "volume": 1.0,
        "Center": {
          "$type": "DecorationMaster.V2, DecorationMaster",
          "x": 46.1450539,
          "y": 38.59699
        },
        "offset": 0,
        "size": 1.0,
        "angle": 0,
        "sceneName": "White_Palace_07",
        "pname": "HK_saw",
        "position": {
          "$type": "DecorationMaster.V2, DecorationMaster",
          "x": 46.1450539,
          "y": 38.59699
        }
      },
      {
        "$type": "DecorationMaster.ItemDef+SawItem, DecorationMaster",
        "span": 3,
        "speed": 0,
        "pitch": 1.0,
        "volume": 1.0,
        "Center": {
          "$type": "DecorationMaster.V2, DecorationMaster",
          "x": 47.0841331,
          "y": 51.0669
        },
        "offset": 0,
        "size": 1.28942966,
        "angle": 0,
        "sceneName": "White_Palace_07",
        "pname": "HK_saw",
        "position": {
          "$type": "DecorationMaster.V2, DecorationMaster",
          "x": 47.0841331,
          "y": 51.0669
        }
      },
      {
        "$type": "DecorationMaster.ItemDef+SawItem, DecorationMaster",
        "span": 3,
        "speed": 0,
        "pitch": 1.0,
        "volume": 1.0,
        "Center": {
          "$type": "DecorationMaster.V2, DecorationMaster",
          "x": 38.1990967,
          "y": 53.987
        },
        "offset": 0,
        "size": 1.0,
        "angle": 0,
        "sceneName": "White_Palace_07",
        "pname": "HK_saw",
        "position": {
          "$type": "DecorationMaster.V2, DecorationMaster",
          "x": 38.1990967,
          "y": 53.987
        }
      },
      {
        "$type": "DecorationMaster.ItemDef+SawItem, DecorationMaster",
        "span": 3,
        "speed": 0,
        "pitch": 1.0,
        "volume": 1.0,
        "Center": {
          "$type": "DecorationMaster.V2, DecorationMaster",
          "x": 46.4628944,
          "y": 60.98589
        },
        "offset": 0,
        "size": 1.0,
        "angle": 0,
        "sceneName": "White_Palace_07",
        "pname": "HK_saw",
        "position": {
          "$type": "DecorationMaster.V2, DecorationMaster",
          "x": 46.4628944,
          "y": 60.98589
        }
      },
      {
        "$type": "DecorationMaster.ItemDef+SawItem, DecorationMaster",
        "span": 3,
        "speed": 0,
        "pitch": 1.0,
        "volume": 1.0,
        "Center": {
          "$type": "DecorationMaster.V2, DecorationMaster",
          "x": 46.38024,
          "y": 56.23182
        },
        "offset": 0,
        "size": 1.0,
        "angle": 0,
        "sceneName": "White_Palace_07",
        "pname": "HK_saw",
        "position": {
          "$type": "DecorationMaster.V2, DecorationMaster",
          "x": 46.38024,
          "y": 56.23182
        }
      },
      {
        "$type": "DecorationMaster.ItemDef+SawItem, DecorationMaster",
        "span": 3,
        "speed": 0,
        "pitch": 1.0,
        "volume": 1.0,
        "Center": {
          "$type": "DecorationMaster.V2, DecorationMaster",
          "x": 40.3405342,
          "y": 64.93546
        },
        "offset": 0,
        "size": 1.0,
        "angle": 0,
        "sceneName": "White_Palace_07",
        "pname": "HK_saw",
        "position": {
          "$type": "DecorationMaster.V2, DecorationMaster",
          "x": 40.3405342,
          "y": 64.93546
        }
      },
      {
        "$type": "DecorationMaster.MyBehaviour.DefaultBehaviour+SharedItem, DecorationMaster",
        "size": 1.0,
        "angle": 0,
        "sceneName": "White_Palace_07",
        "pname": "HK_infinte_soul",
        "position": {
          "$type": "DecorationMaster.V2, DecorationMaster",
          "x": 32.8786736,
          "y": 70.74555
        }
      },
      {
        "$type": "DecorationMaster.ItemDef+LeverGateItem, DecorationMaster",
        "Number": 1,
        "size": 1.0,
        "angle": 0,
        "sceneName": "White_Palace_07",
        "pname": "HK_lever",
        "position": {
          "$type": "DecorationMaster.V2, DecorationMaster",
          "x": 27.5696545,
          "y": 68.184
        }
      },
      {
        "$type": "DecorationMaster.ItemDef+DefaultItem, DecorationMaster",
        "sceneName": "White_Palace_07",
        "pname": "binoculars",
        "position": {
          "$type": "DecorationMaster.V2, DecorationMaster",
          "x": 30.4645481,
          "y": 68.09462
        }
      },
      {
        "$type": "DecorationMaster.MyBehaviour.Bench+BenchItem, DecorationMaster",
        "bench_name": "D_bench1_1634852157",
        "sceneName": "White_Palace_07",
        "pname": "HK_bench",
        "position": {
          "$type": "DecorationMaster.V2, DecorationMaster",
          "x": 39.26137,
          "y": 67.71089
        }
      },
      {
        "$type": "DecorationMaster.ItemDef+DefatulResizeItem, DecorationMaster",
        "size": 2.0,
        "angle": 270,
        "sceneName": "White_Palace_07",
        "pname": "white_thorn",
        "position": {
          "$type": "DecorationMaster.V2, DecorationMaster",
          "x": 52.01667,
          "y": 57.8375626
        }
      },
      {
        "$type": "DecorationMaster.ItemDef+DefatulResizeItem, DecorationMaster",
        "size": 2.0,
        "angle": 270,
        "sceneName": "White_Palace_07",
        "pname": "white_thorn",
        "position": {
          "$type": "DecorationMaster.V2, DecorationMaster",
          "x": 51.91919,
          "y": 48.1672249
        }
      },
      {
        "$type": "DecorationMaster.ItemDef+DefatulResizeItem, DecorationMaster",
        "size": 2.0,
        "angle": 270,
        "sceneName": "White_Palace_07",
        "pname": "white_thorn",
        "position": {
          "$type": "DecorationMaster.V2, DecorationMaster",
          "x": 51.6946373,
          "y": 38.6712341
        }
      },
      {
        "$type": "DecorationMaster.ItemDef+DefatulResizeItem, DecorationMaster",
        "size": 0.477348924,
        "angle": 270,
        "sceneName": "White_Palace_07",
        "pname": "white_thorn",
        "position": {
          "$type": "DecorationMaster.V2, DecorationMaster",
          "x": 51.1108551,
          "y": 32.90138
        }
      },
      {
        "$type": "DecorationMaster.ItemDef+DefatulResizeItem, DecorationMaster",
        "size": 2.0,
        "angle": 270,
        "sceneName": "White_Palace_07",
        "pname": "white_thorn",
        "position": {
          "$type": "DecorationMaster.V2, DecorationMaster",
          "x": 65.5878448,
          "y": 20.8553829
        }
      },
      {
        "$type": "DecorationMaster.ItemDef+DefatulResizeItem, DecorationMaster",
        "size": 0.276006639,
        "angle": 0,
        "sceneName": "White_Palace_07",
        "pname": "white_thorn",
        "position": {
          "$type": "DecorationMaster.V2, DecorationMaster",
          "x": 55.3843346,
          "y": 64.25502
        }
      },
      {
        "$type": "DecorationMaster.ItemDef+DefatulResizeItem, DecorationMaster",
        "size": 0.270134181,
        "angle": 0,
        "sceneName": "White_Palace_07",
        "pname": "white_thorn",
        "position": {
          "$type": "DecorationMaster.V2, DecorationMaster",
          "x": 71.36036,
          "y": 58.1611023
        }
      },
      {
        "$type": "DecorationMaster.ItemDef+DefatulResizeItem, DecorationMaster",
        "size": 2.0,
        "angle": 90,
        "sceneName": "White_Palace_07",
        "pname": "white_thorn",
        "position": {
          "$type": "DecorationMaster.V2, DecorationMaster",
          "x": 78.15923,
          "y": 58.4042931
        }
      },
      {
        "$type": "DecorationMaster.ItemDef+DefatulResizeItem, DecorationMaster",
        "size": 2.0,
        "angle": 90,
        "sceneName": "White_Palace_07",
        "pname": "white_thorn",
        "position": {
          "$type": "DecorationMaster.V2, DecorationMaster",
          "x": 78.17497,
          "y": 66.7822952
        }
      },
      {
        "$type": "DecorationMaster.ItemDef+DefatulResizeItem, DecorationMaster",
        "size": 0.389261663,
        "angle": 0,
        "sceneName": "White_Palace_07",
        "pname": "white_thorn",
        "position": {
          "$type": "DecorationMaster.V2, DecorationMaster",
          "x": 87.021904,
          "y": 48.3000946
        }
      },
      {
        "$type": "DecorationMaster.ItemDef+DefatulResizeItem, DecorationMaster",
        "size": 2.0,
        "angle": 0,
        "sceneName": "White_Palace_07",
        "pname": "white_thorn",
        "position": {
          "$type": "DecorationMaster.V2, DecorationMaster",
          "x": 92.270256,
          "y": 60.70433
        }
      },
      {
        "$type": "DecorationMaster.ItemDef+DefatulResizeItem, DecorationMaster",
        "size": 2.0,
        "angle": 180,
        "sceneName": "White_Palace_07",
        "pname": "white_thorn",
        "position": {
          "$type": "DecorationMaster.V2, DecorationMaster",
          "x": 92.23825,
          "y": 58.16983
        }
      },
      {
        "$type": "DecorationMaster.ItemDef+DefatulResizeItem, DecorationMaster",
        "size": 2.0,
        "angle": 217,
        "sceneName": "White_Palace_07",
        "pname": "white_thorn",
        "position": {
          "$type": "DecorationMaster.V2, DecorationMaster",
          "x": 87.7300949,
          "y": 64.2298355
        }
      },
      {
        "$type": "DecorationMaster.ItemDef+DefatulResizeItem, DecorationMaster",
        "size": 1.0,
        "angle": 90,
        "sceneName": "White_Palace_07",
        "pname": "white_spike",
        "position": {
          "$type": "DecorationMaster.V2, DecorationMaster",
          "x": 96.33642,
          "y": 54.4423
        }
      },
      {
        "$type": "DecorationMaster.ItemDef+DefatulResizeItem, DecorationMaster",
        "size": 1.39597309,
        "angle": 270,
        "sceneName": "White_Palace_07",
        "pname": "white_thorn",
        "position": {
          "$type": "DecorationMaster.V2, DecorationMaster",
          "x": 111.133362,
          "y": 66.40427
        }
      },
      {
        "$type": "DecorationMaster.MyBehaviour.DefaultBehaviour+SharedItem, DecorationMaster",
        "size": 0.8422818,
        "angle": 0,
        "sceneName": "White_Palace_07",
        "pname": "HK_infinte_soul",
        "position": {
          "$type": "DecorationMaster.V2, DecorationMaster",
          "x": 99.01137,
          "y": 63.1567
        }
      },
      {
        "$type": "DecorationMaster.ItemDef+DefaultItem, DecorationMaster",
        "sceneName": "White_Palace_07",
        "pname": "binoculars",
        "position": {
          "$type": "DecorationMaster.V2, DecorationMaster",
          "x": 99.00436,
          "y": 66.1711044
        }
      },
      {
        "$type": "DecorationMaster.ItemDef+DefatulResizeItem, DecorationMaster",
        "size": 2.0,
        "angle": 191,
        "sceneName": "White_Palace_07",
        "pname": "white_thorn",
        "position": {
          "$type": "DecorationMaster.V2, DecorationMaster",
          "x": 99.3167343,
          "y": 70.43137
        }
      },
      {
        "$type": "DecorationMaster.ItemDef+DefatulResizeItem, DecorationMaster",
        "size": 1.0,
        "angle": 0,
        "sceneName": "White_Palace_07",
        "pname": "white_thorn",
        "position": {
          "$type": "DecorationMaster.V2, DecorationMaster",
          "x": 103.746918,
          "y": 59.8346443
        }
      },
      {
        "$type": "DecorationMaster.ItemDef+DefatulResizeItem, DecorationMaster",
        "size": 0.427013338,
        "angle": 0,
        "sceneName": "White_Palace_07",
        "pname": "white_thorn",
        "position": {
          "$type": "DecorationMaster.V2, DecorationMaster",
          "x": 109.954094,
          "y": 70.31551
        }
      },
      {
        "$type": "DecorationMaster.ItemDef+DefatulResizeItem, DecorationMaster",
        "size": 1.0,
        "angle": 270,
        "sceneName": "White_Palace_07",
        "pname": "white_thorn",
        "position": {
          "$type": "DecorationMaster.V2, DecorationMaster",
          "x": 104.207008,
          "y": 75.3690643
        }
      },
      {
        "$type": "DecorationMaster.MyBehaviour.DefaultBehaviour+SharedItem, DecorationMaster",
        "size": 1.51593971,
        "angle": 0,
        "sceneName": "White_Palace_07",
        "pname": "HK_infinte_soul",
        "position": {
          "$type": "DecorationMaster.V2, DecorationMaster",
          "x": 91.40666,
          "y": 83.74888
        }
      },
      {
        "$type": "DecorationMaster.ItemDef+DefaultItem, DecorationMaster",
        "sceneName": "White_Palace_07",
        "pname": "binoculars",
        "position": {
          "$type": "DecorationMaster.V2, DecorationMaster",
          "x": 86.53657,
          "y": 80.05128
        }
      },
      {
        "$type": "DecorationMaster.ItemDef+DefaultItem, DecorationMaster",
        "sceneName": "White_Palace_07",
        "pname": "binoculars",
        "position": {
          "$type": "DecorationMaster.V2, DecorationMaster",
          "x": 90.79541,
          "y": 89.37421
        }
      },
      {
        "$type": "DecorationMaster.MyBehaviour.Bench+BenchItem, DecorationMaster",
        "bench_name": "D_bench1_1634856718",
        "sceneName": "White_Palace_07",
        "pname": "HK_bench",
        "position": {
          "$type": "DecorationMaster.V2, DecorationMaster",
          "x": 95.8278656,
          "y": 78.72285
        }
      },
      {
        "$type": "DecorationMaster.MyBehaviour.Bench+BenchItem, DecorationMaster",
        "bench_name": "D_bench1_1634856723",
        "sceneName": "White_Palace_07",
        "pname": "HK_bench",
        "position": {
          "$type": "DecorationMaster.V2, DecorationMaster",
          "x": 101.725868,
          "y": 78.78132
        }
      },
      {
        "$type": "DecorationMaster.MyBehaviour.Bench+BenchItem, DecorationMaster",
        "bench_name": "D_bench1_1634856725",
        "sceneName": "White_Palace_07",
        "pname": "HK_bench",
        "position": {
          "$type": "DecorationMaster.V2, DecorationMaster",
          "x": 98.80355,
          "y": 78.728035
        }
      },
      {
        "$type": "DecorationMaster.ItemDef+SawItem, DecorationMaster",
        "span": 3,
        "speed": 3,
        "pitch": 1.0,
        "volume": 1.0,
        "Center": {
          "$type": "DecorationMaster.V2, DecorationMaster",
          "x": 68.57881,
          "y": 80.59275
        },
        "offset": 0,
        "size": 1.0,
        "angle": 90,
        "sceneName": "White_Palace_07",
        "pname": "HK_saw",
        "position": {
          "$type": "DecorationMaster.V2, DecorationMaster",
          "x": 68.57881,
          "y": 80.59275
        }
      },
      {
        "$type": "DecorationMaster.ItemDef+SawItem, DecorationMaster",
        "span": 3,
        "speed": 2,
        "pitch": 1.0,
        "volume": 1.0,
        "Center": {
          "$type": "DecorationMaster.V2, DecorationMaster",
          "x": 59.46985,
          "y": 83.68753
        },
        "offset": 0,
        "size": 1.0,
        "angle": 90,
        "sceneName": "White_Palace_07",
        "pname": "HK_saw",
        "position": {
          "$type": "DecorationMaster.V2, DecorationMaster",
          "x": 59.46985,
          "y": 83.68753
        }
      },
      {
        "$type": "DecorationMaster.ItemDef+SawItem, DecorationMaster",
        "span": 3,
        "speed": 2,
        "pitch": 1.0,
        "volume": 1.0,
        "Center": {
          "$type": "DecorationMaster.V2, DecorationMaster",
          "x": 55.365284,
          "y": 83.6341553
        },
        "offset": 5,
        "size": 1.0,
        "angle": 90,
        "sceneName": "White_Palace_07",
        "pname": "HK_saw",
        "position": {
          "$type": "DecorationMaster.V2, DecorationMaster",
          "x": 55.365284,
          "y": 83.6341553
        }
      },
      {
        "$type": "DecorationMaster.ItemDef+SawItem, DecorationMaster",
        "span": 3,
        "speed": 0,
        "pitch": 1.0,
        "volume": 1.0,
        "Center": {
          "$type": "DecorationMaster.V2, DecorationMaster",
          "x": 63.59006,
          "y": 97.68812
        },
        "offset": 0,
        "size": 1.0,
        "angle": 0,
        "sceneName": "White_Palace_07",
        "pname": "HK_saw",
        "position": {
          "$type": "DecorationMaster.V2, DecorationMaster",
          "x": 63.59006,
          "y": 97.68812
        }
      },
      {
        "$type": "DecorationMaster.ItemDef+SawItem, DecorationMaster",
        "span": 3,
        "speed": 0,
        "pitch": 1.0,
        "volume": 1.0,
        "Center": {
          "$type": "DecorationMaster.V2, DecorationMaster",
          "x": 63.5208549,
          "y": 102.150543
        },
        "offset": 0,
        "size": 1.0,
        "angle": 0,
        "sceneName": "White_Palace_07",
        "pname": "HK_saw",
        "position": {
          "$type": "DecorationMaster.V2, DecorationMaster",
          "x": 63.5208549,
          "y": 102.150543
        }
      },
      {
        "$type": "DecorationMaster.ItemDef+LeverGateItem, DecorationMaster",
        "Number": 2,
        "size": 1.0,
        "angle": 270,
        "sceneName": "White_Palace_07",
        "pname": "HK_lever",
        "position": {
          "$type": "DecorationMaster.V2, DecorationMaster",
          "x": 62.13085,
          "y": 105.64283
        }
      },
      {
        "$type": "DecorationMaster.ItemDef+SawItem, DecorationMaster",
        "span": 3,
        "speed": 2,
        "pitch": 1.0,
        "volume": 1.0,
        "Center": {
          "$type": "DecorationMaster.V2, DecorationMaster",
          "x": 66.27203,
          "y": 112.097816
        },
        "offset": 0,
        "size": 1.0,
        "angle": 0,
        "sceneName": "White_Palace_07",
        "pname": "HK_saw",
        "position": {
          "$type": "DecorationMaster.V2, DecorationMaster",
          "x": 66.27203,
          "y": 112.097816
        }
      },
      {
        "$type": "DecorationMaster.ItemDef+SawItem, DecorationMaster",
        "span": 3,
        "speed": 0,
        "pitch": 1.0,
        "volume": 1.0,
        "Center": {
          "$type": "DecorationMaster.V2, DecorationMaster",
          "x": 58.8305626,
          "y": 98.31488
        },
        "offset": 0,
        "size": 1.2139262,
        "angle": 0,
        "sceneName": "White_Palace_07",
        "pname": "HK_saw",
        "position": {
          "$type": "DecorationMaster.V2, DecorationMaster",
          "x": 58.8305626,
          "y": 98.31488
        }
      },
      {
        "$type": "DecorationMaster.ItemDef+SawItem, DecorationMaster",
        "span": 3,
        "speed": 0,
        "pitch": 1.0,
        "volume": 1.0,
        "Center": {
          "$type": "DecorationMaster.V2, DecorationMaster",
          "x": 54.2208977,
          "y": 96.6392441
        },
        "offset": 0,
        "size": 1.0629195,
        "angle": 0,
        "sceneName": "White_Palace_07",
        "pname": "HK_saw",
        "position": {
          "$type": "DecorationMaster.V2, DecorationMaster",
          "x": 54.2208977,
          "y": 96.6392441
        }
      },
      {
        "$type": "DecorationMaster.ItemDef+DefatulResizeItem, DecorationMaster",
        "size": 1.0,
        "angle": 90,
        "sceneName": "White_Palace_07",
        "pname": "white_thorn",
        "position": {
          "$type": "DecorationMaster.V2, DecorationMaster",
          "x": 47.0421066,
          "y": 99.45228
        }
      },
      {
        "$type": "DecorationMaster.ItemDef+DefatulResizeItem, DecorationMaster",
        "size": 1.51593971,
        "angle": 90,
        "sceneName": "White_Palace_07",
        "pname": "white_thorn",
        "position": {
          "$type": "DecorationMaster.V2, DecorationMaster",
          "x": 54.542244,
          "y": 83.14179
        }
      },
      {
        "$type": "DecorationMaster.ItemDef+DefatulResizeItem, DecorationMaster",
        "size": 0.489932835,
        "angle": 180,
        "sceneName": "White_Palace_07",
        "pname": "white_thorn",
        "position": {
          "$type": "DecorationMaster.V2, DecorationMaster",
          "x": 42.9386177,
          "y": 81.74359
        }
      },
      {
        "$type": "DecorationMaster.ItemDef+LeverGateItem, DecorationMaster",
        "Number": 2,
        "size": 1.52852356,
        "angle": 90,
        "sceneName": "White_Palace_07",
        "pname": "HK_gate",
        "position": {
          "$type": "DecorationMaster.V2, DecorationMaster",
          "x": 44.0292053,
          "y": 101.571075
        }
      },
      {
        "$type": "DecorationMaster.ItemDef+DefatulResizeItem, DecorationMaster",
        "size": 0.489932835,
        "angle": 0,
        "sceneName": "White_Palace_07",
        "pname": "white_thorn",
        "position": {
          "$type": "DecorationMaster.V2, DecorationMaster",
          "x": 36.5269737,
          "y": 83.34948
        }
      },
      {
        "$type": "DecorationMaster.MyBehaviour.Bench+BenchItem, DecorationMaster",
        "bench_name": "D_bench1_1634857330",
        "sceneName": "White_Palace_07",
        "pname": "HK_bench",
        "position": {
          "$type": "DecorationMaster.V2, DecorationMaster",
          "x": 28.2877789,
          "y": 79.68449
        }
      },
      {
        "$type": "DecorationMaster.MyBehaviour.DefaultBehaviour+SharedItem, DecorationMaster",
        "size": 1.0,
        "angle": 0,
        "sceneName": "White_Palace_07",
        "pname": "HK_infinte_soul",
        "position": {
          "$type": "DecorationMaster.V2, DecorationMaster",
          "x": 24.86132,
          "y": 82.81887
        }
      },
      {
        "$type": "DecorationMaster.ItemDef+DefaultItem, DecorationMaster",
        "sceneName": "White_Palace_07",
        "pname": "binoculars",
        "position": {
          "$type": "DecorationMaster.V2, DecorationMaster",
          "x": 28.3116226,
          "y": 80.07442
        }
      },
      {
        "$type": "DecorationMaster.ItemDef+DefatulResizeItem, DecorationMaster",
        "size": 2.0,
        "angle": 270,
        "sceneName": "White_Palace_07",
        "pname": "white_thorn",
        "position": {
          "$type": "DecorationMaster.V2, DecorationMaster",
          "x": 15.4425192,
          "y": 86.7093658
        }
      },
      {
        "$type": "DecorationMaster.ItemDef+DefatulResizeItem, DecorationMaster",
        "size": 2.0,
        "angle": 270,
        "sceneName": "White_Palace_07",
        "pname": "white_thorn",
        "position": {
          "$type": "DecorationMaster.V2, DecorationMaster",
          "x": 15.320857,
          "y": 100.546707
        }
      },
      {
        "$type": "DecorationMaster.ItemDef+DefaultItem, DecorationMaster",
        "sceneName": "White_Palace_07",
        "pname": "disable_hazard_spawn",
        "position": {
          "$type": "DecorationMaster.V2, DecorationMaster",
          "x": 27.0479374,
          "y": 98.15696
        }
      },
      {
        "$type": "DecorationMaster.ItemDef+DefatulResizeItem, DecorationMaster",
        "size": 1.0,
        "angle": 0,
        "sceneName": "White_Palace_07",
        "pname": "white_thorn",
        "position": {
          "$type": "DecorationMaster.V2, DecorationMaster",
          "x": 26.8718,
          "y": 97.0652161
        }
      },
      {
        "$type": "DecorationMaster.ItemDef+DefatulResizeItem, DecorationMaster",
        "size": 1.0,
        "angle": 180,
        "sceneName": "White_Palace_07",
        "pname": "white_thorn",
        "position": {
          "$type": "DecorationMaster.V2, DecorationMaster",
          "x": 26.86149,
          "y": 95.80366
        }
      },
      {
        "$type": "DecorationMaster.ItemDef+DefaultItem, DecorationMaster",
        "sceneName": "White_Palace_07",
        "pname": "binoculars",
        "position": {
          "$type": "DecorationMaster.V2, DecorationMaster",
          "x": 40.96664,
          "y": 109.262405
        }
      },
      {
        "$type": "DecorationMaster.MyBehaviour.DefaultBehaviour+SharedItem, DecorationMaster",
        "size": 1.0,
        "angle": 0,
        "sceneName": "White_Palace_07",
        "pname": "HK_infinte_soul",
        "position": {
          "$type": "DecorationMaster.V2, DecorationMaster",
          "x": 37.839035,
          "y": 111.736046
        }
      },
      {
        "$type": "DecorationMaster.MyBehaviour.DelayResizableBehaviour+DelayResizeItem, DecorationMaster",
        "time_offset": 0.0,
        "size": 1.0,
        "angle": 0,
        "sceneName": "White_Palace_07",
        "pname": "HK_trap_spike",
        "position": {
          "$type": "DecorationMaster.V2, DecorationMaster",
          "x": 44.20324,
          "y": 115.516075
        }
      },
      {
        "$type": "DecorationMaster.MyBehaviour.DelayResizableBehaviour+DelayResizeItem, DecorationMaster",
        "time_offset": 0.5738254,
        "size": 1.0,
        "angle": 0,
        "sceneName": "White_Palace_07",
        "pname": "HK_trap_spike",
        "position": {
          "$type": "DecorationMaster.V2, DecorationMaster",
          "x": 46.3278732,
          "y": 115.537727
        }
      },
      {
        "$type": "DecorationMaster.ItemDef+DefatulResizeItem, DecorationMaster",
        "size": 0.276006639,
        "angle": 0,
        "sceneName": "White_Palace_07",
        "pname": "white_thorn",
        "position": {
          "$type": "DecorationMaster.V2, DecorationMaster",
          "x": 28.3023453,
          "y": 119.458206
        }
      },
      {
        "$type": "DecorationMaster.ItemDef+SawItem, DecorationMaster",
        "span": 3,
        "speed": 0,
        "pitch": 1.0,
        "volume": 1.0,
        "Center": {
          "$type": "DecorationMaster.V2, DecorationMaster",
          "x": 39.0503235,
          "y": 122.258965
        },
        "offset": 0,
        "size": 0.34563756,
        "angle": 0,
        "sceneName": "White_Palace_07",
        "pname": "HK_saw",
        "position": {
          "$type": "DecorationMaster.V2, DecorationMaster",
          "x": 39.0503235,
          "y": 122.258965
        }
      },
      {
        "$type": "DecorationMaster.ItemDef+DefaultItem, DecorationMaster",
        "sceneName": "White_Palace_07",
        "pname": "HK_fly",
        "position": {
          "$type": "DecorationMaster.V2, DecorationMaster",
          "x": 27.5139275,
          "y": 135.73735
        }
      },
      {
        "$type": "DecorationMaster.ItemDef+DefaultItem, DecorationMaster",
        "sceneName": "White_Palace_07",
        "pname": "HK_fly",
        "position": {
          "$type": "DecorationMaster.V2, DecorationMaster",
          "x": 34.3917427,
          "y": 135.689209
        }
      },
      {
        "$type": "DecorationMaster.ItemDef+DefatulResizeItem, DecorationMaster",
        "size": 1.56627524,
        "angle": 90,
        "sceneName": "White_Palace_07",
        "pname": "white_thorn",
        "position": {
          "$type": "DecorationMaster.V2, DecorationMaster",
          "x": 35.6779327,
          "y": 133.6496
        }
      },
      {
        "$type": "DecorationMaster.ItemDef+DefatulResizeItem, DecorationMaster",
        "size": 1.0,
        "angle": 90,
        "sceneName": "White_Palace_07",
        "pname": "white_spike",
        "position": {
          "$type": "DecorationMaster.V2, DecorationMaster",
          "x": 32.66847,
          "y": 138.868561
        }
      },
      {
        "$type": "DecorationMaster.ItemDef+DefatulResizeItem, DecorationMaster",
        "size": 1.0,
        "angle": 270,
        "sceneName": "White_Palace_07",
        "pname": "white_spike",
        "position": {
          "$type": "DecorationMaster.V2, DecorationMaster",
          "x": 29.3831539,
          "y": 138.8386
        }
      },
      {
        "$type": "DecorationMaster.ItemDef+DefatulResizeItem, DecorationMaster",
        "size": 2.0,
        "angle": 0,
        "sceneName": "White_Palace_07",
        "pname": "white_thorn",
        "position": {
          "$type": "DecorationMaster.V2, DecorationMaster",
          "x": 34.9115,
          "y": 79.70407
        }
      },
      {
        "$type": "DecorationMaster.ItemDef+DefatulResizeItem, DecorationMaster",
        "size": 2.0,
        "angle": 0,
        "sceneName": "White_Palace_07",
        "pname": "white_thorn",
        "position": {
          "$type": "DecorationMaster.V2, DecorationMaster",
          "x": 44.0001068,
          "y": 80.08505
        }
      },
      {
        "$type": "DecorationMaster.ItemDef+DefatulResizeItem, DecorationMaster",
        "size": 2.0,
        "angle": 180,
        "sceneName": "White_Palace_07",
        "pname": "white_thorn",
        "position": {
          "$type": "DecorationMaster.V2, DecorationMaster",
          "x": 43.9545059,
          "y": 77.40221
        }
      },
      {
        "$type": "DecorationMaster.ItemDef+DefatulResizeItem, DecorationMaster",
        "size": 2.0,
        "angle": 180,
        "sceneName": "White_Palace_07",
        "pname": "white_thorn",
        "position": {
          "$type": "DecorationMaster.V2, DecorationMaster",
          "x": 34.68982,
          "y": 77.14726
        }
      },
      {
        "$type": "DecorationMaster.ItemDef+SawItem, DecorationMaster",
        "span": 3,
        "speed": 0,
        "pitch": 1.0,
        "volume": 1.0,
        "Center": {
          "$type": "DecorationMaster.V2, DecorationMaster",
          "x": 68.03877,
          "y": 97.5859146
        },
        "offset": 0,
        "size": 1.0,
        "angle": 0,
        "sceneName": "White_Palace_07",
        "pname": "HK_saw",
        "position": {
          "$type": "DecorationMaster.V2, DecorationMaster",
          "x": 68.03877,
          "y": 97.5859146
        }
      },
      {
        "$type": "DecorationMaster.MyBehaviour.DefaultBehaviour+SharedItem, DecorationMaster",
        "size": 1.0,
        "angle": 0,
        "sceneName": "White_Palace_07",
        "pname": "HK_platform_small",
        "position": {
          "$type": "DecorationMaster.V2, DecorationMaster",
          "x": 31.0509377,
          "y": 42.50102
        }
      },
      {
        "$type": "DecorationMaster.ItemDef+SawItem, DecorationMaster",
        "span": 3,
        "speed": 0,
        "pitch": 1.0,
        "volume": 0.0,
        "Center": {
          "$type": "DecorationMaster.V2, DecorationMaster",
          "x": 42.11243,
          "y": 112.995895
        },
        "offset": 0,
        "size": 1.0,
        "angle": 0,
        "sceneName": "White_Palace_07",
        "pname": "HK_saw",
        "position": {
          "$type": "DecorationMaster.V2, DecorationMaster",
          "x": 42.11243,
          "y": 112.995895
        }
      },
      {
        "$type": "DecorationMaster.ItemDef+SawItem, DecorationMaster",
        "span": 2,
        "speed": 8,
        "pitch": 1.0,
        "volume": 0.503355742,
        "Center": {
          "$type": "DecorationMaster.V2, DecorationMaster",
          "x": 35.12262,
          "y": 104.116447
        },
        "offset": 0,
        "size": 0.82,
        "angle": 90,
        "sceneName": "White_Palace_07",
        "pname": "HK_saw",
        "position": {
          "$type": "DecorationMaster.V2, DecorationMaster",
          "x": 35.12262,
          "y": 104.116447
        }
      }
    ]
  }
}